-- MySQL dump 10.13  Distrib 8.1.0, for macos14.0 (arm64)
--
-- Host: localhost    Database: hasa
-- ------------------------------------------------------
-- Server version	8.1.0

/*!40101 SET @OLD_CHARACTER_SET_CLIENT=@@CHARACTER_SET_CLIENT */;
/*!40101 SET @OLD_CHARACTER_SET_RESULTS=@@CHARACTER_SET_RESULTS */;
/*!40101 SET @OLD_COLLATION_CONNECTION=@@COLLATION_CONNECTION */;
/*!50503 SET NAMES utf8mb4 */;
/*!40103 SET @OLD_TIME_ZONE=@@TIME_ZONE */;
/*!40103 SET TIME_ZONE='+00:00' */;
/*!40014 SET @OLD_UNIQUE_CHECKS=@@UNIQUE_CHECKS, UNIQUE_CHECKS=0 */;
/*!40014 SET @OLD_FOREIGN_KEY_CHECKS=@@FOREIGN_KEY_CHECKS, FOREIGN_KEY_CHECKS=0 */;
/*!40101 SET @OLD_SQL_MODE=@@SQL_MODE, SQL_MODE='NO_AUTO_VALUE_ON_ZERO' */;
/*!40111 SET @OLD_SQL_NOTES=@@SQL_NOTES, SQL_NOTES=0 */;

--
-- Table structure for table `activations`
--

DROP TABLE IF EXISTS `activations`;
/*!40101 SET @saved_cs_client     = @@character_set_client */;
/*!50503 SET character_set_client = utf8mb4 */;
CREATE TABLE `activations` (
  `id` bigint unsigned NOT NULL AUTO_INCREMENT,
  `user_id` bigint unsigned NOT NULL,
  `code` varchar(120) COLLATE utf8mb4_unicode_ci NOT NULL,
  `completed` tinyint(1) NOT NULL DEFAULT '0',
  `completed_at` timestamp NULL DEFAULT NULL,
  `created_at` timestamp NULL DEFAULT NULL,
  `updated_at` timestamp NULL DEFAULT NULL,
  PRIMARY KEY (`id`),
  KEY `activations_user_id_index` (`user_id`)
) ENGINE=InnoDB AUTO_INCREMENT=3 DEFAULT CHARSET=utf8mb4 COLLATE=utf8mb4_unicode_ci;
/*!40101 SET character_set_client = @saved_cs_client */;

--
-- Dumping data for table `activations`
--

LOCK TABLES `activations` WRITE;
/*!40000 ALTER TABLE `activations` DISABLE KEYS */;
INSERT INTO `activations` VALUES (1,1,'PcboQLqlCyX1w8pbj2r9MdvyfbhVKXFI',1,'2023-11-15 03:06:00','2023-11-15 03:06:00','2023-11-15 03:06:00'),(2,2,'flFSaDVvDuAYnH9AHkueXZGRFtaqY0cB',1,'2023-11-15 03:06:00','2023-11-15 03:06:00','2023-11-15 03:06:00');
/*!40000 ALTER TABLE `activations` ENABLE KEYS */;
UNLOCK TABLES;

--
-- Table structure for table `admin_notifications`
--

DROP TABLE IF EXISTS `admin_notifications`;
/*!40101 SET @saved_cs_client     = @@character_set_client */;
/*!50503 SET character_set_client = utf8mb4 */;
CREATE TABLE `admin_notifications` (
  `id` bigint unsigned NOT NULL AUTO_INCREMENT,
  `title` varchar(255) COLLATE utf8mb4_unicode_ci NOT NULL,
  `action_label` varchar(191) COLLATE utf8mb4_unicode_ci DEFAULT NULL,
  `action_url` varchar(191) COLLATE utf8mb4_unicode_ci DEFAULT NULL,
  `description` varchar(400) COLLATE utf8mb4_unicode_ci NOT NULL,
  `read_at` timestamp NULL DEFAULT NULL,
  `created_at` timestamp NULL DEFAULT NULL,
  `updated_at` timestamp NULL DEFAULT NULL,
  `permission` varchar(191) COLLATE utf8mb4_unicode_ci DEFAULT NULL,
  PRIMARY KEY (`id`)
) ENGINE=InnoDB DEFAULT CHARSET=utf8mb4 COLLATE=utf8mb4_unicode_ci;
/*!40101 SET character_set_client = @saved_cs_client */;

--
-- Dumping data for table `admin_notifications`
--

LOCK TABLES `admin_notifications` WRITE;
/*!40000 ALTER TABLE `admin_notifications` DISABLE KEYS */;
/*!40000 ALTER TABLE `admin_notifications` ENABLE KEYS */;
UNLOCK TABLES;

--
-- Table structure for table `audit_histories`
--

DROP TABLE IF EXISTS `audit_histories`;
/*!40101 SET @saved_cs_client     = @@character_set_client */;
/*!50503 SET character_set_client = utf8mb4 */;
CREATE TABLE `audit_histories` (
  `id` bigint unsigned NOT NULL AUTO_INCREMENT,
  `user_id` bigint unsigned NOT NULL,
  `module` varchar(60) COLLATE utf8mb4_unicode_ci NOT NULL,
  `request` longtext COLLATE utf8mb4_unicode_ci,
  `action` varchar(120) COLLATE utf8mb4_unicode_ci NOT NULL,
  `user_agent` text COLLATE utf8mb4_unicode_ci,
  `ip_address` varchar(39) COLLATE utf8mb4_unicode_ci DEFAULT NULL,
  `reference_user` bigint unsigned NOT NULL,
  `reference_id` bigint unsigned NOT NULL,
  `reference_name` varchar(255) COLLATE utf8mb4_unicode_ci NOT NULL,
  `type` varchar(20) COLLATE utf8mb4_unicode_ci NOT NULL,
  `created_at` timestamp NULL DEFAULT NULL,
  `updated_at` timestamp NULL DEFAULT NULL,
  PRIMARY KEY (`id`),
  KEY `audit_histories_user_id_index` (`user_id`),
  KEY `audit_histories_module_index` (`module`)
) ENGINE=InnoDB DEFAULT CHARSET=utf8mb4 COLLATE=utf8mb4_unicode_ci;
/*!40101 SET character_set_client = @saved_cs_client */;

--
-- Dumping data for table `audit_histories`
--

LOCK TABLES `audit_histories` WRITE;
/*!40000 ALTER TABLE `audit_histories` DISABLE KEYS */;
/*!40000 ALTER TABLE `audit_histories` ENABLE KEYS */;
UNLOCK TABLES;

--
-- Table structure for table `categories`
--

DROP TABLE IF EXISTS `categories`;
/*!40101 SET @saved_cs_client     = @@character_set_client */;
/*!50503 SET character_set_client = utf8mb4 */;
CREATE TABLE `categories` (
  `id` bigint unsigned NOT NULL AUTO_INCREMENT,
  `name` varchar(120) COLLATE utf8mb4_unicode_ci NOT NULL,
  `parent_id` bigint unsigned NOT NULL DEFAULT '0',
  `description` varchar(400) COLLATE utf8mb4_unicode_ci DEFAULT NULL,
  `status` varchar(60) COLLATE utf8mb4_unicode_ci NOT NULL DEFAULT 'published',
  `author_id` bigint unsigned DEFAULT NULL,
  `author_type` varchar(255) COLLATE utf8mb4_unicode_ci NOT NULL DEFAULT 'Botble\\ACL\\Models\\User',
  `icon` varchar(60) COLLATE utf8mb4_unicode_ci DEFAULT NULL,
  `order` tinyint NOT NULL DEFAULT '0',
  `is_featured` tinyint NOT NULL DEFAULT '0',
  `is_default` tinyint unsigned NOT NULL DEFAULT '0',
  `created_at` timestamp NULL DEFAULT NULL,
  `updated_at` timestamp NULL DEFAULT NULL,
  PRIMARY KEY (`id`),
  KEY `categories_parent_id_index` (`parent_id`),
  KEY `categories_status_index` (`status`),
  KEY `categories_created_at_index` (`created_at`)
) ENGINE=InnoDB AUTO_INCREMENT=5 DEFAULT CHARSET=utf8mb4 COLLATE=utf8mb4_unicode_ci;
/*!40101 SET character_set_client = @saved_cs_client */;

--
-- Dumping data for table `categories`
--

LOCK TABLES `categories` WRITE;
/*!40000 ALTER TABLE `categories` DISABLE KEYS */;
INSERT INTO `categories` VALUES (1,'Ecommerce',0,'Nemo voluptatem autem consectetur fugit qui adipisci repellat. Qui assumenda inventore dolores velit et eveniet consectetur. Hic quasi aperiam minus placeat. Sit ut assumenda eius magnam sit.','published',2,'Botble\\ACL\\Models\\User',NULL,0,0,1,'2023-11-15 03:06:00','2023-11-15 03:06:00'),(2,'Fashion',0,'Praesentium rerum velit est non veniam. Doloribus et voluptas blanditiis quod.','published',2,'Botble\\ACL\\Models\\User',NULL,0,1,0,'2023-11-15 03:06:00','2023-11-15 03:06:00'),(3,'Electronic',0,'Ut ab accusantium ut consequatur. Nisi sed quasi veniam similique accusamus. Perferendis explicabo ut quia nihil voluptatem. Placeat beatae repudiandae atque placeat ipsum enim.','published',2,'Botble\\ACL\\Models\\User',NULL,0,1,0,'2023-11-15 03:06:00','2023-11-15 03:06:00'),(4,'Commercial',0,'Iure vel officiis ut sequi ea odit rerum blanditiis. Rem est autem magnam. Aliquid qui possimus autem. Ducimus ducimus odit beatae blanditiis minus ipsum sed.','published',2,'Botble\\ACL\\Models\\User',NULL,0,1,0,'2023-11-15 03:06:00','2023-11-15 03:06:00');
/*!40000 ALTER TABLE `categories` ENABLE KEYS */;
UNLOCK TABLES;

--
-- Table structure for table `categories_translations`
--

DROP TABLE IF EXISTS `categories_translations`;
/*!40101 SET @saved_cs_client     = @@character_set_client */;
/*!50503 SET character_set_client = utf8mb4 */;
CREATE TABLE `categories_translations` (
  `lang_code` varchar(20) COLLATE utf8mb4_unicode_ci NOT NULL,
  `categories_id` bigint unsigned NOT NULL,
  `name` varchar(255) COLLATE utf8mb4_unicode_ci DEFAULT NULL,
  `description` varchar(400) COLLATE utf8mb4_unicode_ci DEFAULT NULL,
  PRIMARY KEY (`lang_code`,`categories_id`)
) ENGINE=InnoDB DEFAULT CHARSET=utf8mb4 COLLATE=utf8mb4_unicode_ci;
/*!40101 SET character_set_client = @saved_cs_client */;

--
-- Dumping data for table `categories_translations`
--

LOCK TABLES `categories_translations` WRITE;
/*!40000 ALTER TABLE `categories_translations` DISABLE KEYS */;
/*!40000 ALTER TABLE `categories_translations` ENABLE KEYS */;
UNLOCK TABLES;

--
-- Table structure for table `cities`
--

DROP TABLE IF EXISTS `cities`;
/*!40101 SET @saved_cs_client     = @@character_set_client */;
/*!50503 SET character_set_client = utf8mb4 */;
CREATE TABLE `cities` (
  `id` bigint unsigned NOT NULL AUTO_INCREMENT,
  `name` varchar(120) COLLATE utf8mb4_unicode_ci NOT NULL,
  `slug` varchar(120) COLLATE utf8mb4_unicode_ci DEFAULT NULL,
  `state_id` bigint unsigned DEFAULT NULL,
  `country_id` bigint unsigned DEFAULT NULL,
  `record_id` varchar(40) COLLATE utf8mb4_unicode_ci DEFAULT NULL,
  `order` tinyint NOT NULL DEFAULT '0',
  `image` varchar(255) COLLATE utf8mb4_unicode_ci DEFAULT NULL,
  `is_default` tinyint unsigned NOT NULL DEFAULT '0',
  `status` varchar(60) COLLATE utf8mb4_unicode_ci NOT NULL DEFAULT 'published',
  `created_at` timestamp NULL DEFAULT NULL,
  `updated_at` timestamp NULL DEFAULT NULL,
  PRIMARY KEY (`id`),
  UNIQUE KEY `cities_slug_unique` (`slug`)
) ENGINE=InnoDB DEFAULT CHARSET=utf8mb4 COLLATE=utf8mb4_unicode_ci;
/*!40101 SET character_set_client = @saved_cs_client */;

--
-- Dumping data for table `cities`
--

LOCK TABLES `cities` WRITE;
/*!40000 ALTER TABLE `cities` DISABLE KEYS */;
/*!40000 ALTER TABLE `cities` ENABLE KEYS */;
UNLOCK TABLES;

--
-- Table structure for table `cities_translations`
--

DROP TABLE IF EXISTS `cities_translations`;
/*!40101 SET @saved_cs_client     = @@character_set_client */;
/*!50503 SET character_set_client = utf8mb4 */;
CREATE TABLE `cities_translations` (
  `lang_code` varchar(20) COLLATE utf8mb4_unicode_ci NOT NULL,
  `cities_id` bigint unsigned NOT NULL,
  `name` varchar(120) COLLATE utf8mb4_unicode_ci DEFAULT NULL,
  `slug` varchar(120) COLLATE utf8mb4_unicode_ci DEFAULT NULL,
  PRIMARY KEY (`lang_code`,`cities_id`)
) ENGINE=InnoDB DEFAULT CHARSET=utf8mb4 COLLATE=utf8mb4_unicode_ci;
/*!40101 SET character_set_client = @saved_cs_client */;

--
-- Dumping data for table `cities_translations`
--

LOCK TABLES `cities_translations` WRITE;
/*!40000 ALTER TABLE `cities_translations` DISABLE KEYS */;
/*!40000 ALTER TABLE `cities_translations` ENABLE KEYS */;
UNLOCK TABLES;

--
-- Table structure for table `contact_replies`
--

DROP TABLE IF EXISTS `contact_replies`;
/*!40101 SET @saved_cs_client     = @@character_set_client */;
/*!50503 SET character_set_client = utf8mb4 */;
CREATE TABLE `contact_replies` (
  `id` bigint unsigned NOT NULL AUTO_INCREMENT,
  `message` longtext COLLATE utf8mb4_unicode_ci NOT NULL,
  `contact_id` bigint unsigned NOT NULL,
  `created_at` timestamp NULL DEFAULT NULL,
  `updated_at` timestamp NULL DEFAULT NULL,
  PRIMARY KEY (`id`)
) ENGINE=InnoDB DEFAULT CHARSET=utf8mb4 COLLATE=utf8mb4_unicode_ci;
/*!40101 SET character_set_client = @saved_cs_client */;

--
-- Dumping data for table `contact_replies`
--

LOCK TABLES `contact_replies` WRITE;
/*!40000 ALTER TABLE `contact_replies` DISABLE KEYS */;
/*!40000 ALTER TABLE `contact_replies` ENABLE KEYS */;
UNLOCK TABLES;

--
-- Table structure for table `contacts`
--

DROP TABLE IF EXISTS `contacts`;
/*!40101 SET @saved_cs_client     = @@character_set_client */;
/*!50503 SET character_set_client = utf8mb4 */;
CREATE TABLE `contacts` (
  `id` bigint unsigned NOT NULL AUTO_INCREMENT,
  `name` varchar(60) COLLATE utf8mb4_unicode_ci NOT NULL,
  `email` varchar(60) COLLATE utf8mb4_unicode_ci NOT NULL,
  `phone` varchar(60) COLLATE utf8mb4_unicode_ci DEFAULT NULL,
  `address` varchar(120) COLLATE utf8mb4_unicode_ci DEFAULT NULL,
  `subject` varchar(120) COLLATE utf8mb4_unicode_ci DEFAULT NULL,
  `content` longtext COLLATE utf8mb4_unicode_ci NOT NULL,
  `status` varchar(60) COLLATE utf8mb4_unicode_ci NOT NULL DEFAULT 'unread',
  `created_at` timestamp NULL DEFAULT NULL,
  `updated_at` timestamp NULL DEFAULT NULL,
  PRIMARY KEY (`id`)
) ENGINE=InnoDB DEFAULT CHARSET=utf8mb4 COLLATE=utf8mb4_unicode_ci;
/*!40101 SET character_set_client = @saved_cs_client */;

--
-- Dumping data for table `contacts`
--

LOCK TABLES `contacts` WRITE;
/*!40000 ALTER TABLE `contacts` DISABLE KEYS */;
/*!40000 ALTER TABLE `contacts` ENABLE KEYS */;
UNLOCK TABLES;

--
-- Table structure for table `countries`
--

DROP TABLE IF EXISTS `countries`;
/*!40101 SET @saved_cs_client     = @@character_set_client */;
/*!50503 SET character_set_client = utf8mb4 */;
CREATE TABLE `countries` (
  `id` bigint unsigned NOT NULL AUTO_INCREMENT,
  `name` varchar(120) COLLATE utf8mb4_unicode_ci NOT NULL,
  `nationality` varchar(120) COLLATE utf8mb4_unicode_ci DEFAULT NULL,
  `order` tinyint NOT NULL DEFAULT '0',
  `is_default` tinyint unsigned NOT NULL DEFAULT '0',
  `status` varchar(60) COLLATE utf8mb4_unicode_ci NOT NULL DEFAULT 'published',
  `created_at` timestamp NULL DEFAULT NULL,
  `updated_at` timestamp NULL DEFAULT NULL,
  `code` varchar(10) COLLATE utf8mb4_unicode_ci DEFAULT NULL,
  PRIMARY KEY (`id`)
) ENGINE=InnoDB DEFAULT CHARSET=utf8mb4 COLLATE=utf8mb4_unicode_ci;
/*!40101 SET character_set_client = @saved_cs_client */;

--
-- Dumping data for table `countries`
--

LOCK TABLES `countries` WRITE;
/*!40000 ALTER TABLE `countries` DISABLE KEYS */;
/*!40000 ALTER TABLE `countries` ENABLE KEYS */;
UNLOCK TABLES;

--
-- Table structure for table `countries_translations`
--

DROP TABLE IF EXISTS `countries_translations`;
/*!40101 SET @saved_cs_client     = @@character_set_client */;
/*!50503 SET character_set_client = utf8mb4 */;
CREATE TABLE `countries_translations` (
  `lang_code` varchar(20) COLLATE utf8mb4_unicode_ci NOT NULL,
  `countries_id` bigint unsigned NOT NULL,
  `name` varchar(120) COLLATE utf8mb4_unicode_ci DEFAULT NULL,
  `nationality` varchar(120) COLLATE utf8mb4_unicode_ci DEFAULT NULL,
  PRIMARY KEY (`lang_code`,`countries_id`)
) ENGINE=InnoDB DEFAULT CHARSET=utf8mb4 COLLATE=utf8mb4_unicode_ci;
/*!40101 SET character_set_client = @saved_cs_client */;

--
-- Dumping data for table `countries_translations`
--

LOCK TABLES `countries_translations` WRITE;
/*!40000 ALTER TABLE `countries_translations` DISABLE KEYS */;
/*!40000 ALTER TABLE `countries_translations` ENABLE KEYS */;
UNLOCK TABLES;

--
-- Table structure for table `dashboard_widget_settings`
--

DROP TABLE IF EXISTS `dashboard_widget_settings`;
/*!40101 SET @saved_cs_client     = @@character_set_client */;
/*!50503 SET character_set_client = utf8mb4 */;
CREATE TABLE `dashboard_widget_settings` (
  `id` bigint unsigned NOT NULL AUTO_INCREMENT,
  `settings` text COLLATE utf8mb4_unicode_ci,
  `user_id` bigint unsigned NOT NULL,
  `widget_id` bigint unsigned NOT NULL,
  `order` tinyint unsigned NOT NULL DEFAULT '0',
  `status` tinyint unsigned NOT NULL DEFAULT '1',
  `created_at` timestamp NULL DEFAULT NULL,
  `updated_at` timestamp NULL DEFAULT NULL,
  PRIMARY KEY (`id`),
  KEY `dashboard_widget_settings_user_id_index` (`user_id`),
  KEY `dashboard_widget_settings_widget_id_index` (`widget_id`)
) ENGINE=InnoDB DEFAULT CHARSET=utf8mb4 COLLATE=utf8mb4_unicode_ci;
/*!40101 SET character_set_client = @saved_cs_client */;

--
-- Dumping data for table `dashboard_widget_settings`
--

LOCK TABLES `dashboard_widget_settings` WRITE;
/*!40000 ALTER TABLE `dashboard_widget_settings` DISABLE KEYS */;
/*!40000 ALTER TABLE `dashboard_widget_settings` ENABLE KEYS */;
UNLOCK TABLES;

--
-- Table structure for table `dashboard_widgets`
--

DROP TABLE IF EXISTS `dashboard_widgets`;
/*!40101 SET @saved_cs_client     = @@character_set_client */;
/*!50503 SET character_set_client = utf8mb4 */;
CREATE TABLE `dashboard_widgets` (
  `id` bigint unsigned NOT NULL AUTO_INCREMENT,
  `name` varchar(120) COLLATE utf8mb4_unicode_ci NOT NULL,
  `created_at` timestamp NULL DEFAULT NULL,
  `updated_at` timestamp NULL DEFAULT NULL,
  PRIMARY KEY (`id`)
) ENGINE=InnoDB DEFAULT CHARSET=utf8mb4 COLLATE=utf8mb4_unicode_ci;
/*!40101 SET character_set_client = @saved_cs_client */;

--
-- Dumping data for table `dashboard_widgets`
--

LOCK TABLES `dashboard_widgets` WRITE;
/*!40000 ALTER TABLE `dashboard_widgets` DISABLE KEYS */;
/*!40000 ALTER TABLE `dashboard_widgets` ENABLE KEYS */;
UNLOCK TABLES;

--
-- Table structure for table `ec_brands`
--

DROP TABLE IF EXISTS `ec_brands`;
/*!40101 SET @saved_cs_client     = @@character_set_client */;
/*!50503 SET character_set_client = utf8mb4 */;
CREATE TABLE `ec_brands` (
  `id` bigint unsigned NOT NULL AUTO_INCREMENT,
  `name` varchar(255) COLLATE utf8mb4_unicode_ci NOT NULL,
  `description` mediumtext COLLATE utf8mb4_unicode_ci,
  `website` varchar(255) COLLATE utf8mb4_unicode_ci DEFAULT NULL,
  `logo` varchar(255) COLLATE utf8mb4_unicode_ci DEFAULT NULL,
  `status` varchar(60) COLLATE utf8mb4_unicode_ci NOT NULL DEFAULT 'published',
  `order` tinyint unsigned NOT NULL DEFAULT '0',
  `is_featured` tinyint unsigned NOT NULL DEFAULT '0',
  `created_at` timestamp NULL DEFAULT NULL,
  `updated_at` timestamp NULL DEFAULT NULL,
  PRIMARY KEY (`id`)
) ENGINE=InnoDB AUTO_INCREMENT=8 DEFAULT CHARSET=utf8mb4 COLLATE=utf8mb4_unicode_ci;
/*!40101 SET character_set_client = @saved_cs_client */;

--
-- Dumping data for table `ec_brands`
--

LOCK TABLES `ec_brands` WRITE;
/*!40000 ALTER TABLE `ec_brands` DISABLE KEYS */;
INSERT INTO `ec_brands` VALUES (1,'Fashion live',NULL,NULL,'brands/1.png','published',0,1,'2023-11-15 03:05:51','2023-11-15 03:05:51'),(2,'Hand crafted',NULL,NULL,'brands/2.png','published',1,1,'2023-11-15 03:05:51','2023-11-15 03:05:51'),(3,'Mestonix',NULL,NULL,'brands/3.png','published',2,1,'2023-11-15 03:05:51','2023-11-15 03:05:51'),(4,'Sunshine',NULL,NULL,'brands/4.png','published',3,1,'2023-11-15 03:05:51','2023-11-15 03:05:51'),(5,'Pure',NULL,NULL,'brands/5.png','published',4,1,'2023-11-15 03:05:51','2023-11-15 03:05:51'),(6,'Anfold',NULL,NULL,'brands/6.png','published',5,1,'2023-11-15 03:05:51','2023-11-15 03:05:51'),(7,'Automotive',NULL,NULL,'brands/7.png','published',6,1,'2023-11-15 03:05:51','2023-11-15 03:05:51');
/*!40000 ALTER TABLE `ec_brands` ENABLE KEYS */;
UNLOCK TABLES;

--
-- Table structure for table `ec_brands_translations`
--

DROP TABLE IF EXISTS `ec_brands_translations`;
/*!40101 SET @saved_cs_client     = @@character_set_client */;
/*!50503 SET character_set_client = utf8mb4 */;
CREATE TABLE `ec_brands_translations` (
  `lang_code` varchar(20) COLLATE utf8mb4_unicode_ci NOT NULL,
  `ec_brands_id` bigint unsigned NOT NULL,
  `name` varchar(255) COLLATE utf8mb4_unicode_ci DEFAULT NULL,
  `description` varchar(400) COLLATE utf8mb4_unicode_ci DEFAULT NULL,
  PRIMARY KEY (`lang_code`,`ec_brands_id`)
) ENGINE=InnoDB DEFAULT CHARSET=utf8mb4 COLLATE=utf8mb4_unicode_ci;
/*!40101 SET character_set_client = @saved_cs_client */;

--
-- Dumping data for table `ec_brands_translations`
--

LOCK TABLES `ec_brands_translations` WRITE;
/*!40000 ALTER TABLE `ec_brands_translations` DISABLE KEYS */;
/*!40000 ALTER TABLE `ec_brands_translations` ENABLE KEYS */;
UNLOCK TABLES;

--
-- Table structure for table `ec_cart`
--

DROP TABLE IF EXISTS `ec_cart`;
/*!40101 SET @saved_cs_client     = @@character_set_client */;
/*!50503 SET character_set_client = utf8mb4 */;
CREATE TABLE `ec_cart` (
  `identifier` varchar(60) COLLATE utf8mb4_unicode_ci NOT NULL,
  `instance` varchar(60) COLLATE utf8mb4_unicode_ci NOT NULL,
  `content` longtext COLLATE utf8mb4_unicode_ci NOT NULL,
  `created_at` timestamp NULL DEFAULT NULL,
  `updated_at` timestamp NULL DEFAULT NULL,
  PRIMARY KEY (`identifier`,`instance`)
) ENGINE=InnoDB DEFAULT CHARSET=utf8mb4 COLLATE=utf8mb4_unicode_ci;
/*!40101 SET character_set_client = @saved_cs_client */;

--
-- Dumping data for table `ec_cart`
--

LOCK TABLES `ec_cart` WRITE;
/*!40000 ALTER TABLE `ec_cart` DISABLE KEYS */;
/*!40000 ALTER TABLE `ec_cart` ENABLE KEYS */;
UNLOCK TABLES;

--
-- Table structure for table `ec_currencies`
--

DROP TABLE IF EXISTS `ec_currencies`;
/*!40101 SET @saved_cs_client     = @@character_set_client */;
/*!50503 SET character_set_client = utf8mb4 */;
CREATE TABLE `ec_currencies` (
  `id` bigint unsigned NOT NULL AUTO_INCREMENT,
  `title` varchar(120) COLLATE utf8mb4_unicode_ci NOT NULL,
  `symbol` varchar(10) COLLATE utf8mb4_unicode_ci NOT NULL,
  `is_prefix_symbol` tinyint unsigned NOT NULL DEFAULT '0',
  `decimals` tinyint unsigned DEFAULT '0',
  `order` int unsigned DEFAULT '0',
  `is_default` tinyint NOT NULL DEFAULT '0',
  `exchange_rate` double NOT NULL DEFAULT '1',
  `created_at` timestamp NULL DEFAULT NULL,
  `updated_at` timestamp NULL DEFAULT NULL,
  PRIMARY KEY (`id`)
) ENGINE=InnoDB AUTO_INCREMENT=4 DEFAULT CHARSET=utf8mb4 COLLATE=utf8mb4_unicode_ci;
/*!40101 SET character_set_client = @saved_cs_client */;

--
-- Dumping data for table `ec_currencies`
--

LOCK TABLES `ec_currencies` WRITE;
/*!40000 ALTER TABLE `ec_currencies` DISABLE KEYS */;
INSERT INTO `ec_currencies` VALUES (1,'USD','$',1,2,0,1,1,'2023-11-15 03:05:51','2023-11-15 03:05:51'),(2,'EUR','€',0,2,1,0,0.84,'2023-11-15 03:05:51','2023-11-15 03:05:51'),(3,'VND','₫',0,0,2,0,23203,'2023-11-15 03:05:51','2023-11-15 03:05:51');
/*!40000 ALTER TABLE `ec_currencies` ENABLE KEYS */;
UNLOCK TABLES;

--
-- Table structure for table `ec_customer_addresses`
--

DROP TABLE IF EXISTS `ec_customer_addresses`;
/*!40101 SET @saved_cs_client     = @@character_set_client */;
/*!50503 SET character_set_client = utf8mb4 */;
CREATE TABLE `ec_customer_addresses` (
  `id` bigint unsigned NOT NULL AUTO_INCREMENT,
  `name` varchar(255) COLLATE utf8mb4_unicode_ci NOT NULL,
  `email` varchar(60) COLLATE utf8mb4_unicode_ci DEFAULT NULL,
  `phone` varchar(20) COLLATE utf8mb4_unicode_ci DEFAULT NULL,
  `country` varchar(120) COLLATE utf8mb4_unicode_ci DEFAULT NULL,
  `state` varchar(120) COLLATE utf8mb4_unicode_ci DEFAULT NULL,
  `city` varchar(120) COLLATE utf8mb4_unicode_ci DEFAULT NULL,
  `address` varchar(255) COLLATE utf8mb4_unicode_ci DEFAULT NULL,
  `customer_id` bigint unsigned NOT NULL,
  `is_default` tinyint unsigned NOT NULL DEFAULT '0',
  `created_at` timestamp NULL DEFAULT NULL,
  `updated_at` timestamp NULL DEFAULT NULL,
  `zip_code` varchar(20) COLLATE utf8mb4_unicode_ci DEFAULT NULL,
  PRIMARY KEY (`id`)
) ENGINE=InnoDB AUTO_INCREMENT=13 DEFAULT CHARSET=utf8mb4 COLLATE=utf8mb4_unicode_ci;
/*!40101 SET character_set_client = @saved_cs_client */;

--
-- Dumping data for table `ec_customer_addresses`
--

LOCK TABLES `ec_customer_addresses` WRITE;
/*!40000 ALTER TABLE `ec_customer_addresses` DISABLE KEYS */;
INSERT INTO `ec_customer_addresses` VALUES (1,'Reymundo Schinner','customer@botble.com','+13206733612','GL','Oregon','Laurianneport','210 Connelly Stream Apt. 972',1,1,'2023-11-15 03:05:55','2023-11-15 03:05:55','86920'),(2,'Reymundo Schinner','customer@botble.com','+19293105451','CV','Oregon','Gerardside','24428 Bertram Branch',1,0,'2023-11-15 03:05:55','2023-11-15 03:05:55','37738-1745'),(3,'Clotilde Pfannerstill','john.smith@botble.com','+13609120308','WS','District of Columbia','Mikelland','9614 Zackary Parks Suite 872',2,1,'2023-11-15 03:05:55','2023-11-15 03:05:55','40894'),(4,'Clotilde Pfannerstill','john.smith@botble.com','+14584561332','EG','South Carolina','Celestineberg','6708 Ulises Club Apt. 610',2,0,'2023-11-15 03:05:55','2023-11-15 03:05:55','95480-8802'),(5,'Prof. Hulda Zemlak','brekke.stefan@example.com','+16059002474','HT','North Dakota','North Rhodashire','99743 Ceasar Highway Apt. 576',3,1,'2023-11-15 03:05:56','2023-11-15 03:05:56','57383-1404'),(6,'Jalyn Schuster','njacobson@example.com','+19305230182','KG','South Carolina','Abbyborough','32348 Pagac Crescent',4,1,'2023-11-15 03:05:56','2023-11-15 03:05:56','24199-8231'),(7,'Billie Schmitt','tzemlak@example.com','+15204704718','UA','Utah','North Dayana','210 Cummerata Lights',5,1,'2023-11-15 03:05:56','2023-11-15 03:05:56','22257-6433'),(8,'Nellie Jacobs','gabriel.wintheiser@example.org','+18439169449','LT','North Carolina','Blicktown','9262 Morar Turnpike Suite 369',6,1,'2023-11-15 03:05:56','2023-11-15 03:05:56','23253-5898'),(9,'Modesta Bednar','denesik.travis@example.org','+16507750280','BR','Idaho','Smithamborough','3733 Franecki Ridges Suite 726',7,1,'2023-11-15 03:05:57','2023-11-15 03:05:57','54414'),(10,'Mr. Jeramy Leffler','theo32@example.org','+15123055290','KN','Wisconsin','Demetriusmouth','10511 Maia Way Suite 928',8,1,'2023-11-15 03:05:57','2023-11-15 03:05:57','80398-4935'),(11,'Horacio Lockman','clementina54@example.net','+19783511621','PT','South Carolina','Lynchhaven','42792 Wallace Fork Suite 327',9,1,'2023-11-15 03:05:57','2023-11-15 03:05:57','51956'),(12,'Dr. Toby Koepp','jerrod01@example.com','+18045040350','FI','Ohio','Noreneberg','906 Hilpert Manor',10,1,'2023-11-15 03:05:57','2023-11-15 03:05:57','48662-0573');
/*!40000 ALTER TABLE `ec_customer_addresses` ENABLE KEYS */;
UNLOCK TABLES;

--
-- Table structure for table `ec_customer_password_resets`
--

DROP TABLE IF EXISTS `ec_customer_password_resets`;
/*!40101 SET @saved_cs_client     = @@character_set_client */;
/*!50503 SET character_set_client = utf8mb4 */;
CREATE TABLE `ec_customer_password_resets` (
  `email` varchar(191) COLLATE utf8mb4_unicode_ci NOT NULL,
  `token` varchar(191) COLLATE utf8mb4_unicode_ci NOT NULL,
  `created_at` timestamp NULL DEFAULT NULL,
  KEY `ec_customer_password_resets_email_index` (`email`),
  KEY `ec_customer_password_resets_token_index` (`token`)
) ENGINE=InnoDB DEFAULT CHARSET=utf8mb4 COLLATE=utf8mb4_unicode_ci;
/*!40101 SET character_set_client = @saved_cs_client */;

--
-- Dumping data for table `ec_customer_password_resets`
--

LOCK TABLES `ec_customer_password_resets` WRITE;
/*!40000 ALTER TABLE `ec_customer_password_resets` DISABLE KEYS */;
/*!40000 ALTER TABLE `ec_customer_password_resets` ENABLE KEYS */;
UNLOCK TABLES;

--
-- Table structure for table `ec_customer_recently_viewed_products`
--

DROP TABLE IF EXISTS `ec_customer_recently_viewed_products`;
/*!40101 SET @saved_cs_client     = @@character_set_client */;
/*!50503 SET character_set_client = utf8mb4 */;
CREATE TABLE `ec_customer_recently_viewed_products` (
  `id` bigint unsigned NOT NULL AUTO_INCREMENT,
  `customer_id` bigint unsigned NOT NULL,
  `product_id` bigint unsigned NOT NULL,
  PRIMARY KEY (`id`)
) ENGINE=InnoDB DEFAULT CHARSET=utf8mb4 COLLATE=utf8mb4_unicode_ci;
/*!40101 SET character_set_client = @saved_cs_client */;

--
-- Dumping data for table `ec_customer_recently_viewed_products`
--

LOCK TABLES `ec_customer_recently_viewed_products` WRITE;
/*!40000 ALTER TABLE `ec_customer_recently_viewed_products` DISABLE KEYS */;
/*!40000 ALTER TABLE `ec_customer_recently_viewed_products` ENABLE KEYS */;
UNLOCK TABLES;

--
-- Table structure for table `ec_customer_used_coupons`
--

DROP TABLE IF EXISTS `ec_customer_used_coupons`;
/*!40101 SET @saved_cs_client     = @@character_set_client */;
/*!50503 SET character_set_client = utf8mb4 */;
CREATE TABLE `ec_customer_used_coupons` (
  `discount_id` bigint unsigned NOT NULL,
  `customer_id` bigint unsigned NOT NULL,
  PRIMARY KEY (`discount_id`,`customer_id`)
) ENGINE=InnoDB DEFAULT CHARSET=utf8mb4 COLLATE=utf8mb4_unicode_ci;
/*!40101 SET character_set_client = @saved_cs_client */;

--
-- Dumping data for table `ec_customer_used_coupons`
--

LOCK TABLES `ec_customer_used_coupons` WRITE;
/*!40000 ALTER TABLE `ec_customer_used_coupons` DISABLE KEYS */;
/*!40000 ALTER TABLE `ec_customer_used_coupons` ENABLE KEYS */;
UNLOCK TABLES;

--
-- Table structure for table `ec_customers`
--

DROP TABLE IF EXISTS `ec_customers`;
/*!40101 SET @saved_cs_client     = @@character_set_client */;
/*!50503 SET character_set_client = utf8mb4 */;
CREATE TABLE `ec_customers` (
  `id` bigint unsigned NOT NULL AUTO_INCREMENT,
  `name` varchar(255) COLLATE utf8mb4_unicode_ci NOT NULL,
  `email` varchar(191) COLLATE utf8mb4_unicode_ci NOT NULL,
  `password` varchar(191) COLLATE utf8mb4_unicode_ci NOT NULL,
  `avatar` varchar(255) COLLATE utf8mb4_unicode_ci DEFAULT NULL,
  `dob` date DEFAULT NULL,
  `phone` varchar(20) COLLATE utf8mb4_unicode_ci DEFAULT NULL,
  `remember_token` varchar(100) COLLATE utf8mb4_unicode_ci DEFAULT NULL,
  `created_at` timestamp NULL DEFAULT NULL,
  `updated_at` timestamp NULL DEFAULT NULL,
  `confirmed_at` datetime DEFAULT NULL,
  `email_verify_token` varchar(120) COLLATE utf8mb4_unicode_ci DEFAULT NULL,
  `status` varchar(60) COLLATE utf8mb4_unicode_ci NOT NULL DEFAULT 'activated',
  PRIMARY KEY (`id`),
  UNIQUE KEY `ec_customers_email_unique` (`email`)
) ENGINE=InnoDB AUTO_INCREMENT=11 DEFAULT CHARSET=utf8mb4 COLLATE=utf8mb4_unicode_ci;
/*!40101 SET character_set_client = @saved_cs_client */;

--
-- Dumping data for table `ec_customers`
--

LOCK TABLES `ec_customers` WRITE;
/*!40000 ALTER TABLE `ec_customers` DISABLE KEYS */;
INSERT INTO `ec_customers` VALUES (1,'Reymundo Schinner','customer@botble.com','$2y$12$ByzmpIYV.txC5W1ixvnN/ukSJkjZhWF3HKczksQp.zO2eWiYesE2q','customers/1.jpg','1998-10-29','+14255629510',NULL,'2023-11-15 03:05:55','2023-11-15 03:05:55','2023-11-15 10:05:55',NULL,'activated'),(2,'Clotilde Pfannerstill','john.smith@botble.com','$2y$12$EKTzsI.PHBzDbgUlKvxfVu2pr4BmZ7C/Ty99F9Ll7lDMiVmT6EV1O','customers/7.jpg','1984-11-09','+19174735418',NULL,'2023-11-15 03:05:55','2023-11-15 03:05:55','2023-11-15 10:05:55',NULL,'activated'),(3,'Prof. Hulda Zemlak','brekke.stefan@example.com','$2y$12$poC7FEjtbymF1sVWUtpphuDlLo6OgHrovyrVu6WcO0DDBZbRa1wMW','customers/1.jpg','1976-10-30','+16808529012',NULL,'2023-11-15 03:05:56','2023-11-15 03:05:56','2023-11-15 10:05:56',NULL,'activated'),(4,'Jalyn Schuster','njacobson@example.com','$2y$12$8dyoMRHfFf6FJKXH1lCvNetYTr95Cr2J0e23T0/YRz2cbXJCepDJe','customers/2.jpg','1975-11-10','+16819203464',NULL,'2023-11-15 03:05:56','2023-11-15 03:05:56','2023-11-15 10:05:56',NULL,'activated'),(5,'Billie Schmitt','tzemlak@example.com','$2y$12$1QeGu5zV7kgI7vdNdxrHp.7aRS5fO1DOr6BPOm1xyPRvbPuz1QUNC','customers/3.jpg','1981-10-31','+13148075657',NULL,'2023-11-15 03:05:56','2023-11-15 03:05:56','2023-11-15 10:05:56',NULL,'activated'),(6,'Nellie Jacobs','gabriel.wintheiser@example.org','$2y$12$AcgRS0V1/hQjj2NB7t8DK.MvCW8mGKbKlnakDM7149N23Pf2aETMa','customers/4.jpg','1976-10-19','+18325015968',NULL,'2023-11-15 03:05:56','2023-11-15 03:05:56','2023-11-15 10:05:56',NULL,'activated'),(7,'Modesta Bednar','denesik.travis@example.org','$2y$12$8QDCYrx5dsfqnjblEMbdmeHeBnYcn1iNZN8fGvFU3xVwJqJTz2Xcm','customers/5.jpg','1985-11-10','+12602298911',NULL,'2023-11-15 03:05:57','2023-11-15 03:05:57','2023-11-15 10:05:57',NULL,'activated'),(8,'Mr. Jeramy Leffler','theo32@example.org','$2y$12$nyQMIyx2LW/XGJ.a0R1HOOTGsFhu627510yBT161xbbzgw/z/ct52','customers/6.jpg','1998-11-13','+16266800958',NULL,'2023-11-15 03:05:57','2023-11-15 03:05:57','2023-11-15 10:05:57',NULL,'activated'),(9,'Horacio Lockman','clementina54@example.net','$2y$12$prBHeBQx3rKnq5jH0kaOjOh6ad6KXP/1GYMxWFLb2P.hvKRyBetDS','customers/7.jpg','1981-10-30','+18103725592',NULL,'2023-11-15 03:05:57','2023-11-15 03:05:57','2023-11-15 10:05:57',NULL,'activated'),(10,'Dr. Toby Koepp','jerrod01@example.com','$2y$12$hNC2FXPOUrA6Dlab4DSqXevBt27pueimXPD.QxlmNa2DSudGFm8za','customers/8.jpg','2003-10-31','+12482251856',NULL,'2023-11-15 03:05:57','2023-11-15 03:05:57','2023-11-15 10:05:57',NULL,'activated');
/*!40000 ALTER TABLE `ec_customers` ENABLE KEYS */;
UNLOCK TABLES;

--
-- Table structure for table `ec_discount_customers`
--

DROP TABLE IF EXISTS `ec_discount_customers`;
/*!40101 SET @saved_cs_client     = @@character_set_client */;
/*!50503 SET character_set_client = utf8mb4 */;
CREATE TABLE `ec_discount_customers` (
  `discount_id` bigint unsigned NOT NULL,
  `customer_id` bigint unsigned NOT NULL,
  PRIMARY KEY (`discount_id`,`customer_id`)
) ENGINE=InnoDB DEFAULT CHARSET=utf8mb4 COLLATE=utf8mb4_unicode_ci;
/*!40101 SET character_set_client = @saved_cs_client */;

--
-- Dumping data for table `ec_discount_customers`
--

LOCK TABLES `ec_discount_customers` WRITE;
/*!40000 ALTER TABLE `ec_discount_customers` DISABLE KEYS */;
/*!40000 ALTER TABLE `ec_discount_customers` ENABLE KEYS */;
UNLOCK TABLES;

--
-- Table structure for table `ec_discount_product_categories`
--

DROP TABLE IF EXISTS `ec_discount_product_categories`;
/*!40101 SET @saved_cs_client     = @@character_set_client */;
/*!50503 SET character_set_client = utf8mb4 */;
CREATE TABLE `ec_discount_product_categories` (
  `discount_id` bigint unsigned NOT NULL,
  `product_category_id` bigint unsigned NOT NULL,
  PRIMARY KEY (`discount_id`,`product_category_id`)
) ENGINE=InnoDB DEFAULT CHARSET=utf8mb4 COLLATE=utf8mb4_unicode_ci;
/*!40101 SET character_set_client = @saved_cs_client */;

--
-- Dumping data for table `ec_discount_product_categories`
--

LOCK TABLES `ec_discount_product_categories` WRITE;
/*!40000 ALTER TABLE `ec_discount_product_categories` DISABLE KEYS */;
/*!40000 ALTER TABLE `ec_discount_product_categories` ENABLE KEYS */;
UNLOCK TABLES;

--
-- Table structure for table `ec_discount_product_collections`
--

DROP TABLE IF EXISTS `ec_discount_product_collections`;
/*!40101 SET @saved_cs_client     = @@character_set_client */;
/*!50503 SET character_set_client = utf8mb4 */;
CREATE TABLE `ec_discount_product_collections` (
  `discount_id` bigint unsigned NOT NULL,
  `product_collection_id` bigint unsigned NOT NULL,
  PRIMARY KEY (`discount_id`,`product_collection_id`)
) ENGINE=InnoDB DEFAULT CHARSET=utf8mb4 COLLATE=utf8mb4_unicode_ci;
/*!40101 SET character_set_client = @saved_cs_client */;

--
-- Dumping data for table `ec_discount_product_collections`
--

LOCK TABLES `ec_discount_product_collections` WRITE;
/*!40000 ALTER TABLE `ec_discount_product_collections` DISABLE KEYS */;
/*!40000 ALTER TABLE `ec_discount_product_collections` ENABLE KEYS */;
UNLOCK TABLES;

--
-- Table structure for table `ec_discount_products`
--

DROP TABLE IF EXISTS `ec_discount_products`;
/*!40101 SET @saved_cs_client     = @@character_set_client */;
/*!50503 SET character_set_client = utf8mb4 */;
CREATE TABLE `ec_discount_products` (
  `discount_id` bigint unsigned NOT NULL,
  `product_id` bigint unsigned NOT NULL,
  PRIMARY KEY (`discount_id`,`product_id`)
) ENGINE=InnoDB DEFAULT CHARSET=utf8mb4 COLLATE=utf8mb4_unicode_ci;
/*!40101 SET character_set_client = @saved_cs_client */;

--
-- Dumping data for table `ec_discount_products`
--

LOCK TABLES `ec_discount_products` WRITE;
/*!40000 ALTER TABLE `ec_discount_products` DISABLE KEYS */;
/*!40000 ALTER TABLE `ec_discount_products` ENABLE KEYS */;
UNLOCK TABLES;

--
-- Table structure for table `ec_discounts`
--

DROP TABLE IF EXISTS `ec_discounts`;
/*!40101 SET @saved_cs_client     = @@character_set_client */;
/*!50503 SET character_set_client = utf8mb4 */;
CREATE TABLE `ec_discounts` (
  `id` bigint unsigned NOT NULL AUTO_INCREMENT,
  `title` varchar(120) COLLATE utf8mb4_unicode_ci DEFAULT NULL,
  `code` varchar(20) COLLATE utf8mb4_unicode_ci DEFAULT NULL,
  `start_date` datetime DEFAULT NULL,
  `end_date` datetime DEFAULT NULL,
  `quantity` int DEFAULT NULL,
  `total_used` int unsigned NOT NULL DEFAULT '0',
  `value` double DEFAULT NULL,
  `type` varchar(60) COLLATE utf8mb4_unicode_ci DEFAULT 'coupon',
  `can_use_with_promotion` tinyint(1) NOT NULL DEFAULT '0',
  `discount_on` varchar(20) COLLATE utf8mb4_unicode_ci DEFAULT NULL,
  `product_quantity` int unsigned DEFAULT NULL,
  `type_option` varchar(100) COLLATE utf8mb4_unicode_ci NOT NULL DEFAULT 'amount',
  `target` varchar(100) COLLATE utf8mb4_unicode_ci NOT NULL DEFAULT 'all-orders',
  `min_order_price` decimal(15,2) DEFAULT NULL,
  `apply_via_url` tinyint(1) NOT NULL DEFAULT '0',
  `created_at` timestamp NULL DEFAULT NULL,
  `updated_at` timestamp NULL DEFAULT NULL,
  PRIMARY KEY (`id`),
  UNIQUE KEY `ec_discounts_code_unique` (`code`)
) ENGINE=InnoDB DEFAULT CHARSET=utf8mb4 COLLATE=utf8mb4_unicode_ci;
/*!40101 SET character_set_client = @saved_cs_client */;

--
-- Dumping data for table `ec_discounts`
--

LOCK TABLES `ec_discounts` WRITE;
/*!40000 ALTER TABLE `ec_discounts` DISABLE KEYS */;
/*!40000 ALTER TABLE `ec_discounts` ENABLE KEYS */;
UNLOCK TABLES;

--
-- Table structure for table `ec_flash_sale_products`
--

DROP TABLE IF EXISTS `ec_flash_sale_products`;
/*!40101 SET @saved_cs_client     = @@character_set_client */;
/*!50503 SET character_set_client = utf8mb4 */;
CREATE TABLE `ec_flash_sale_products` (
  `flash_sale_id` bigint unsigned NOT NULL,
  `product_id` bigint unsigned NOT NULL,
  `price` double unsigned DEFAULT NULL,
  `quantity` int unsigned DEFAULT NULL,
  `sold` int unsigned NOT NULL DEFAULT '0'
) ENGINE=InnoDB DEFAULT CHARSET=utf8mb4 COLLATE=utf8mb4_unicode_ci;
/*!40101 SET character_set_client = @saved_cs_client */;

--
-- Dumping data for table `ec_flash_sale_products`
--

LOCK TABLES `ec_flash_sale_products` WRITE;
/*!40000 ALTER TABLE `ec_flash_sale_products` DISABLE KEYS */;
INSERT INTO `ec_flash_sale_products` VALUES (1,6,13.33,7,5),(2,3,107.16,15,2);
/*!40000 ALTER TABLE `ec_flash_sale_products` ENABLE KEYS */;
UNLOCK TABLES;

--
-- Table structure for table `ec_flash_sales`
--

DROP TABLE IF EXISTS `ec_flash_sales`;
/*!40101 SET @saved_cs_client     = @@character_set_client */;
/*!50503 SET character_set_client = utf8mb4 */;
CREATE TABLE `ec_flash_sales` (
  `id` bigint unsigned NOT NULL AUTO_INCREMENT,
  `name` varchar(255) COLLATE utf8mb4_unicode_ci NOT NULL,
  `end_date` datetime NOT NULL,
  `status` varchar(60) COLLATE utf8mb4_unicode_ci NOT NULL DEFAULT 'published',
  `created_at` timestamp NULL DEFAULT NULL,
  `updated_at` timestamp NULL DEFAULT NULL,
  PRIMARY KEY (`id`)
) ENGINE=InnoDB AUTO_INCREMENT=3 DEFAULT CHARSET=utf8mb4 COLLATE=utf8mb4_unicode_ci;
/*!40101 SET character_set_client = @saved_cs_client */;

--
-- Dumping data for table `ec_flash_sales`
--

LOCK TABLES `ec_flash_sales` WRITE;
/*!40000 ALTER TABLE `ec_flash_sales` DISABLE KEYS */;
INSERT INTO `ec_flash_sales` VALUES (1,'Deal of the Day.','2023-12-12 00:00:00','published','2023-11-15 03:05:59','2023-11-15 03:05:59'),(2,'Gadgets &amp; Accessories','2023-12-18 00:00:00','published','2023-11-15 03:05:59','2023-11-15 03:05:59');
/*!40000 ALTER TABLE `ec_flash_sales` ENABLE KEYS */;
UNLOCK TABLES;

--
-- Table structure for table `ec_flash_sales_translations`
--

DROP TABLE IF EXISTS `ec_flash_sales_translations`;
/*!40101 SET @saved_cs_client     = @@character_set_client */;
/*!50503 SET character_set_client = utf8mb4 */;
CREATE TABLE `ec_flash_sales_translations` (
  `lang_code` varchar(20) COLLATE utf8mb4_unicode_ci NOT NULL,
  `ec_flash_sales_id` bigint unsigned NOT NULL,
  `name` varchar(255) COLLATE utf8mb4_unicode_ci DEFAULT NULL,
  PRIMARY KEY (`lang_code`,`ec_flash_sales_id`)
) ENGINE=InnoDB DEFAULT CHARSET=utf8mb4 COLLATE=utf8mb4_unicode_ci;
/*!40101 SET character_set_client = @saved_cs_client */;

--
-- Dumping data for table `ec_flash_sales_translations`
--

LOCK TABLES `ec_flash_sales_translations` WRITE;
/*!40000 ALTER TABLE `ec_flash_sales_translations` DISABLE KEYS */;
/*!40000 ALTER TABLE `ec_flash_sales_translations` ENABLE KEYS */;
UNLOCK TABLES;

--
-- Table structure for table `ec_global_option_value`
--

DROP TABLE IF EXISTS `ec_global_option_value`;
/*!40101 SET @saved_cs_client     = @@character_set_client */;
/*!50503 SET character_set_client = utf8mb4 */;
CREATE TABLE `ec_global_option_value` (
  `option_id` bigint unsigned NOT NULL COMMENT 'option id',
  `id` bigint unsigned NOT NULL AUTO_INCREMENT,
  `option_value` tinytext COLLATE utf8mb4_unicode_ci COMMENT 'option value',
  `affect_price` double DEFAULT NULL COMMENT 'value of price of this option affect',
  `order` int NOT NULL DEFAULT '9999',
  `affect_type` tinyint NOT NULL DEFAULT '0' COMMENT '0. fixed 1. percent',
  `created_at` timestamp NULL DEFAULT NULL,
  `updated_at` timestamp NULL DEFAULT NULL,
  PRIMARY KEY (`id`)
) ENGINE=InnoDB AUTO_INCREMENT=13 DEFAULT CHARSET=utf8mb4 COLLATE=utf8mb4_unicode_ci;
/*!40101 SET character_set_client = @saved_cs_client */;

--
-- Dumping data for table `ec_global_option_value`
--

LOCK TABLES `ec_global_option_value` WRITE;
/*!40000 ALTER TABLE `ec_global_option_value` DISABLE KEYS */;
INSERT INTO `ec_global_option_value` VALUES (1,1,'1 Year',0,9999,0,'2023-11-15 03:06:01','2023-11-15 03:06:01'),(1,2,'2 Year',10,9999,0,'2023-11-15 03:06:01','2023-11-15 03:06:01'),(1,3,'3 Year',20,9999,0,'2023-11-15 03:06:01','2023-11-15 03:06:01'),(2,4,'4GB',0,9999,0,'2023-11-15 03:06:01','2023-11-15 03:06:01'),(2,5,'8GB',10,9999,0,'2023-11-15 03:06:01','2023-11-15 03:06:01'),(2,6,'16GB',20,9999,0,'2023-11-15 03:06:01','2023-11-15 03:06:01'),(3,7,'Core i5',0,9999,0,'2023-11-15 03:06:01','2023-11-15 03:06:01'),(3,8,'Core i7',10,9999,0,'2023-11-15 03:06:01','2023-11-15 03:06:01'),(3,9,'Core i9',20,9999,0,'2023-11-15 03:06:01','2023-11-15 03:06:01'),(4,10,'128GB',0,9999,0,'2023-11-15 03:06:01','2023-11-15 03:06:01'),(4,11,'256GB',10,9999,0,'2023-11-15 03:06:01','2023-11-15 03:06:01'),(4,12,'512GB',20,9999,0,'2023-11-15 03:06:01','2023-11-15 03:06:01');
/*!40000 ALTER TABLE `ec_global_option_value` ENABLE KEYS */;
UNLOCK TABLES;

--
-- Table structure for table `ec_global_option_value_translations`
--

DROP TABLE IF EXISTS `ec_global_option_value_translations`;
/*!40101 SET @saved_cs_client     = @@character_set_client */;
/*!50503 SET character_set_client = utf8mb4 */;
CREATE TABLE `ec_global_option_value_translations` (
  `lang_code` varchar(20) COLLATE utf8mb4_unicode_ci NOT NULL,
  `ec_global_option_value_id` bigint unsigned NOT NULL,
  `option_value` varchar(255) COLLATE utf8mb4_unicode_ci DEFAULT NULL,
  PRIMARY KEY (`lang_code`,`ec_global_option_value_id`)
) ENGINE=InnoDB DEFAULT CHARSET=utf8mb4 COLLATE=utf8mb4_unicode_ci;
/*!40101 SET character_set_client = @saved_cs_client */;

--
-- Dumping data for table `ec_global_option_value_translations`
--

LOCK TABLES `ec_global_option_value_translations` WRITE;
/*!40000 ALTER TABLE `ec_global_option_value_translations` DISABLE KEYS */;
/*!40000 ALTER TABLE `ec_global_option_value_translations` ENABLE KEYS */;
UNLOCK TABLES;

--
-- Table structure for table `ec_global_options`
--

DROP TABLE IF EXISTS `ec_global_options`;
/*!40101 SET @saved_cs_client     = @@character_set_client */;
/*!50503 SET character_set_client = utf8mb4 */;
CREATE TABLE `ec_global_options` (
  `id` bigint unsigned NOT NULL AUTO_INCREMENT,
  `name` varchar(255) COLLATE utf8mb4_unicode_ci NOT NULL COMMENT 'Name of options',
  `option_type` varchar(255) COLLATE utf8mb4_unicode_ci NOT NULL COMMENT 'option type',
  `required` tinyint(1) NOT NULL DEFAULT '0' COMMENT 'Checked if this option is required',
  `created_at` timestamp NULL DEFAULT NULL,
  `updated_at` timestamp NULL DEFAULT NULL,
  PRIMARY KEY (`id`)
) ENGINE=InnoDB AUTO_INCREMENT=5 DEFAULT CHARSET=utf8mb4 COLLATE=utf8mb4_unicode_ci;
/*!40101 SET character_set_client = @saved_cs_client */;

--
-- Dumping data for table `ec_global_options`
--

LOCK TABLES `ec_global_options` WRITE;
/*!40000 ALTER TABLE `ec_global_options` DISABLE KEYS */;
INSERT INTO `ec_global_options` VALUES (1,'Warranty','Botble\\Ecommerce\\Option\\OptionType\\RadioButton',1,'2023-11-15 03:06:01','2023-11-15 03:06:01'),(2,'RAM','Botble\\Ecommerce\\Option\\OptionType\\RadioButton',1,'2023-11-15 03:06:01','2023-11-15 03:06:01'),(3,'CPU','Botble\\Ecommerce\\Option\\OptionType\\RadioButton',1,'2023-11-15 03:06:01','2023-11-15 03:06:01'),(4,'HDD','Botble\\Ecommerce\\Option\\OptionType\\Dropdown',0,'2023-11-15 03:06:01','2023-11-15 03:06:01');
/*!40000 ALTER TABLE `ec_global_options` ENABLE KEYS */;
UNLOCK TABLES;

--
-- Table structure for table `ec_global_options_translations`
--

DROP TABLE IF EXISTS `ec_global_options_translations`;
/*!40101 SET @saved_cs_client     = @@character_set_client */;
/*!50503 SET character_set_client = utf8mb4 */;
CREATE TABLE `ec_global_options_translations` (
  `lang_code` varchar(20) COLLATE utf8mb4_unicode_ci NOT NULL,
  `ec_global_options_id` bigint unsigned NOT NULL,
  `name` varchar(255) COLLATE utf8mb4_unicode_ci DEFAULT NULL,
  PRIMARY KEY (`lang_code`,`ec_global_options_id`)
) ENGINE=InnoDB DEFAULT CHARSET=utf8mb4 COLLATE=utf8mb4_unicode_ci;
/*!40101 SET character_set_client = @saved_cs_client */;

--
-- Dumping data for table `ec_global_options_translations`
--

LOCK TABLES `ec_global_options_translations` WRITE;
/*!40000 ALTER TABLE `ec_global_options_translations` DISABLE KEYS */;
/*!40000 ALTER TABLE `ec_global_options_translations` ENABLE KEYS */;
UNLOCK TABLES;

--
-- Table structure for table `ec_grouped_products`
--

DROP TABLE IF EXISTS `ec_grouped_products`;
/*!40101 SET @saved_cs_client     = @@character_set_client */;
/*!50503 SET character_set_client = utf8mb4 */;
CREATE TABLE `ec_grouped_products` (
  `id` bigint unsigned NOT NULL AUTO_INCREMENT,
  `parent_product_id` bigint unsigned NOT NULL,
  `product_id` bigint unsigned NOT NULL,
  `fixed_qty` int NOT NULL DEFAULT '1',
  PRIMARY KEY (`id`)
) ENGINE=InnoDB DEFAULT CHARSET=utf8mb4 COLLATE=utf8mb4_unicode_ci;
/*!40101 SET character_set_client = @saved_cs_client */;

--
-- Dumping data for table `ec_grouped_products`
--

LOCK TABLES `ec_grouped_products` WRITE;
/*!40000 ALTER TABLE `ec_grouped_products` DISABLE KEYS */;
/*!40000 ALTER TABLE `ec_grouped_products` ENABLE KEYS */;
UNLOCK TABLES;

--
-- Table structure for table `ec_invoice_items`
--

DROP TABLE IF EXISTS `ec_invoice_items`;
/*!40101 SET @saved_cs_client     = @@character_set_client */;
/*!50503 SET character_set_client = utf8mb4 */;
CREATE TABLE `ec_invoice_items` (
  `id` bigint unsigned NOT NULL AUTO_INCREMENT,
  `invoice_id` bigint unsigned NOT NULL,
  `reference_type` varchar(191) COLLATE utf8mb4_unicode_ci NOT NULL,
  `reference_id` bigint unsigned NOT NULL,
  `name` varchar(255) COLLATE utf8mb4_unicode_ci NOT NULL,
  `description` varchar(400) COLLATE utf8mb4_unicode_ci DEFAULT NULL,
  `image` varchar(191) COLLATE utf8mb4_unicode_ci DEFAULT NULL,
  `qty` int unsigned NOT NULL,
  `price` decimal(15,2) NOT NULL DEFAULT '0.00',
  `sub_total` decimal(15,2) unsigned NOT NULL,
  `tax_amount` decimal(15,2) unsigned NOT NULL DEFAULT '0.00',
  `discount_amount` decimal(15,2) unsigned NOT NULL DEFAULT '0.00',
  `amount` decimal(15,2) unsigned NOT NULL,
  `options` text COLLATE utf8mb4_unicode_ci,
  `created_at` timestamp NULL DEFAULT NULL,
  `updated_at` timestamp NULL DEFAULT NULL,
  PRIMARY KEY (`id`),
  KEY `ec_invoice_items_reference_type_reference_id_index` (`reference_type`,`reference_id`)
) ENGINE=InnoDB AUTO_INCREMENT=55 DEFAULT CHARSET=utf8mb4 COLLATE=utf8mb4_unicode_ci;
/*!40101 SET character_set_client = @saved_cs_client */;

--
-- Dumping data for table `ec_invoice_items`
--

LOCK TABLES `ec_invoice_items` WRITE;
/*!40000 ALTER TABLE `ec_invoice_items` DISABLE KEYS */;
INSERT INTO `ec_invoice_items` VALUES (1,1,'Botble\\Ecommerce\\Models\\Product',13,'Gucci Zip Around Wallet',NULL,'products/3.jpg',3,282.00,846.00,0.00,0.00,846.00,'[]','2023-11-15 03:05:58','2023-11-15 03:05:58'),(2,1,'Botble\\Ecommerce\\Models\\Product',19,'Joan Mini Camera Bag',NULL,'products/5-2.jpg',2,87.00,174.00,0.00,0.00,174.00,'[]','2023-11-15 03:05:58','2023-11-15 03:05:58'),(3,1,'Botble\\Ecommerce\\Models\\Product',25,'The Marc Jacobs',NULL,'products/7-1.jpg',2,56.00,112.00,0.00,0.00,112.00,'[]','2023-11-15 03:05:58','2023-11-15 03:05:58'),(4,2,'Botble\\Ecommerce\\Models\\Product',15,'Snapshot Standard',NULL,'products/4.jpg',3,217.00,651.00,0.00,0.00,651.00,'[]','2023-11-15 03:05:58','2023-11-15 03:05:58'),(5,2,'Botble\\Ecommerce\\Models\\Product',25,'The Marc Jacobs',NULL,'products/7-1.jpg',1,56.00,56.00,0.00,0.00,56.00,'[]','2023-11-15 03:05:58','2023-11-15 03:05:58'),(6,3,'Botble\\Ecommerce\\Models\\Product',12,'Clutch handmade',NULL,'products/2-2.jpg',2,282.00,564.00,0.00,0.00,564.00,'[]','2023-11-15 03:05:58','2023-11-15 03:05:58'),(7,3,'Botble\\Ecommerce\\Models\\Product',18,'Joan Mini Camera Bag',NULL,'products/5-1.jpg',1,87.00,87.00,0.00,0.00,87.00,'[]','2023-11-15 03:05:58','2023-11-15 03:05:58'),(8,4,'Botble\\Ecommerce\\Models\\Product',15,'Snapshot Standard',NULL,'products/4.jpg',1,217.00,217.00,0.00,0.00,217.00,'[]','2023-11-15 03:05:58','2023-11-15 03:05:58'),(9,4,'Botble\\Ecommerce\\Models\\Product',19,'Joan Mini Camera Bag',NULL,'products/5-2.jpg',2,87.00,174.00,0.00,0.00,174.00,'[]','2023-11-15 03:05:58','2023-11-15 03:05:58'),(10,4,'Botble\\Ecommerce\\Models\\Product',22,'Cyan Boheme',NULL,'products/6.jpg',2,43.00,86.00,0.00,0.00,86.00,'[]','2023-11-15 03:05:58','2023-11-15 03:05:58'),(11,5,'Botble\\Ecommerce\\Models\\Product',10,'Clutch handmade',NULL,'products/2.jpg',3,282.00,846.00,0.00,0.00,846.00,'[]','2023-11-15 03:05:58','2023-11-15 03:05:58'),(12,5,'Botble\\Ecommerce\\Models\\Product',22,'Cyan Boheme',NULL,'products/6.jpg',3,43.00,129.00,0.00,0.00,129.00,'[]','2023-11-15 03:05:58','2023-11-15 03:05:58'),(13,5,'Botble\\Ecommerce\\Models\\Product',28,'Round Cross body Bag',NULL,'products/8.jpg',2,123.00,246.00,0.00,0.00,246.00,'[]','2023-11-15 03:05:58','2023-11-15 03:05:58'),(14,6,'Botble\\Ecommerce\\Models\\Product',13,'Gucci Zip Around Wallet',NULL,'products/3.jpg',1,282.00,282.00,0.00,0.00,282.00,'[]','2023-11-15 03:05:58','2023-11-15 03:05:58'),(15,6,'Botble\\Ecommerce\\Models\\Product',23,'Cyan Boheme',NULL,'products/6.jpg',3,43.00,129.00,0.00,0.00,129.00,'[]','2023-11-15 03:05:58','2023-11-15 03:05:58'),(16,7,'Botble\\Ecommerce\\Models\\Product',11,'Clutch handmade',NULL,'products/2-1.jpg',1,282.00,282.00,0.00,0.00,282.00,'[]','2023-11-15 03:05:58','2023-11-15 03:05:58'),(17,7,'Botble\\Ecommerce\\Models\\Product',26,'Round Cross body Bag',NULL,'products/8.jpg',1,123.00,123.00,0.00,0.00,123.00,'[]','2023-11-15 03:05:58','2023-11-15 03:05:58'),(18,8,'Botble\\Ecommerce\\Models\\Product',14,'Gucci Zip Around Wallet',NULL,'products/3-1.jpg',1,282.00,282.00,0.00,0.00,282.00,'[]','2023-11-15 03:05:58','2023-11-15 03:05:58'),(19,8,'Botble\\Ecommerce\\Models\\Product',22,'Cyan Boheme',NULL,'products/6.jpg',2,43.00,86.00,0.00,0.00,86.00,'[]','2023-11-15 03:05:58','2023-11-15 03:05:58'),(20,8,'Botble\\Ecommerce\\Models\\Product',26,'Round Cross body Bag',NULL,'products/8.jpg',2,123.00,246.00,0.00,0.00,246.00,'[]','2023-11-15 03:05:58','2023-11-15 03:05:58'),(21,8,'Botble\\Ecommerce\\Models\\Product',28,'Round Cross body Bag',NULL,'products/8.jpg',1,123.00,123.00,0.00,0.00,123.00,'[]','2023-11-15 03:05:58','2023-11-15 03:05:58'),(22,9,'Botble\\Ecommerce\\Models\\Product',24,'The Marc Jacobs',NULL,'products/7.jpg',1,56.00,56.00,0.00,0.00,56.00,'[]','2023-11-15 03:05:58','2023-11-15 03:05:58'),(23,9,'Botble\\Ecommerce\\Models\\Product',25,'The Marc Jacobs',NULL,'products/7-1.jpg',1,56.00,56.00,0.00,0.00,56.00,'[]','2023-11-15 03:05:58','2023-11-15 03:05:58'),(24,10,'Botble\\Ecommerce\\Models\\Product',14,'Gucci Zip Around Wallet',NULL,'products/3-1.jpg',1,282.00,282.00,0.00,0.00,282.00,'[]','2023-11-15 03:05:58','2023-11-15 03:05:58'),(25,10,'Botble\\Ecommerce\\Models\\Product',22,'Cyan Boheme',NULL,'products/6.jpg',2,43.00,86.00,0.00,0.00,86.00,'[]','2023-11-15 03:05:58','2023-11-15 03:05:58'),(26,11,'Botble\\Ecommerce\\Models\\Product',10,'Clutch handmade',NULL,'products/2.jpg',3,282.00,846.00,0.00,0.00,846.00,'[]','2023-11-15 03:05:58','2023-11-15 03:05:58'),(27,11,'Botble\\Ecommerce\\Models\\Product',11,'Clutch handmade',NULL,'products/2-1.jpg',1,282.00,282.00,0.00,0.00,282.00,'[]','2023-11-15 03:05:58','2023-11-15 03:05:58'),(28,11,'Botble\\Ecommerce\\Models\\Product',14,'Gucci Zip Around Wallet',NULL,'products/3-1.jpg',2,282.00,564.00,0.00,0.00,564.00,'[]','2023-11-15 03:05:58','2023-11-15 03:05:58'),(29,11,'Botble\\Ecommerce\\Models\\Product',28,'Round Cross body Bag',NULL,'products/8.jpg',3,123.00,369.00,0.00,0.00,369.00,'[]','2023-11-15 03:05:58','2023-11-15 03:05:58'),(30,12,'Botble\\Ecommerce\\Models\\Product',17,'Joan Mini Camera Bag',NULL,'products/5.jpg',2,87.00,174.00,0.00,0.00,174.00,'[]','2023-11-15 03:05:58','2023-11-15 03:05:58'),(31,12,'Botble\\Ecommerce\\Models\\Product',23,'Cyan Boheme',NULL,'products/6.jpg',2,43.00,86.00,0.00,0.00,86.00,'[]','2023-11-15 03:05:58','2023-11-15 03:05:58'),(32,13,'Botble\\Ecommerce\\Models\\Product',13,'Gucci Zip Around Wallet',NULL,'products/3.jpg',2,282.00,564.00,0.00,0.00,564.00,'[]','2023-11-15 03:05:58','2023-11-15 03:05:58'),(33,13,'Botble\\Ecommerce\\Models\\Product',14,'Gucci Zip Around Wallet',NULL,'products/3-1.jpg',1,282.00,282.00,0.00,0.00,282.00,'[]','2023-11-15 03:05:58','2023-11-15 03:05:58'),(34,13,'Botble\\Ecommerce\\Models\\Product',18,'Joan Mini Camera Bag',NULL,'products/5-1.jpg',3,87.00,261.00,0.00,0.00,261.00,'[]','2023-11-15 03:05:58','2023-11-15 03:05:58'),(35,13,'Botble\\Ecommerce\\Models\\Product',28,'Round Cross body Bag',NULL,'products/8.jpg',3,123.00,369.00,0.00,0.00,369.00,'[]','2023-11-15 03:05:58','2023-11-15 03:05:58'),(36,14,'Botble\\Ecommerce\\Models\\Product',10,'Clutch handmade',NULL,'products/2.jpg',2,282.00,564.00,0.00,0.00,564.00,'[]','2023-11-15 03:05:58','2023-11-15 03:05:58'),(37,14,'Botble\\Ecommerce\\Models\\Product',11,'Clutch handmade',NULL,'products/2-1.jpg',3,282.00,846.00,0.00,0.00,846.00,'[]','2023-11-15 03:05:58','2023-11-15 03:05:58'),(38,14,'Botble\\Ecommerce\\Models\\Product',27,'Round Cross body Bag',NULL,'products/8.jpg',2,123.00,246.00,0.00,0.00,246.00,'[]','2023-11-15 03:05:58','2023-11-15 03:05:58'),(39,15,'Botble\\Ecommerce\\Models\\Product',19,'Joan Mini Camera Bag',NULL,'products/5-2.jpg',1,87.00,87.00,0.00,0.00,87.00,'[]','2023-11-15 03:05:58','2023-11-15 03:05:58'),(40,15,'Botble\\Ecommerce\\Models\\Product',23,'Cyan Boheme',NULL,'products/6.jpg',3,43.00,129.00,0.00,0.00,129.00,'[]','2023-11-15 03:05:58','2023-11-15 03:05:58'),(41,16,'Botble\\Ecommerce\\Models\\Product',10,'Clutch handmade',NULL,'products/2.jpg',2,282.00,564.00,0.00,0.00,564.00,'[]','2023-11-15 03:05:58','2023-11-15 03:05:58'),(42,16,'Botble\\Ecommerce\\Models\\Product',19,'Joan Mini Camera Bag',NULL,'products/5-2.jpg',1,87.00,87.00,0.00,0.00,87.00,'[]','2023-11-15 03:05:58','2023-11-15 03:05:58'),(43,17,'Botble\\Ecommerce\\Models\\Product',9,'Wallet handmade',NULL,'products/1.jpg',3,417.00,1251.00,0.00,0.00,1251.00,'[]','2023-11-15 03:05:58','2023-11-15 03:05:58'),(44,17,'Botble\\Ecommerce\\Models\\Product',10,'Clutch handmade',NULL,'products/2.jpg',1,282.00,282.00,0.00,0.00,282.00,'[]','2023-11-15 03:05:58','2023-11-15 03:05:58'),(45,17,'Botble\\Ecommerce\\Models\\Product',24,'The Marc Jacobs',NULL,'products/7.jpg',3,56.00,168.00,0.00,0.00,168.00,'[]','2023-11-15 03:05:58','2023-11-15 03:05:58'),(46,17,'Botble\\Ecommerce\\Models\\Product',27,'Round Cross body Bag',NULL,'products/8.jpg',1,123.00,123.00,0.00,0.00,123.00,'[]','2023-11-15 03:05:58','2023-11-15 03:05:58'),(47,18,'Botble\\Ecommerce\\Models\\Product',12,'Clutch handmade',NULL,'products/2-2.jpg',1,282.00,282.00,0.00,0.00,282.00,'[]','2023-11-15 03:05:59','2023-11-15 03:05:59'),(48,18,'Botble\\Ecommerce\\Models\\Product',18,'Joan Mini Camera Bag',NULL,'products/5-1.jpg',2,87.00,174.00,0.00,0.00,174.00,'[]','2023-11-15 03:05:59','2023-11-15 03:05:59'),(49,18,'Botble\\Ecommerce\\Models\\Product',25,'The Marc Jacobs',NULL,'products/7-1.jpg',3,56.00,168.00,0.00,0.00,168.00,'[]','2023-11-15 03:05:59','2023-11-15 03:05:59'),(50,18,'Botble\\Ecommerce\\Models\\Product',27,'Round Cross body Bag',NULL,'products/8.jpg',1,123.00,123.00,0.00,0.00,123.00,'[]','2023-11-15 03:05:59','2023-11-15 03:05:59'),(51,19,'Botble\\Ecommerce\\Models\\Product',14,'Gucci Zip Around Wallet',NULL,'products/3-1.jpg',2,282.00,564.00,0.00,0.00,564.00,'[]','2023-11-15 03:05:59','2023-11-15 03:05:59'),(52,19,'Botble\\Ecommerce\\Models\\Product',18,'Joan Mini Camera Bag',NULL,'products/5-1.jpg',1,87.00,87.00,0.00,0.00,87.00,'[]','2023-11-15 03:05:59','2023-11-15 03:05:59'),(53,20,'Botble\\Ecommerce\\Models\\Product',14,'Gucci Zip Around Wallet',NULL,'products/3-1.jpg',2,282.00,564.00,0.00,0.00,564.00,'[]','2023-11-15 03:05:59','2023-11-15 03:05:59'),(54,20,'Botble\\Ecommerce\\Models\\Product',17,'Joan Mini Camera Bag',NULL,'products/5.jpg',2,87.00,174.00,0.00,0.00,174.00,'[]','2023-11-15 03:05:59','2023-11-15 03:05:59');
/*!40000 ALTER TABLE `ec_invoice_items` ENABLE KEYS */;
UNLOCK TABLES;

--
-- Table structure for table `ec_invoices`
--

DROP TABLE IF EXISTS `ec_invoices`;
/*!40101 SET @saved_cs_client     = @@character_set_client */;
/*!50503 SET character_set_client = utf8mb4 */;
CREATE TABLE `ec_invoices` (
  `id` bigint unsigned NOT NULL AUTO_INCREMENT,
  `reference_type` varchar(191) COLLATE utf8mb4_unicode_ci NOT NULL,
  `reference_id` bigint unsigned NOT NULL,
  `code` varchar(255) COLLATE utf8mb4_unicode_ci NOT NULL,
  `customer_name` varchar(255) COLLATE utf8mb4_unicode_ci DEFAULT NULL,
  `company_name` varchar(255) COLLATE utf8mb4_unicode_ci DEFAULT NULL,
  `company_logo` varchar(255) COLLATE utf8mb4_unicode_ci DEFAULT NULL,
  `customer_email` varchar(255) COLLATE utf8mb4_unicode_ci DEFAULT NULL,
  `customer_phone` varchar(255) COLLATE utf8mb4_unicode_ci DEFAULT NULL,
  `customer_address` varchar(255) COLLATE utf8mb4_unicode_ci DEFAULT NULL,
  `customer_tax_id` varchar(255) COLLATE utf8mb4_unicode_ci DEFAULT NULL,
  `sub_total` decimal(15,2) unsigned NOT NULL,
  `tax_amount` decimal(15,2) unsigned NOT NULL DEFAULT '0.00',
  `shipping_amount` decimal(15,2) unsigned NOT NULL DEFAULT '0.00',
  `discount_amount` decimal(15,2) unsigned NOT NULL DEFAULT '0.00',
  `shipping_option` varchar(60) COLLATE utf8mb4_unicode_ci DEFAULT NULL,
  `shipping_method` varchar(60) COLLATE utf8mb4_unicode_ci NOT NULL DEFAULT 'default',
  `coupon_code` varchar(120) COLLATE utf8mb4_unicode_ci DEFAULT NULL,
  `discount_description` varchar(255) COLLATE utf8mb4_unicode_ci DEFAULT NULL,
  `amount` decimal(15,2) unsigned NOT NULL,
  `description` text COLLATE utf8mb4_unicode_ci,
  `payment_id` bigint unsigned DEFAULT NULL,
  `status` varchar(60) COLLATE utf8mb4_unicode_ci NOT NULL DEFAULT 'pending',
  `paid_at` timestamp NULL DEFAULT NULL,
  `created_at` timestamp NULL DEFAULT NULL,
  `updated_at` timestamp NULL DEFAULT NULL,
  PRIMARY KEY (`id`),
  UNIQUE KEY `ec_invoices_code_unique` (`code`),
  KEY `ec_invoices_reference_type_reference_id_index` (`reference_type`,`reference_id`),
  KEY `ec_invoices_payment_id_index` (`payment_id`),
  KEY `ec_invoices_status_index` (`status`)
) ENGINE=InnoDB AUTO_INCREMENT=21 DEFAULT CHARSET=utf8mb4 COLLATE=utf8mb4_unicode_ci;
/*!40101 SET character_set_client = @saved_cs_client */;

--
-- Dumping data for table `ec_invoices`
--

LOCK TABLES `ec_invoices` WRITE;
/*!40000 ALTER TABLE `ec_invoices` DISABLE KEYS */;
INSERT INTO `ec_invoices` VALUES (1,'Botble\\Ecommerce\\Models\\Order',1,'INV-1','Mr. Jeramy Leffler','',NULL,'theo32@example.org','+15123055290','10511 Maia Way Suite 928, Demetriusmouth, Wisconsin, KN',NULL,1132.00,0.00,0.00,0.00,'1','default',NULL,NULL,1132.00,NULL,1,'completed','2023-11-15 03:05:58','2023-11-06 19:05:58','2023-11-15 03:05:58'),(2,'Botble\\Ecommerce\\Models\\Order',2,'INV-2','Nellie Jacobs','',NULL,'gabriel.wintheiser@example.org','+18439169449','9262 Morar Turnpike Suite 369, Blicktown, North Carolina, LT',NULL,707.00,0.00,0.00,0.00,'1','default',NULL,NULL,707.00,NULL,2,'completed','2023-11-15 03:05:58','2023-11-13 13:05:58','2023-11-15 03:05:58'),(3,'Botble\\Ecommerce\\Models\\Order',3,'INV-3','Mr. Jeramy Leffler','',NULL,'theo32@example.org','+15123055290','10511 Maia Way Suite 928, Demetriusmouth, Wisconsin, KN',NULL,651.00,0.00,0.00,0.00,'1','default',NULL,NULL,651.00,NULL,3,'pending',NULL,'2023-10-31 03:05:58','2023-11-15 03:05:58'),(4,'Botble\\Ecommerce\\Models\\Order',4,'INV-4','Jalyn Schuster','',NULL,'njacobson@example.com','+19305230182','32348 Pagac Crescent, Abbyborough, South Carolina, KG',NULL,477.00,0.00,0.00,0.00,'1','default',NULL,NULL,477.00,NULL,4,'completed','2023-11-15 03:05:58','2023-11-08 01:05:58','2023-11-15 03:05:58'),(5,'Botble\\Ecommerce\\Models\\Order',5,'INV-5','Dr. Toby Koepp','',NULL,'jerrod01@example.com','+18045040350','906 Hilpert Manor, Noreneberg, Ohio, FI',NULL,1221.00,0.00,0.00,0.00,'1','default',NULL,NULL,1221.00,NULL,5,'pending',NULL,'2023-11-08 11:05:58','2023-11-15 03:05:58'),(6,'Botble\\Ecommerce\\Models\\Order',6,'INV-6','Horacio Lockman','',NULL,'clementina54@example.net','+19783511621','42792 Wallace Fork Suite 327, Lynchhaven, South Carolina, PT',NULL,411.00,0.00,0.00,0.00,'1','default',NULL,NULL,411.00,NULL,6,'completed','2023-11-15 03:05:58','2023-11-06 09:05:58','2023-11-15 03:05:58'),(7,'Botble\\Ecommerce\\Models\\Order',7,'INV-7','Clotilde Pfannerstill','',NULL,'john.smith@botble.com','+13609120308','9614 Zackary Parks Suite 872, Mikelland, District of Columbia, WS',NULL,405.00,0.00,0.00,0.00,'1','default',NULL,NULL,405.00,NULL,7,'completed','2023-11-15 03:05:58','2023-11-13 23:05:58','2023-11-15 03:05:58'),(8,'Botble\\Ecommerce\\Models\\Order',8,'INV-8','Jalyn Schuster','',NULL,'njacobson@example.com','+19305230182','32348 Pagac Crescent, Abbyborough, South Carolina, KG',NULL,737.00,0.00,0.00,0.00,'1','default',NULL,NULL,737.00,NULL,8,'completed','2023-11-15 03:05:58','2023-11-05 09:05:58','2023-11-15 03:05:58'),(9,'Botble\\Ecommerce\\Models\\Order',9,'INV-9','Clotilde Pfannerstill','',NULL,'john.smith@botble.com','+13609120308','9614 Zackary Parks Suite 872, Mikelland, District of Columbia, WS',NULL,112.00,0.00,0.00,0.00,'1','default',NULL,NULL,112.00,NULL,9,'pending',NULL,'2023-11-06 03:05:58','2023-11-15 03:05:58'),(10,'Botble\\Ecommerce\\Models\\Order',10,'INV-10','Modesta Bednar','',NULL,'denesik.travis@example.org','+16507750280','3733 Franecki Ridges Suite 726, Smithamborough, Idaho, BR',NULL,368.00,0.00,0.00,0.00,'1','default',NULL,NULL,368.00,NULL,10,'pending',NULL,'2023-11-08 17:05:58','2023-11-15 03:05:58'),(11,'Botble\\Ecommerce\\Models\\Order',11,'INV-11','Billie Schmitt','',NULL,'tzemlak@example.com','+15204704718','210 Cummerata Lights, North Dayana, Utah, UA',NULL,2061.00,0.00,0.00,0.00,'1','default',NULL,NULL,2061.00,NULL,11,'completed','2023-11-15 03:05:58','2023-11-12 15:05:58','2023-11-15 03:05:58'),(12,'Botble\\Ecommerce\\Models\\Order',12,'INV-12','Modesta Bednar','',NULL,'denesik.travis@example.org','+16507750280','3733 Franecki Ridges Suite 726, Smithamborough, Idaho, BR',NULL,260.00,0.00,0.00,0.00,'1','default',NULL,NULL,260.00,NULL,12,'completed','2023-11-15 03:05:58','2023-11-14 09:05:58','2023-11-15 03:05:58'),(13,'Botble\\Ecommerce\\Models\\Order',13,'INV-13','Nellie Jacobs','',NULL,'gabriel.wintheiser@example.org','+18439169449','9262 Morar Turnpike Suite 369, Blicktown, North Carolina, LT',NULL,1476.00,0.00,0.00,0.00,'1','default',NULL,NULL,1476.00,NULL,13,'completed','2023-11-15 03:05:58','2023-11-10 11:05:58','2023-11-15 03:05:58'),(14,'Botble\\Ecommerce\\Models\\Order',14,'INV-14','Jalyn Schuster','',NULL,'njacobson@example.com','+19305230182','32348 Pagac Crescent, Abbyborough, South Carolina, KG',NULL,1656.00,0.00,0.00,0.00,'1','default',NULL,NULL,1656.00,NULL,14,'completed','2023-11-15 03:05:58','2023-11-09 07:05:58','2023-11-15 03:05:58'),(15,'Botble\\Ecommerce\\Models\\Order',15,'INV-15','Jalyn Schuster','',NULL,'njacobson@example.com','+19305230182','32348 Pagac Crescent, Abbyborough, South Carolina, KG',NULL,216.00,0.00,0.00,0.00,'1','default',NULL,NULL,216.00,NULL,15,'completed','2023-11-15 03:05:58','2023-11-10 15:05:58','2023-11-15 03:05:58'),(16,'Botble\\Ecommerce\\Models\\Order',16,'INV-16','Dr. Toby Koepp','',NULL,'jerrod01@example.com','+18045040350','906 Hilpert Manor, Noreneberg, Ohio, FI',NULL,651.00,0.00,0.00,0.00,'1','default',NULL,NULL,651.00,NULL,16,'pending',NULL,'2023-11-11 19:05:58','2023-11-15 03:05:58'),(17,'Botble\\Ecommerce\\Models\\Order',17,'INV-17','Jalyn Schuster','',NULL,'njacobson@example.com','+19305230182','32348 Pagac Crescent, Abbyborough, South Carolina, KG',NULL,1824.00,0.00,0.00,0.00,'1','default',NULL,NULL,1824.00,NULL,17,'completed','2023-11-15 03:05:58','2023-11-13 19:05:58','2023-11-15 03:05:58'),(18,'Botble\\Ecommerce\\Models\\Order',18,'INV-18','Mr. Jeramy Leffler','',NULL,'theo32@example.org','+15123055290','10511 Maia Way Suite 928, Demetriusmouth, Wisconsin, KN',NULL,747.00,0.00,0.00,0.00,'1','default',NULL,NULL,747.00,NULL,18,'pending',NULL,'2023-11-14 03:05:58','2023-11-15 03:05:59'),(19,'Botble\\Ecommerce\\Models\\Order',19,'INV-19','Dr. Toby Koepp','',NULL,'jerrod01@example.com','+18045040350','906 Hilpert Manor, Noreneberg, Ohio, FI',NULL,651.00,0.00,0.00,0.00,'1','default',NULL,NULL,651.00,NULL,19,'completed','2023-11-15 03:05:59','2023-11-13 15:05:59','2023-11-15 03:05:59'),(20,'Botble\\Ecommerce\\Models\\Order',20,'INV-20','Prof. Hulda Zemlak','',NULL,'brekke.stefan@example.com','+16059002474','99743 Ceasar Highway Apt. 576, North Rhodashire, North Dakota, HT',NULL,738.00,0.00,0.00,0.00,'1','default',NULL,NULL,738.00,NULL,20,'pending',NULL,'2023-11-14 17:05:59','2023-11-15 03:05:59');
/*!40000 ALTER TABLE `ec_invoices` ENABLE KEYS */;
UNLOCK TABLES;

--
-- Table structure for table `ec_option_value`
--

DROP TABLE IF EXISTS `ec_option_value`;
/*!40101 SET @saved_cs_client     = @@character_set_client */;
/*!50503 SET character_set_client = utf8mb4 */;
CREATE TABLE `ec_option_value` (
  `option_id` bigint unsigned NOT NULL COMMENT 'option id',
  `id` bigint unsigned NOT NULL AUTO_INCREMENT,
  `option_value` tinytext COLLATE utf8mb4_unicode_ci COMMENT 'option value',
  `affect_price` double DEFAULT NULL COMMENT 'value of price of this option affect',
  `order` int NOT NULL DEFAULT '9999',
  `affect_type` tinyint NOT NULL DEFAULT '0' COMMENT '0. fixed 1. percent',
  `created_at` timestamp NULL DEFAULT NULL,
  `updated_at` timestamp NULL DEFAULT NULL,
  PRIMARY KEY (`id`)
) ENGINE=InnoDB DEFAULT CHARSET=utf8mb4 COLLATE=utf8mb4_unicode_ci;
/*!40101 SET character_set_client = @saved_cs_client */;

--
-- Dumping data for table `ec_option_value`
--

LOCK TABLES `ec_option_value` WRITE;
/*!40000 ALTER TABLE `ec_option_value` DISABLE KEYS */;
/*!40000 ALTER TABLE `ec_option_value` ENABLE KEYS */;
UNLOCK TABLES;

--
-- Table structure for table `ec_option_value_translations`
--

DROP TABLE IF EXISTS `ec_option_value_translations`;
/*!40101 SET @saved_cs_client     = @@character_set_client */;
/*!50503 SET character_set_client = utf8mb4 */;
CREATE TABLE `ec_option_value_translations` (
  `lang_code` varchar(20) COLLATE utf8mb4_unicode_ci NOT NULL,
  `ec_option_value_id` bigint unsigned NOT NULL,
  `option_value` varchar(255) COLLATE utf8mb4_unicode_ci DEFAULT NULL,
  PRIMARY KEY (`lang_code`,`ec_option_value_id`)
) ENGINE=InnoDB DEFAULT CHARSET=utf8mb4 COLLATE=utf8mb4_unicode_ci;
/*!40101 SET character_set_client = @saved_cs_client */;

--
-- Dumping data for table `ec_option_value_translations`
--

LOCK TABLES `ec_option_value_translations` WRITE;
/*!40000 ALTER TABLE `ec_option_value_translations` DISABLE KEYS */;
/*!40000 ALTER TABLE `ec_option_value_translations` ENABLE KEYS */;
UNLOCK TABLES;

--
-- Table structure for table `ec_options`
--

DROP TABLE IF EXISTS `ec_options`;
/*!40101 SET @saved_cs_client     = @@character_set_client */;
/*!50503 SET character_set_client = utf8mb4 */;
CREATE TABLE `ec_options` (
  `id` bigint unsigned NOT NULL AUTO_INCREMENT,
  `name` varchar(255) COLLATE utf8mb4_unicode_ci NOT NULL COMMENT 'Name of options',
  `option_type` varchar(255) COLLATE utf8mb4_unicode_ci DEFAULT NULL COMMENT 'option type',
  `product_id` bigint unsigned NOT NULL DEFAULT '0',
  `order` int NOT NULL DEFAULT '9999',
  `required` tinyint(1) NOT NULL DEFAULT '0' COMMENT 'Checked if this option is required',
  `created_at` timestamp NULL DEFAULT NULL,
  `updated_at` timestamp NULL DEFAULT NULL,
  PRIMARY KEY (`id`)
) ENGINE=InnoDB DEFAULT CHARSET=utf8mb4 COLLATE=utf8mb4_unicode_ci;
/*!40101 SET character_set_client = @saved_cs_client */;

--
-- Dumping data for table `ec_options`
--

LOCK TABLES `ec_options` WRITE;
/*!40000 ALTER TABLE `ec_options` DISABLE KEYS */;
/*!40000 ALTER TABLE `ec_options` ENABLE KEYS */;
UNLOCK TABLES;

--
-- Table structure for table `ec_options_translations`
--

DROP TABLE IF EXISTS `ec_options_translations`;
/*!40101 SET @saved_cs_client     = @@character_set_client */;
/*!50503 SET character_set_client = utf8mb4 */;
CREATE TABLE `ec_options_translations` (
  `lang_code` varchar(20) COLLATE utf8mb4_unicode_ci NOT NULL,
  `ec_options_id` bigint unsigned NOT NULL,
  `name` varchar(255) COLLATE utf8mb4_unicode_ci DEFAULT NULL,
  PRIMARY KEY (`lang_code`,`ec_options_id`)
) ENGINE=InnoDB DEFAULT CHARSET=utf8mb4 COLLATE=utf8mb4_unicode_ci;
/*!40101 SET character_set_client = @saved_cs_client */;

--
-- Dumping data for table `ec_options_translations`
--

LOCK TABLES `ec_options_translations` WRITE;
/*!40000 ALTER TABLE `ec_options_translations` DISABLE KEYS */;
/*!40000 ALTER TABLE `ec_options_translations` ENABLE KEYS */;
UNLOCK TABLES;

--
-- Table structure for table `ec_order_addresses`
--

DROP TABLE IF EXISTS `ec_order_addresses`;
/*!40101 SET @saved_cs_client     = @@character_set_client */;
/*!50503 SET character_set_client = utf8mb4 */;
CREATE TABLE `ec_order_addresses` (
  `id` bigint unsigned NOT NULL AUTO_INCREMENT,
  `name` varchar(255) COLLATE utf8mb4_unicode_ci NOT NULL,
  `phone` varchar(20) COLLATE utf8mb4_unicode_ci DEFAULT NULL,
  `email` varchar(120) COLLATE utf8mb4_unicode_ci DEFAULT NULL,
  `country` varchar(120) COLLATE utf8mb4_unicode_ci DEFAULT NULL,
  `state` varchar(120) COLLATE utf8mb4_unicode_ci DEFAULT NULL,
  `city` varchar(120) COLLATE utf8mb4_unicode_ci DEFAULT NULL,
  `address` varchar(255) COLLATE utf8mb4_unicode_ci DEFAULT NULL,
  `order_id` bigint unsigned NOT NULL,
  `zip_code` varchar(20) COLLATE utf8mb4_unicode_ci DEFAULT NULL,
  `type` varchar(60) COLLATE utf8mb4_unicode_ci NOT NULL DEFAULT 'shipping_address',
  PRIMARY KEY (`id`)
) ENGINE=InnoDB AUTO_INCREMENT=21 DEFAULT CHARSET=utf8mb4 COLLATE=utf8mb4_unicode_ci;
/*!40101 SET character_set_client = @saved_cs_client */;

--
-- Dumping data for table `ec_order_addresses`
--

LOCK TABLES `ec_order_addresses` WRITE;
/*!40000 ALTER TABLE `ec_order_addresses` DISABLE KEYS */;
INSERT INTO `ec_order_addresses` VALUES (1,'Mr. Jeramy Leffler','+15123055290','theo32@example.org','KN','Wisconsin','Demetriusmouth','10511 Maia Way Suite 928',1,'80398-4935','shipping_address'),(2,'Nellie Jacobs','+18439169449','gabriel.wintheiser@example.org','LT','North Carolina','Blicktown','9262 Morar Turnpike Suite 369',2,'23253-5898','shipping_address'),(3,'Mr. Jeramy Leffler','+15123055290','theo32@example.org','KN','Wisconsin','Demetriusmouth','10511 Maia Way Suite 928',3,'80398-4935','shipping_address'),(4,'Jalyn Schuster','+19305230182','njacobson@example.com','KG','South Carolina','Abbyborough','32348 Pagac Crescent',4,'24199-8231','shipping_address'),(5,'Dr. Toby Koepp','+18045040350','jerrod01@example.com','FI','Ohio','Noreneberg','906 Hilpert Manor',5,'48662-0573','shipping_address'),(6,'Horacio Lockman','+19783511621','clementina54@example.net','PT','South Carolina','Lynchhaven','42792 Wallace Fork Suite 327',6,'51956','shipping_address'),(7,'Clotilde Pfannerstill','+13609120308','john.smith@botble.com','WS','District of Columbia','Mikelland','9614 Zackary Parks Suite 872',7,'40894','shipping_address'),(8,'Jalyn Schuster','+19305230182','njacobson@example.com','KG','South Carolina','Abbyborough','32348 Pagac Crescent',8,'24199-8231','shipping_address'),(9,'Clotilde Pfannerstill','+13609120308','john.smith@botble.com','WS','District of Columbia','Mikelland','9614 Zackary Parks Suite 872',9,'40894','shipping_address'),(10,'Modesta Bednar','+16507750280','denesik.travis@example.org','BR','Idaho','Smithamborough','3733 Franecki Ridges Suite 726',10,'54414','shipping_address'),(11,'Billie Schmitt','+15204704718','tzemlak@example.com','UA','Utah','North Dayana','210 Cummerata Lights',11,'22257-6433','shipping_address'),(12,'Modesta Bednar','+16507750280','denesik.travis@example.org','BR','Idaho','Smithamborough','3733 Franecki Ridges Suite 726',12,'54414','shipping_address'),(13,'Nellie Jacobs','+18439169449','gabriel.wintheiser@example.org','LT','North Carolina','Blicktown','9262 Morar Turnpike Suite 369',13,'23253-5898','shipping_address'),(14,'Jalyn Schuster','+19305230182','njacobson@example.com','KG','South Carolina','Abbyborough','32348 Pagac Crescent',14,'24199-8231','shipping_address'),(15,'Jalyn Schuster','+19305230182','njacobson@example.com','KG','South Carolina','Abbyborough','32348 Pagac Crescent',15,'24199-8231','shipping_address'),(16,'Dr. Toby Koepp','+18045040350','jerrod01@example.com','FI','Ohio','Noreneberg','906 Hilpert Manor',16,'48662-0573','shipping_address'),(17,'Jalyn Schuster','+19305230182','njacobson@example.com','KG','South Carolina','Abbyborough','32348 Pagac Crescent',17,'24199-8231','shipping_address'),(18,'Mr. Jeramy Leffler','+15123055290','theo32@example.org','KN','Wisconsin','Demetriusmouth','10511 Maia Way Suite 928',18,'80398-4935','shipping_address'),(19,'Dr. Toby Koepp','+18045040350','jerrod01@example.com','FI','Ohio','Noreneberg','906 Hilpert Manor',19,'48662-0573','shipping_address'),(20,'Prof. Hulda Zemlak','+16059002474','brekke.stefan@example.com','HT','North Dakota','North Rhodashire','99743 Ceasar Highway Apt. 576',20,'57383-1404','shipping_address');
/*!40000 ALTER TABLE `ec_order_addresses` ENABLE KEYS */;
UNLOCK TABLES;

--
-- Table structure for table `ec_order_histories`
--

DROP TABLE IF EXISTS `ec_order_histories`;
/*!40101 SET @saved_cs_client     = @@character_set_client */;
/*!50503 SET character_set_client = utf8mb4 */;
CREATE TABLE `ec_order_histories` (
  `id` bigint unsigned NOT NULL AUTO_INCREMENT,
  `action` varchar(120) COLLATE utf8mb4_unicode_ci NOT NULL,
  `description` varchar(255) COLLATE utf8mb4_unicode_ci NOT NULL,
  `user_id` bigint unsigned DEFAULT NULL,
  `order_id` bigint unsigned NOT NULL,
  `extras` text COLLATE utf8mb4_unicode_ci,
  `created_at` timestamp NULL DEFAULT NULL,
  `updated_at` timestamp NULL DEFAULT NULL,
  PRIMARY KEY (`id`)
) ENGINE=InnoDB AUTO_INCREMENT=91 DEFAULT CHARSET=utf8mb4 COLLATE=utf8mb4_unicode_ci;
/*!40101 SET character_set_client = @saved_cs_client */;

--
-- Dumping data for table `ec_order_histories`
--

LOCK TABLES `ec_order_histories` WRITE;
/*!40000 ALTER TABLE `ec_order_histories` DISABLE KEYS */;
INSERT INTO `ec_order_histories` VALUES (1,'create_order_from_seeder','Order is created from the checkout page',NULL,1,NULL,'2023-11-06 19:05:58','2023-11-06 19:05:58'),(2,'confirm_order','Order was verified by %user_name%',0,1,NULL,'2023-11-06 19:05:58','2023-11-06 19:05:58'),(3,'confirm_payment','Payment was confirmed (amount $1,132.00) by %user_name%',0,1,NULL,'2023-11-15 03:05:58','2023-11-15 03:05:58'),(4,'create_shipment','Created shipment for order',0,1,NULL,'2023-11-15 03:05:58','2023-11-15 03:05:58'),(5,'create_order_from_seeder','Order is created from the checkout page',NULL,2,NULL,'2023-11-13 13:05:58','2023-11-13 13:05:58'),(6,'confirm_order','Order was verified by %user_name%',0,2,NULL,'2023-11-13 13:05:58','2023-11-13 13:05:58'),(7,'confirm_payment','Payment was confirmed (amount $707.00) by %user_name%',0,2,NULL,'2023-11-15 03:05:58','2023-11-15 03:05:58'),(8,'create_shipment','Created shipment for order',0,2,NULL,'2023-11-15 03:05:58','2023-11-15 03:05:58'),(9,'create_order_from_seeder','Order is created from the checkout page',NULL,3,NULL,'2023-10-31 03:05:58','2023-10-31 03:05:58'),(10,'confirm_order','Order was verified by %user_name%',0,3,NULL,'2023-10-31 03:05:58','2023-10-31 03:05:58'),(11,'create_shipment','Created shipment for order',0,3,NULL,'2023-11-15 03:05:58','2023-11-15 03:05:58'),(12,'create_order_from_seeder','Order is created from the checkout page',NULL,4,NULL,'2023-11-08 01:05:58','2023-11-08 01:05:58'),(13,'confirm_order','Order was verified by %user_name%',0,4,NULL,'2023-11-08 01:05:58','2023-11-08 01:05:58'),(14,'confirm_payment','Payment was confirmed (amount $477.00) by %user_name%',0,4,NULL,'2023-11-15 03:05:58','2023-11-15 03:05:58'),(15,'create_shipment','Created shipment for order',0,4,NULL,'2023-11-15 03:05:58','2023-11-15 03:05:58'),(16,'update_status','Changed status of shipping to: Delivered. Updated by: %user_name%',0,4,NULL,'2023-11-15 03:05:58','2023-11-15 03:05:58'),(17,'create_order_from_seeder','Order is created from the checkout page',NULL,5,NULL,'2023-11-08 11:05:58','2023-11-08 11:05:58'),(18,'confirm_order','Order was verified by %user_name%',0,5,NULL,'2023-11-08 11:05:58','2023-11-08 11:05:58'),(19,'create_shipment','Created shipment for order',0,5,NULL,'2023-11-15 03:05:58','2023-11-15 03:05:58'),(20,'update_status','Changed status of shipping to: Delivered. Updated by: %user_name%',0,5,NULL,'2023-11-15 03:05:58','2023-11-15 03:05:58'),(21,'create_order_from_seeder','Order is created from the checkout page',NULL,6,NULL,'2023-11-06 09:05:58','2023-11-06 09:05:58'),(22,'confirm_order','Order was verified by %user_name%',0,6,NULL,'2023-11-06 09:05:58','2023-11-06 09:05:58'),(23,'confirm_payment','Payment was confirmed (amount $411.00) by %user_name%',0,6,NULL,'2023-11-15 03:05:58','2023-11-15 03:05:58'),(24,'create_shipment','Created shipment for order',0,6,NULL,'2023-11-15 03:05:58','2023-11-15 03:05:58'),(25,'update_status','Changed status of shipping to: Delivered. Updated by: %user_name%',0,6,NULL,'2023-11-15 03:05:58','2023-11-15 03:05:58'),(26,'create_order_from_seeder','Order is created from the checkout page',NULL,7,NULL,'2023-11-13 23:05:58','2023-11-13 23:05:58'),(27,'confirm_order','Order was verified by %user_name%',0,7,NULL,'2023-11-13 23:05:58','2023-11-13 23:05:58'),(28,'confirm_payment','Payment was confirmed (amount $405.00) by %user_name%',0,7,NULL,'2023-11-15 03:05:58','2023-11-15 03:05:58'),(29,'create_shipment','Created shipment for order',0,7,NULL,'2023-11-15 03:05:58','2023-11-15 03:05:58'),(30,'update_status','Changed status of shipping to: Delivered. Updated by: %user_name%',0,7,NULL,'2023-11-15 03:05:58','2023-11-15 03:05:58'),(31,'create_order_from_seeder','Order is created from the checkout page',NULL,8,NULL,'2023-11-05 09:05:58','2023-11-05 09:05:58'),(32,'confirm_order','Order was verified by %user_name%',0,8,NULL,'2023-11-05 09:05:58','2023-11-05 09:05:58'),(33,'confirm_payment','Payment was confirmed (amount $737.00) by %user_name%',0,8,NULL,'2023-11-15 03:05:58','2023-11-15 03:05:58'),(34,'create_shipment','Created shipment for order',0,8,NULL,'2023-11-15 03:05:58','2023-11-15 03:05:58'),(35,'create_order_from_seeder','Order is created from the checkout page',NULL,9,NULL,'2023-11-06 03:05:58','2023-11-06 03:05:58'),(36,'confirm_order','Order was verified by %user_name%',0,9,NULL,'2023-11-06 03:05:58','2023-11-06 03:05:58'),(37,'create_shipment','Created shipment for order',0,9,NULL,'2023-11-15 03:05:58','2023-11-15 03:05:58'),(38,'create_order_from_seeder','Order is created from the checkout page',NULL,10,NULL,'2023-11-08 17:05:58','2023-11-08 17:05:58'),(39,'confirm_order','Order was verified by %user_name%',0,10,NULL,'2023-11-08 17:05:58','2023-11-08 17:05:58'),(40,'create_shipment','Created shipment for order',0,10,NULL,'2023-11-15 03:05:58','2023-11-15 03:05:58'),(41,'create_order_from_seeder','Order is created from the checkout page',NULL,11,NULL,'2023-11-12 15:05:58','2023-11-12 15:05:58'),(42,'confirm_order','Order was verified by %user_name%',0,11,NULL,'2023-11-12 15:05:58','2023-11-12 15:05:58'),(43,'confirm_payment','Payment was confirmed (amount $2,061.00) by %user_name%',0,11,NULL,'2023-11-15 03:05:58','2023-11-15 03:05:58'),(44,'create_shipment','Created shipment for order',0,11,NULL,'2023-11-15 03:05:58','2023-11-15 03:05:58'),(45,'create_order_from_seeder','Order is created from the checkout page',NULL,12,NULL,'2023-11-14 09:05:58','2023-11-14 09:05:58'),(46,'confirm_order','Order was verified by %user_name%',0,12,NULL,'2023-11-14 09:05:58','2023-11-14 09:05:58'),(47,'confirm_payment','Payment was confirmed (amount $260.00) by %user_name%',0,12,NULL,'2023-11-15 03:05:58','2023-11-15 03:05:58'),(48,'create_shipment','Created shipment for order',0,12,NULL,'2023-11-15 03:05:58','2023-11-15 03:05:58'),(49,'update_status','Changed status of shipping to: Delivered. Updated by: %user_name%',0,12,NULL,'2023-11-15 03:05:58','2023-11-15 03:05:58'),(50,'create_order_from_seeder','Order is created from the checkout page',NULL,13,NULL,'2023-11-10 11:05:58','2023-11-10 11:05:58'),(51,'confirm_order','Order was verified by %user_name%',0,13,NULL,'2023-11-10 11:05:58','2023-11-10 11:05:58'),(52,'confirm_payment','Payment was confirmed (amount $1,476.00) by %user_name%',0,13,NULL,'2023-11-15 03:05:58','2023-11-15 03:05:58'),(53,'create_shipment','Created shipment for order',0,13,NULL,'2023-11-15 03:05:58','2023-11-15 03:05:58'),(54,'create_order_from_seeder','Order is created from the checkout page',NULL,14,NULL,'2023-11-09 07:05:58','2023-11-09 07:05:58'),(55,'confirm_order','Order was verified by %user_name%',0,14,NULL,'2023-11-09 07:05:58','2023-11-09 07:05:58'),(56,'confirm_payment','Payment was confirmed (amount $1,656.00) by %user_name%',0,14,NULL,'2023-11-15 03:05:58','2023-11-15 03:05:58'),(57,'create_shipment','Created shipment for order',0,14,NULL,'2023-11-15 03:05:58','2023-11-15 03:05:58'),(58,'update_status','Changed status of shipping to: Delivered. Updated by: %user_name%',0,14,NULL,'2023-11-15 03:05:58','2023-11-15 03:05:58'),(59,'create_order_from_seeder','Order is created from the checkout page',NULL,15,NULL,'2023-11-10 15:05:58','2023-11-10 15:05:58'),(60,'confirm_order','Order was verified by %user_name%',0,15,NULL,'2023-11-10 15:05:58','2023-11-10 15:05:58'),(61,'confirm_payment','Payment was confirmed (amount $216.00) by %user_name%',0,15,NULL,'2023-11-15 03:05:58','2023-11-15 03:05:58'),(62,'create_shipment','Created shipment for order',0,15,NULL,'2023-11-15 03:05:58','2023-11-15 03:05:58'),(63,'update_status','Changed status of shipping to: Delivered. Updated by: %user_name%',0,15,NULL,'2023-11-15 03:05:58','2023-11-15 03:05:58'),(64,'create_order_from_seeder','Order is created from the checkout page',NULL,16,NULL,'2023-11-11 19:05:58','2023-11-11 19:05:58'),(65,'confirm_order','Order was verified by %user_name%',0,16,NULL,'2023-11-11 19:05:58','2023-11-11 19:05:58'),(66,'create_shipment','Created shipment for order',0,16,NULL,'2023-11-15 03:05:58','2023-11-15 03:05:58'),(67,'update_status','Changed status of shipping to: Delivered. Updated by: %user_name%',0,16,NULL,'2023-11-15 03:05:58','2023-11-15 03:05:58'),(68,'create_order_from_seeder','Order is created from the checkout page',NULL,17,NULL,'2023-11-13 19:05:58','2023-11-13 19:05:58'),(69,'confirm_order','Order was verified by %user_name%',0,17,NULL,'2023-11-13 19:05:58','2023-11-13 19:05:58'),(70,'confirm_payment','Payment was confirmed (amount $1,824.00) by %user_name%',0,17,NULL,'2023-11-15 03:05:58','2023-11-15 03:05:58'),(71,'create_shipment','Created shipment for order',0,17,NULL,'2023-11-15 03:05:58','2023-11-15 03:05:58'),(72,'update_status','Changed status of shipping to: Delivered. Updated by: %user_name%',0,17,NULL,'2023-11-15 03:05:58','2023-11-15 03:05:58'),(73,'create_order_from_seeder','Order is created from the checkout page',NULL,18,NULL,'2023-11-14 03:05:58','2023-11-14 03:05:58'),(74,'confirm_order','Order was verified by %user_name%',0,18,NULL,'2023-11-14 03:05:58','2023-11-14 03:05:58'),(75,'create_shipment','Created shipment for order',0,18,NULL,'2023-11-15 03:05:59','2023-11-15 03:05:59'),(76,'create_order_from_seeder','Order is created from the checkout page',NULL,19,NULL,'2023-11-13 15:05:59','2023-11-13 15:05:59'),(77,'confirm_order','Order was verified by %user_name%',0,19,NULL,'2023-11-13 15:05:59','2023-11-13 15:05:59'),(78,'confirm_payment','Payment was confirmed (amount $651.00) by %user_name%',0,19,NULL,'2023-11-15 03:05:59','2023-11-15 03:05:59'),(79,'create_shipment','Created shipment for order',0,19,NULL,'2023-11-15 03:05:59','2023-11-15 03:05:59'),(80,'create_order_from_seeder','Order is created from the checkout page',NULL,20,NULL,'2023-11-14 17:05:59','2023-11-14 17:05:59'),(81,'confirm_order','Order was verified by %user_name%',0,20,NULL,'2023-11-14 17:05:59','2023-11-14 17:05:59'),(82,'create_shipment','Created shipment for order',0,20,NULL,'2023-11-15 03:05:59','2023-11-15 03:05:59'),(83,'update_status','Changed status of shipping to: Delivered. Updated by: %user_name%',0,20,NULL,'2023-11-15 03:05:59','2023-11-15 03:05:59'),(84,'update_status','Order confirmed by %user_name%',0,4,NULL,'2023-11-15 03:05:59','2023-11-15 03:05:59'),(85,'update_status','Order confirmed by %user_name%',0,6,NULL,'2023-11-15 03:05:59','2023-11-15 03:05:59'),(86,'update_status','Order confirmed by %user_name%',0,7,NULL,'2023-11-15 03:05:59','2023-11-15 03:05:59'),(87,'update_status','Order confirmed by %user_name%',0,12,NULL,'2023-11-15 03:05:59','2023-11-15 03:05:59'),(88,'update_status','Order confirmed by %user_name%',0,14,NULL,'2023-11-15 03:05:59','2023-11-15 03:05:59'),(89,'update_status','Order confirmed by %user_name%',0,15,NULL,'2023-11-15 03:05:59','2023-11-15 03:05:59'),(90,'update_status','Order confirmed by %user_name%',0,17,NULL,'2023-11-15 03:05:59','2023-11-15 03:05:59');
/*!40000 ALTER TABLE `ec_order_histories` ENABLE KEYS */;
UNLOCK TABLES;

--
-- Table structure for table `ec_order_product`
--

DROP TABLE IF EXISTS `ec_order_product`;
/*!40101 SET @saved_cs_client     = @@character_set_client */;
/*!50503 SET character_set_client = utf8mb4 */;
CREATE TABLE `ec_order_product` (
  `id` bigint unsigned NOT NULL AUTO_INCREMENT,
  `order_id` bigint unsigned NOT NULL,
  `qty` int NOT NULL,
  `price` decimal(15,2) NOT NULL,
  `tax_amount` decimal(15,2) NOT NULL,
  `options` text COLLATE utf8mb4_unicode_ci,
  `product_options` text COLLATE utf8mb4_unicode_ci COMMENT 'product option data',
  `product_id` bigint unsigned DEFAULT NULL,
  `product_name` varchar(191) COLLATE utf8mb4_unicode_ci NOT NULL,
  `product_image` varchar(255) COLLATE utf8mb4_unicode_ci DEFAULT NULL,
  `weight` double(8,2) DEFAULT '0.00',
  `restock_quantity` int unsigned DEFAULT '0',
  `created_at` timestamp NULL DEFAULT NULL,
  `updated_at` timestamp NULL DEFAULT NULL,
  `product_type` varchar(60) COLLATE utf8mb4_unicode_ci NOT NULL DEFAULT 'physical',
  `times_downloaded` int NOT NULL DEFAULT '0',
  `license_code` char(36) COLLATE utf8mb4_unicode_ci DEFAULT NULL,
  PRIMARY KEY (`id`)
) ENGINE=InnoDB AUTO_INCREMENT=55 DEFAULT CHARSET=utf8mb4 COLLATE=utf8mb4_unicode_ci;
/*!40101 SET character_set_client = @saved_cs_client */;

--
-- Dumping data for table `ec_order_product`
--

LOCK TABLES `ec_order_product` WRITE;
/*!40000 ALTER TABLE `ec_order_product` DISABLE KEYS */;
INSERT INTO `ec_order_product` VALUES (1,1,3,282.00,0.00,'[]',NULL,13,'Gucci Zip Around Wallet','products/3.jpg',2298.00,0,'2023-11-15 03:05:58','2023-11-15 03:05:58','physical',0,NULL),(2,1,2,87.00,0.00,'[]',NULL,19,'Joan Mini Camera Bag','products/5-2.jpg',1280.00,0,'2023-11-15 03:05:58','2023-11-15 03:05:58','digital',8,NULL),(3,1,2,56.00,0.00,'[]',NULL,25,'The Marc Jacobs','products/7-1.jpg',1630.00,0,'2023-11-15 03:05:58','2023-11-15 03:05:58','physical',0,NULL),(4,2,3,217.00,0.00,'[]',NULL,15,'Snapshot Standard','products/4.jpg',2691.00,0,'2023-11-15 03:05:58','2023-11-15 03:05:58','physical',0,NULL),(5,2,1,56.00,0.00,'[]',NULL,25,'The Marc Jacobs','products/7-1.jpg',815.00,0,'2023-11-15 03:05:58','2023-11-15 03:05:58','physical',0,NULL),(6,3,2,282.00,0.00,'[]',NULL,12,'Clutch handmade','products/2-2.jpg',1362.00,0,'2023-11-15 03:05:58','2023-11-15 03:05:58','physical',0,NULL),(7,3,1,87.00,0.00,'[]',NULL,18,'Joan Mini Camera Bag','products/5-1.jpg',640.00,0,'2023-11-15 03:05:58','2023-11-15 03:05:58','digital',5,NULL),(8,4,1,217.00,0.00,'[]',NULL,15,'Snapshot Standard','products/4.jpg',897.00,0,'2023-11-15 03:05:58','2023-11-15 03:05:58','physical',0,NULL),(9,4,2,87.00,0.00,'[]',NULL,19,'Joan Mini Camera Bag','products/5-2.jpg',1280.00,0,'2023-11-15 03:05:58','2023-11-15 03:05:58','digital',0,NULL),(10,4,2,43.00,0.00,'[]',NULL,22,'Cyan Boheme','products/6.jpg',1024.00,0,'2023-11-15 03:05:58','2023-11-15 03:05:58','physical',0,NULL),(11,5,3,282.00,0.00,'[]',NULL,10,'Clutch handmade','products/2.jpg',2043.00,0,'2023-11-15 03:05:58','2023-11-15 03:05:58','physical',0,NULL),(12,5,3,43.00,0.00,'[]',NULL,22,'Cyan Boheme','products/6.jpg',1536.00,0,'2023-11-15 03:05:58','2023-11-15 03:05:58','physical',0,NULL),(13,5,2,123.00,0.00,'[]',NULL,28,'Round Cross body Bag','products/8.jpg',1510.00,0,'2023-11-15 03:05:58','2023-11-15 03:05:58','physical',0,NULL),(14,6,1,282.00,0.00,'[]',NULL,13,'Gucci Zip Around Wallet','products/3.jpg',766.00,0,'2023-11-15 03:05:58','2023-11-15 03:05:58','physical',0,NULL),(15,6,3,43.00,0.00,'[]',NULL,23,'Cyan Boheme','products/6.jpg',1536.00,0,'2023-11-15 03:05:58','2023-11-15 03:05:58','physical',0,NULL),(16,7,1,282.00,0.00,'[]',NULL,11,'Clutch handmade','products/2-1.jpg',681.00,0,'2023-11-15 03:05:58','2023-11-15 03:05:58','physical',0,NULL),(17,7,1,123.00,0.00,'[]',NULL,26,'Round Cross body Bag','products/8.jpg',755.00,0,'2023-11-15 03:05:58','2023-11-15 03:05:58','physical',0,NULL),(18,8,1,282.00,0.00,'[]',NULL,14,'Gucci Zip Around Wallet','products/3-1.jpg',766.00,0,'2023-11-15 03:05:58','2023-11-15 03:05:58','physical',0,NULL),(19,8,2,43.00,0.00,'[]',NULL,22,'Cyan Boheme','products/6.jpg',1024.00,0,'2023-11-15 03:05:58','2023-11-15 03:05:58','physical',0,NULL),(20,8,2,123.00,0.00,'[]',NULL,26,'Round Cross body Bag','products/8.jpg',1510.00,0,'2023-11-15 03:05:58','2023-11-15 03:05:58','physical',0,NULL),(21,8,1,123.00,0.00,'[]',NULL,28,'Round Cross body Bag','products/8.jpg',755.00,0,'2023-11-15 03:05:58','2023-11-15 03:05:58','physical',0,NULL),(22,9,1,56.00,0.00,'[]',NULL,24,'The Marc Jacobs','products/7.jpg',815.00,0,'2023-11-15 03:05:58','2023-11-15 03:05:58','physical',0,NULL),(23,9,1,56.00,0.00,'[]',NULL,25,'The Marc Jacobs','products/7-1.jpg',815.00,0,'2023-11-15 03:05:58','2023-11-15 03:05:58','physical',0,NULL),(24,10,1,282.00,0.00,'[]',NULL,14,'Gucci Zip Around Wallet','products/3-1.jpg',766.00,0,'2023-11-15 03:05:58','2023-11-15 03:05:58','physical',0,NULL),(25,10,2,43.00,0.00,'[]',NULL,22,'Cyan Boheme','products/6.jpg',1024.00,0,'2023-11-15 03:05:58','2023-11-15 03:05:58','physical',0,NULL),(26,11,3,282.00,0.00,'[]',NULL,10,'Clutch handmade','products/2.jpg',2043.00,0,'2023-11-15 03:05:58','2023-11-15 03:05:58','physical',0,NULL),(27,11,1,282.00,0.00,'[]',NULL,11,'Clutch handmade','products/2-1.jpg',681.00,0,'2023-11-15 03:05:58','2023-11-15 03:05:58','physical',0,NULL),(28,11,2,282.00,0.00,'[]',NULL,14,'Gucci Zip Around Wallet','products/3-1.jpg',1532.00,0,'2023-11-15 03:05:58','2023-11-15 03:05:58','physical',0,NULL),(29,11,3,123.00,0.00,'[]',NULL,28,'Round Cross body Bag','products/8.jpg',2265.00,0,'2023-11-15 03:05:58','2023-11-15 03:05:58','physical',0,NULL),(30,12,2,87.00,0.00,'[]',NULL,17,'Joan Mini Camera Bag','products/5.jpg',1280.00,0,'2023-11-15 03:05:58','2023-11-15 03:05:58','digital',5,NULL),(31,12,2,43.00,0.00,'[]',NULL,23,'Cyan Boheme','products/6.jpg',1024.00,0,'2023-11-15 03:05:58','2023-11-15 03:05:58','physical',0,NULL),(32,13,2,282.00,0.00,'[]',NULL,13,'Gucci Zip Around Wallet','products/3.jpg',1532.00,0,'2023-11-15 03:05:58','2023-11-15 03:05:58','physical',0,NULL),(33,13,1,282.00,0.00,'[]',NULL,14,'Gucci Zip Around Wallet','products/3-1.jpg',766.00,0,'2023-11-15 03:05:58','2023-11-15 03:05:58','physical',0,NULL),(34,13,3,87.00,0.00,'[]',NULL,18,'Joan Mini Camera Bag','products/5-1.jpg',1920.00,0,'2023-11-15 03:05:58','2023-11-15 03:05:58','digital',0,NULL),(35,13,3,123.00,0.00,'[]',NULL,28,'Round Cross body Bag','products/8.jpg',2265.00,0,'2023-11-15 03:05:58','2023-11-15 03:05:58','physical',0,NULL),(36,14,2,282.00,0.00,'[]',NULL,10,'Clutch handmade','products/2.jpg',1362.00,0,'2023-11-15 03:05:58','2023-11-15 03:05:58','physical',0,NULL),(37,14,3,282.00,0.00,'[]',NULL,11,'Clutch handmade','products/2-1.jpg',2043.00,0,'2023-11-15 03:05:58','2023-11-15 03:05:58','physical',0,NULL),(38,14,2,123.00,0.00,'[]',NULL,27,'Round Cross body Bag','products/8.jpg',1510.00,0,'2023-11-15 03:05:58','2023-11-15 03:05:58','physical',0,NULL),(39,15,1,87.00,0.00,'[]',NULL,19,'Joan Mini Camera Bag','products/5-2.jpg',640.00,0,'2023-11-15 03:05:58','2023-11-15 03:05:58','digital',5,NULL),(40,15,3,43.00,0.00,'[]',NULL,23,'Cyan Boheme','products/6.jpg',1536.00,0,'2023-11-15 03:05:58','2023-11-15 03:05:58','physical',0,NULL),(41,16,2,282.00,0.00,'[]',NULL,10,'Clutch handmade','products/2.jpg',1362.00,0,'2023-11-15 03:05:58','2023-11-15 03:05:58','physical',0,NULL),(42,16,1,87.00,0.00,'[]',NULL,19,'Joan Mini Camera Bag','products/5-2.jpg',640.00,0,'2023-11-15 03:05:58','2023-11-15 03:05:58','digital',3,NULL),(43,17,3,417.00,0.00,'[]',NULL,9,'Wallet handmade','products/1.jpg',1572.00,0,'2023-11-15 03:05:58','2023-11-15 03:05:58','digital',5,NULL),(44,17,1,282.00,0.00,'[]',NULL,10,'Clutch handmade','products/2.jpg',681.00,0,'2023-11-15 03:05:58','2023-11-15 03:05:58','physical',0,NULL),(45,17,3,56.00,0.00,'[]',NULL,24,'The Marc Jacobs','products/7.jpg',2445.00,0,'2023-11-15 03:05:58','2023-11-15 03:05:58','physical',0,NULL),(46,17,1,123.00,0.00,'[]',NULL,27,'Round Cross body Bag','products/8.jpg',755.00,0,'2023-11-15 03:05:58','2023-11-15 03:05:58','physical',0,NULL),(47,18,1,282.00,0.00,'[]',NULL,12,'Clutch handmade','products/2-2.jpg',681.00,0,'2023-11-15 03:05:58','2023-11-15 03:05:58','physical',0,NULL),(48,18,2,87.00,0.00,'[]',NULL,18,'Joan Mini Camera Bag','products/5-1.jpg',1280.00,0,'2023-11-15 03:05:58','2023-11-15 03:05:58','digital',5,NULL),(49,18,3,56.00,0.00,'[]',NULL,25,'The Marc Jacobs','products/7-1.jpg',2445.00,0,'2023-11-15 03:05:58','2023-11-15 03:05:58','physical',0,NULL),(50,18,1,123.00,0.00,'[]',NULL,27,'Round Cross body Bag','products/8.jpg',755.00,0,'2023-11-15 03:05:59','2023-11-15 03:05:59','physical',0,NULL),(51,19,2,282.00,0.00,'[]',NULL,14,'Gucci Zip Around Wallet','products/3-1.jpg',1532.00,0,'2023-11-15 03:05:59','2023-11-15 03:05:59','physical',0,NULL),(52,19,1,87.00,0.00,'[]',NULL,18,'Joan Mini Camera Bag','products/5-1.jpg',640.00,0,'2023-11-15 03:05:59','2023-11-15 03:05:59','digital',9,NULL),(53,20,2,282.00,0.00,'[]',NULL,14,'Gucci Zip Around Wallet','products/3-1.jpg',1532.00,0,'2023-11-15 03:05:59','2023-11-15 03:05:59','physical',0,NULL),(54,20,2,87.00,0.00,'[]',NULL,17,'Joan Mini Camera Bag','products/5.jpg',1280.00,0,'2023-11-15 03:05:59','2023-11-15 03:05:59','digital',6,NULL);
/*!40000 ALTER TABLE `ec_order_product` ENABLE KEYS */;
UNLOCK TABLES;

--
-- Table structure for table `ec_order_referrals`
--

DROP TABLE IF EXISTS `ec_order_referrals`;
/*!40101 SET @saved_cs_client     = @@character_set_client */;
/*!50503 SET character_set_client = utf8mb4 */;
CREATE TABLE `ec_order_referrals` (
  `id` bigint unsigned NOT NULL AUTO_INCREMENT,
  `ip` varchar(39) COLLATE utf8mb4_unicode_ci DEFAULT NULL,
  `landing_domain` varchar(255) COLLATE utf8mb4_unicode_ci DEFAULT NULL,
  `landing_page` varchar(255) COLLATE utf8mb4_unicode_ci DEFAULT NULL,
  `landing_params` varchar(255) COLLATE utf8mb4_unicode_ci DEFAULT NULL,
  `referral` varchar(255) COLLATE utf8mb4_unicode_ci DEFAULT NULL,
  `gclid` varchar(255) COLLATE utf8mb4_unicode_ci DEFAULT NULL,
  `fclid` varchar(255) COLLATE utf8mb4_unicode_ci DEFAULT NULL,
  `utm_source` varchar(255) COLLATE utf8mb4_unicode_ci DEFAULT NULL,
  `utm_campaign` varchar(255) COLLATE utf8mb4_unicode_ci DEFAULT NULL,
  `utm_medium` varchar(255) COLLATE utf8mb4_unicode_ci DEFAULT NULL,
  `utm_term` varchar(255) COLLATE utf8mb4_unicode_ci DEFAULT NULL,
  `utm_content` varchar(255) COLLATE utf8mb4_unicode_ci DEFAULT NULL,
  `referrer_url` text COLLATE utf8mb4_unicode_ci,
  `referrer_domain` varchar(255) COLLATE utf8mb4_unicode_ci DEFAULT NULL,
  `order_id` bigint unsigned DEFAULT NULL,
  `created_at` timestamp NULL DEFAULT NULL,
  `updated_at` timestamp NULL DEFAULT NULL,
  PRIMARY KEY (`id`),
  KEY `ec_order_referrals_order_id_index` (`order_id`)
) ENGINE=InnoDB DEFAULT CHARSET=utf8mb4 COLLATE=utf8mb4_unicode_ci;
/*!40101 SET character_set_client = @saved_cs_client */;

--
-- Dumping data for table `ec_order_referrals`
--

LOCK TABLES `ec_order_referrals` WRITE;
/*!40000 ALTER TABLE `ec_order_referrals` DISABLE KEYS */;
/*!40000 ALTER TABLE `ec_order_referrals` ENABLE KEYS */;
UNLOCK TABLES;

--
-- Table structure for table `ec_order_return_items`
--

DROP TABLE IF EXISTS `ec_order_return_items`;
/*!40101 SET @saved_cs_client     = @@character_set_client */;
/*!50503 SET character_set_client = utf8mb4 */;
CREATE TABLE `ec_order_return_items` (
  `id` bigint unsigned NOT NULL AUTO_INCREMENT,
  `order_return_id` bigint unsigned NOT NULL COMMENT 'Order return ID',
  `order_product_id` bigint unsigned NOT NULL COMMENT 'Order product ID',
  `product_id` bigint unsigned NOT NULL COMMENT 'Product ID',
  `product_name` varchar(255) COLLATE utf8mb4_unicode_ci NOT NULL,
  `product_image` varchar(255) COLLATE utf8mb4_unicode_ci DEFAULT NULL,
  `qty` int NOT NULL COMMENT 'Quantity return',
  `price` decimal(15,2) NOT NULL COMMENT 'Price Product',
  `reason` text COLLATE utf8mb4_unicode_ci,
  `created_at` timestamp NULL DEFAULT NULL,
  `updated_at` timestamp NULL DEFAULT NULL,
  `refund_amount` decimal(12,2) DEFAULT '0.00',
  PRIMARY KEY (`id`)
) ENGINE=InnoDB DEFAULT CHARSET=utf8mb4 COLLATE=utf8mb4_unicode_ci;
/*!40101 SET character_set_client = @saved_cs_client */;

--
-- Dumping data for table `ec_order_return_items`
--

LOCK TABLES `ec_order_return_items` WRITE;
/*!40000 ALTER TABLE `ec_order_return_items` DISABLE KEYS */;
/*!40000 ALTER TABLE `ec_order_return_items` ENABLE KEYS */;
UNLOCK TABLES;

--
-- Table structure for table `ec_order_returns`
--

DROP TABLE IF EXISTS `ec_order_returns`;
/*!40101 SET @saved_cs_client     = @@character_set_client */;
/*!50503 SET character_set_client = utf8mb4 */;
CREATE TABLE `ec_order_returns` (
  `id` bigint unsigned NOT NULL AUTO_INCREMENT,
  `code` varchar(191) COLLATE utf8mb4_unicode_ci DEFAULT NULL,
  `order_id` bigint unsigned NOT NULL COMMENT 'Order ID',
  `store_id` bigint unsigned DEFAULT NULL COMMENT 'Store ID',
  `user_id` bigint unsigned NOT NULL COMMENT 'Customer ID',
  `reason` text COLLATE utf8mb4_unicode_ci COMMENT 'Reason return order',
  `order_status` varchar(255) COLLATE utf8mb4_unicode_ci DEFAULT NULL COMMENT 'Order current status',
  `return_status` varchar(255) COLLATE utf8mb4_unicode_ci NOT NULL COMMENT 'Return status',
  `created_at` timestamp NULL DEFAULT NULL,
  `updated_at` timestamp NULL DEFAULT NULL,
  PRIMARY KEY (`id`),
  UNIQUE KEY `ec_order_returns_code_unique` (`code`)
) ENGINE=InnoDB DEFAULT CHARSET=utf8mb4 COLLATE=utf8mb4_unicode_ci;
/*!40101 SET character_set_client = @saved_cs_client */;

--
-- Dumping data for table `ec_order_returns`
--

LOCK TABLES `ec_order_returns` WRITE;
/*!40000 ALTER TABLE `ec_order_returns` DISABLE KEYS */;
/*!40000 ALTER TABLE `ec_order_returns` ENABLE KEYS */;
UNLOCK TABLES;

--
-- Table structure for table `ec_order_tax_information`
--

DROP TABLE IF EXISTS `ec_order_tax_information`;
/*!40101 SET @saved_cs_client     = @@character_set_client */;
/*!50503 SET character_set_client = utf8mb4 */;
CREATE TABLE `ec_order_tax_information` (
  `id` bigint unsigned NOT NULL AUTO_INCREMENT,
  `order_id` bigint unsigned NOT NULL,
  `company_name` varchar(120) COLLATE utf8mb4_unicode_ci NOT NULL,
  `company_address` varchar(255) COLLATE utf8mb4_unicode_ci NOT NULL,
  `company_tax_code` varchar(20) COLLATE utf8mb4_unicode_ci NOT NULL,
  `company_email` varchar(60) COLLATE utf8mb4_unicode_ci NOT NULL,
  `created_at` timestamp NULL DEFAULT NULL,
  `updated_at` timestamp NULL DEFAULT NULL,
  PRIMARY KEY (`id`),
  KEY `ec_order_tax_information_order_id_index` (`order_id`)
) ENGINE=InnoDB DEFAULT CHARSET=utf8mb4 COLLATE=utf8mb4_unicode_ci;
/*!40101 SET character_set_client = @saved_cs_client */;

--
-- Dumping data for table `ec_order_tax_information`
--

LOCK TABLES `ec_order_tax_information` WRITE;
/*!40000 ALTER TABLE `ec_order_tax_information` DISABLE KEYS */;
/*!40000 ALTER TABLE `ec_order_tax_information` ENABLE KEYS */;
UNLOCK TABLES;

--
-- Table structure for table `ec_orders`
--

DROP TABLE IF EXISTS `ec_orders`;
/*!40101 SET @saved_cs_client     = @@character_set_client */;
/*!50503 SET character_set_client = utf8mb4 */;
CREATE TABLE `ec_orders` (
  `id` bigint unsigned NOT NULL AUTO_INCREMENT,
  `code` varchar(255) COLLATE utf8mb4_unicode_ci DEFAULT NULL,
  `user_id` bigint unsigned NOT NULL,
  `shipping_option` varchar(60) COLLATE utf8mb4_unicode_ci DEFAULT NULL,
  `shipping_method` varchar(60) COLLATE utf8mb4_unicode_ci NOT NULL DEFAULT 'default',
  `status` varchar(120) COLLATE utf8mb4_unicode_ci NOT NULL DEFAULT 'pending',
  `amount` decimal(15,2) NOT NULL,
  `tax_amount` decimal(15,2) DEFAULT NULL,
  `shipping_amount` decimal(15,2) DEFAULT NULL,
  `description` text COLLATE utf8mb4_unicode_ci,
  `coupon_code` varchar(120) COLLATE utf8mb4_unicode_ci DEFAULT NULL,
  `discount_amount` decimal(15,2) DEFAULT NULL,
  `sub_total` decimal(15,2) NOT NULL,
  `is_confirmed` tinyint(1) NOT NULL DEFAULT '0',
  `discount_description` varchar(255) COLLATE utf8mb4_unicode_ci DEFAULT NULL,
  `is_finished` tinyint(1) DEFAULT '0',
  `completed_at` timestamp NULL DEFAULT NULL,
  `token` varchar(120) COLLATE utf8mb4_unicode_ci DEFAULT NULL,
  `payment_id` bigint unsigned DEFAULT NULL,
  `created_at` timestamp NULL DEFAULT NULL,
  `updated_at` timestamp NULL DEFAULT NULL,
  PRIMARY KEY (`id`),
  UNIQUE KEY `ec_orders_code_unique` (`code`),
  KEY `ec_orders_user_id_status_created_at_index` (`user_id`,`status`,`created_at`)
) ENGINE=InnoDB AUTO_INCREMENT=21 DEFAULT CHARSET=utf8mb4 COLLATE=utf8mb4_unicode_ci;
/*!40101 SET character_set_client = @saved_cs_client */;

--
-- Dumping data for table `ec_orders`
--

LOCK TABLES `ec_orders` WRITE;
/*!40000 ALTER TABLE `ec_orders` DISABLE KEYS */;
INSERT INTO `ec_orders` VALUES (1,'#10000001',8,'1','default','pending',1132.00,0.00,0.00,NULL,NULL,0.00,1132.00,1,NULL,1,NULL,'HbnuGanGTs3fPd2cWQgoGj9aw7Oyu',1,'2023-11-06 19:05:58','2023-11-15 03:05:58'),(2,'#10000002',6,'1','default','pending',707.00,0.00,0.00,NULL,NULL,0.00,707.00,1,NULL,1,NULL,'WEx2YCE7C19Di2IbZHtRddkoskKpM',2,'2023-11-13 13:05:58','2023-11-15 03:05:58'),(3,'#10000003',8,'1','default','pending',651.00,0.00,0.00,NULL,NULL,0.00,651.00,1,NULL,1,NULL,'rnheskG0nxnWN0OP5CI2C2hMPisK1',3,'2023-10-31 03:05:58','2023-11-15 03:05:58'),(4,'#10000004',4,'1','default','completed',477.00,0.00,0.00,NULL,NULL,0.00,477.00,1,NULL,1,'2023-11-15 03:05:59','LVf0ojjdvY1gcamqBo4wc6e9whQpd',4,'2023-11-08 01:05:58','2023-11-15 03:05:59'),(5,'#10000005',10,'1','default','completed',1221.00,0.00,0.00,NULL,NULL,0.00,1221.00,1,NULL,1,'2023-11-15 03:05:58','5MLs0foZ1dW4J7ORHyDbpSfxKh6gj',5,'2023-11-08 11:05:58','2023-11-15 03:05:58'),(6,'#10000006',9,'1','default','completed',411.00,0.00,0.00,NULL,NULL,0.00,411.00,1,NULL,1,'2023-11-15 03:05:59','prpDPaX8ByXySYr8AZdH3brO5rZKY',6,'2023-11-06 09:05:58','2023-11-15 03:05:59'),(7,'#10000007',2,'1','default','completed',405.00,0.00,0.00,NULL,NULL,0.00,405.00,1,NULL,1,'2023-11-15 03:05:59','CryTkkkV8ma6rcps5DPOZWaQcxBok',7,'2023-11-13 23:05:58','2023-11-15 03:05:59'),(8,'#10000008',4,'1','default','pending',737.00,0.00,0.00,NULL,NULL,0.00,737.00,1,NULL,1,NULL,'zO5O1TqXX5Wt987aQYOIIXnlsYfBe',8,'2023-11-05 09:05:58','2023-11-15 03:05:58'),(9,'#10000009',2,'1','default','pending',112.00,0.00,0.00,NULL,NULL,0.00,112.00,1,NULL,1,NULL,'zWUqPvBlNSxM0enYo9y0o9VT02Ese',9,'2023-11-06 03:05:58','2023-11-15 03:05:58'),(10,'#10000010',7,'1','default','pending',368.00,0.00,0.00,NULL,NULL,0.00,368.00,1,NULL,1,NULL,'QbnCsHUhLDUAhNjQ89vBtyYIYLjP1',10,'2023-11-08 17:05:58','2023-11-15 03:05:58'),(11,'#10000011',5,'1','default','pending',2061.00,0.00,0.00,NULL,NULL,0.00,2061.00,1,NULL,1,NULL,'QnKjmakZRo8zv0tIPtfewyLHzfXFg',11,'2023-11-12 15:05:58','2023-11-15 03:05:58'),(12,'#10000012',7,'1','default','completed',260.00,0.00,0.00,NULL,NULL,0.00,260.00,1,NULL,1,'2023-11-15 03:05:59','FDokSIogPL5bAQCi0mmqiBMYpJ4lA',12,'2023-11-14 09:05:58','2023-11-15 03:05:59'),(13,'#10000013',6,'1','default','pending',1476.00,0.00,0.00,NULL,NULL,0.00,1476.00,1,NULL,1,NULL,'tDBj7QNQ9M9I07AyBjHAqQUL8745Q',13,'2023-11-10 11:05:58','2023-11-15 03:05:58'),(14,'#10000014',4,'1','default','completed',1656.00,0.00,0.00,NULL,NULL,0.00,1656.00,1,NULL,1,'2023-11-15 03:05:59','tfY5wZ2sVxFyIAvRy85xkhQUOIVnp',14,'2023-11-09 07:05:58','2023-11-15 03:05:59'),(15,'#10000015',4,'1','default','completed',216.00,0.00,0.00,NULL,NULL,0.00,216.00,1,NULL,1,'2023-11-15 03:05:59','ViAHfz4k0w6G0dh7kmmwh1Iav6wR0',15,'2023-11-10 15:05:58','2023-11-15 03:05:59'),(16,'#10000016',10,'1','default','completed',651.00,0.00,0.00,NULL,NULL,0.00,651.00,1,NULL,1,'2023-11-15 03:05:58','zFBLYINkVyusKymo6NqYvIwfkIVTY',16,'2023-11-11 19:05:58','2023-11-15 03:05:58'),(17,'#10000017',4,'1','default','completed',1824.00,0.00,0.00,NULL,NULL,0.00,1824.00,1,NULL,1,'2023-11-15 03:05:59','UMGawHd8aWxecTjGqo4S5IPnBuYIZ',17,'2023-11-13 19:05:58','2023-11-15 03:05:59'),(18,'#10000018',8,'1','default','pending',747.00,0.00,0.00,NULL,NULL,0.00,747.00,1,NULL,1,NULL,'Z0ALbRb15ZBzghKbpfw5rpqXBr54E',18,'2023-11-14 03:05:58','2023-11-15 03:05:59'),(19,'#10000019',10,'1','default','pending',651.00,0.00,0.00,NULL,NULL,0.00,651.00,1,NULL,1,NULL,'yyMKjIwV9HlRe09sTP9QmSCHAsi6S',19,'2023-11-13 15:05:59','2023-11-15 03:05:59'),(20,'#10000020',3,'1','default','completed',738.00,0.00,0.00,NULL,NULL,0.00,738.00,1,NULL,1,'2023-11-15 03:05:59','DUOydiaInAhoCBBo9VxE7YlAxyop3',20,'2023-11-14 17:05:59','2023-11-15 03:05:59');
/*!40000 ALTER TABLE `ec_orders` ENABLE KEYS */;
UNLOCK TABLES;

--
-- Table structure for table `ec_product_attribute_sets`
--

DROP TABLE IF EXISTS `ec_product_attribute_sets`;
/*!40101 SET @saved_cs_client     = @@character_set_client */;
/*!50503 SET character_set_client = utf8mb4 */;
CREATE TABLE `ec_product_attribute_sets` (
  `id` bigint unsigned NOT NULL AUTO_INCREMENT,
  `title` varchar(120) COLLATE utf8mb4_unicode_ci NOT NULL,
  `slug` varchar(120) COLLATE utf8mb4_unicode_ci DEFAULT NULL,
  `display_layout` varchar(191) COLLATE utf8mb4_unicode_ci NOT NULL DEFAULT 'swatch_dropdown',
  `is_searchable` tinyint unsigned NOT NULL DEFAULT '1',
  `is_comparable` tinyint unsigned NOT NULL DEFAULT '1',
  `is_use_in_product_listing` tinyint unsigned NOT NULL DEFAULT '0',
  `status` varchar(60) COLLATE utf8mb4_unicode_ci NOT NULL DEFAULT 'published',
  `order` tinyint unsigned NOT NULL DEFAULT '0',
  `created_at` timestamp NULL DEFAULT NULL,
  `updated_at` timestamp NULL DEFAULT NULL,
  `use_image_from_product_variation` tinyint unsigned NOT NULL DEFAULT '0',
  PRIMARY KEY (`id`)
) ENGINE=InnoDB AUTO_INCREMENT=3 DEFAULT CHARSET=utf8mb4 COLLATE=utf8mb4_unicode_ci;
/*!40101 SET character_set_client = @saved_cs_client */;

--
-- Dumping data for table `ec_product_attribute_sets`
--

LOCK TABLES `ec_product_attribute_sets` WRITE;
/*!40000 ALTER TABLE `ec_product_attribute_sets` DISABLE KEYS */;
INSERT INTO `ec_product_attribute_sets` VALUES (1,'Color','color','visual',1,1,1,'published',0,'2023-11-15 03:05:52','2023-11-15 03:05:52',1),(2,'Size','size','text',1,1,1,'published',1,'2023-11-15 03:05:52','2023-11-15 03:05:52',0);
/*!40000 ALTER TABLE `ec_product_attribute_sets` ENABLE KEYS */;
UNLOCK TABLES;

--
-- Table structure for table `ec_product_attribute_sets_translations`
--

DROP TABLE IF EXISTS `ec_product_attribute_sets_translations`;
/*!40101 SET @saved_cs_client     = @@character_set_client */;
/*!50503 SET character_set_client = utf8mb4 */;
CREATE TABLE `ec_product_attribute_sets_translations` (
  `lang_code` varchar(20) COLLATE utf8mb4_unicode_ci NOT NULL,
  `ec_product_attribute_sets_id` bigint unsigned NOT NULL,
  `title` varchar(255) COLLATE utf8mb4_unicode_ci DEFAULT NULL,
  PRIMARY KEY (`lang_code`,`ec_product_attribute_sets_id`)
) ENGINE=InnoDB DEFAULT CHARSET=utf8mb4 COLLATE=utf8mb4_unicode_ci;
/*!40101 SET character_set_client = @saved_cs_client */;

--
-- Dumping data for table `ec_product_attribute_sets_translations`
--

LOCK TABLES `ec_product_attribute_sets_translations` WRITE;
/*!40000 ALTER TABLE `ec_product_attribute_sets_translations` DISABLE KEYS */;
/*!40000 ALTER TABLE `ec_product_attribute_sets_translations` ENABLE KEYS */;
UNLOCK TABLES;

--
-- Table structure for table `ec_product_attributes`
--

DROP TABLE IF EXISTS `ec_product_attributes`;
/*!40101 SET @saved_cs_client     = @@character_set_client */;
/*!50503 SET character_set_client = utf8mb4 */;
CREATE TABLE `ec_product_attributes` (
  `id` bigint unsigned NOT NULL AUTO_INCREMENT,
  `attribute_set_id` bigint unsigned NOT NULL,
  `title` varchar(120) COLLATE utf8mb4_unicode_ci NOT NULL,
  `slug` varchar(120) COLLATE utf8mb4_unicode_ci DEFAULT NULL,
  `color` varchar(50) COLLATE utf8mb4_unicode_ci DEFAULT NULL,
  `image` varchar(191) COLLATE utf8mb4_unicode_ci DEFAULT NULL,
  `is_default` tinyint unsigned NOT NULL DEFAULT '0',
  `order` tinyint unsigned NOT NULL DEFAULT '0',
  `created_at` timestamp NULL DEFAULT NULL,
  `updated_at` timestamp NULL DEFAULT NULL,
  PRIMARY KEY (`id`),
  KEY `attribute_set_status_index` (`attribute_set_id`)
) ENGINE=InnoDB AUTO_INCREMENT=11 DEFAULT CHARSET=utf8mb4 COLLATE=utf8mb4_unicode_ci;
/*!40101 SET character_set_client = @saved_cs_client */;

--
-- Dumping data for table `ec_product_attributes`
--

LOCK TABLES `ec_product_attributes` WRITE;
/*!40000 ALTER TABLE `ec_product_attributes` DISABLE KEYS */;
INSERT INTO `ec_product_attributes` VALUES (1,1,'Green','green','#5FB7D4',NULL,1,1,'2023-11-15 03:05:52','2023-11-15 03:05:52'),(2,1,'Blue','blue','#333333',NULL,0,2,'2023-11-15 03:05:52','2023-11-15 03:05:52'),(3,1,'Red','red','#DA323F',NULL,0,3,'2023-11-15 03:05:52','2023-11-15 03:05:52'),(4,1,'Black','back','#2F366C',NULL,0,4,'2023-11-15 03:05:52','2023-11-15 03:05:52'),(5,1,'Brown','brown','#87554B',NULL,0,5,'2023-11-15 03:05:52','2023-11-15 03:05:52'),(6,2,'S','s',NULL,NULL,1,1,'2023-11-15 03:05:52','2023-11-15 03:05:52'),(7,2,'M','m',NULL,NULL,0,2,'2023-11-15 03:05:52','2023-11-15 03:05:52'),(8,2,'L','l',NULL,NULL,0,3,'2023-11-15 03:05:52','2023-11-15 03:05:52'),(9,2,'XL','xl',NULL,NULL,0,4,'2023-11-15 03:05:52','2023-11-15 03:05:52'),(10,2,'XXL','xxl',NULL,NULL,0,5,'2023-11-15 03:05:52','2023-11-15 03:05:52');
/*!40000 ALTER TABLE `ec_product_attributes` ENABLE KEYS */;
UNLOCK TABLES;

--
-- Table structure for table `ec_product_attributes_translations`
--

DROP TABLE IF EXISTS `ec_product_attributes_translations`;
/*!40101 SET @saved_cs_client     = @@character_set_client */;
/*!50503 SET character_set_client = utf8mb4 */;
CREATE TABLE `ec_product_attributes_translations` (
  `lang_code` varchar(20) COLLATE utf8mb4_unicode_ci NOT NULL,
  `ec_product_attributes_id` bigint unsigned NOT NULL,
  `title` varchar(255) COLLATE utf8mb4_unicode_ci DEFAULT NULL,
  PRIMARY KEY (`lang_code`,`ec_product_attributes_id`)
) ENGINE=InnoDB DEFAULT CHARSET=utf8mb4 COLLATE=utf8mb4_unicode_ci;
/*!40101 SET character_set_client = @saved_cs_client */;

--
-- Dumping data for table `ec_product_attributes_translations`
--

LOCK TABLES `ec_product_attributes_translations` WRITE;
/*!40000 ALTER TABLE `ec_product_attributes_translations` DISABLE KEYS */;
/*!40000 ALTER TABLE `ec_product_attributes_translations` ENABLE KEYS */;
UNLOCK TABLES;

--
-- Table structure for table `ec_product_categories`
--

DROP TABLE IF EXISTS `ec_product_categories`;
/*!40101 SET @saved_cs_client     = @@character_set_client */;
/*!50503 SET character_set_client = utf8mb4 */;
CREATE TABLE `ec_product_categories` (
  `id` bigint unsigned NOT NULL AUTO_INCREMENT,
  `name` varchar(255) COLLATE utf8mb4_unicode_ci NOT NULL,
  `parent_id` bigint unsigned NOT NULL DEFAULT '0',
  `description` mediumtext COLLATE utf8mb4_unicode_ci,
  `status` varchar(60) COLLATE utf8mb4_unicode_ci NOT NULL DEFAULT 'published',
  `order` int unsigned NOT NULL DEFAULT '0',
  `image` varchar(255) COLLATE utf8mb4_unicode_ci DEFAULT NULL,
  `is_featured` tinyint unsigned NOT NULL DEFAULT '0',
  `created_at` timestamp NULL DEFAULT NULL,
  `updated_at` timestamp NULL DEFAULT NULL,
  `icon` varchar(191) COLLATE utf8mb4_unicode_ci DEFAULT NULL,
  `icon_image` varchar(191) COLLATE utf8mb4_unicode_ci DEFAULT NULL,
  PRIMARY KEY (`id`),
  KEY `ec_product_categories_parent_id_status_created_at_index` (`parent_id`,`status`,`created_at`),
  KEY `ec_product_categories_parent_id_status_index` (`parent_id`,`status`)
) ENGINE=InnoDB AUTO_INCREMENT=14 DEFAULT CHARSET=utf8mb4 COLLATE=utf8mb4_unicode_ci;
/*!40101 SET character_set_client = @saved_cs_client */;

--
-- Dumping data for table `ec_product_categories`
--

LOCK TABLES `ec_product_categories` WRITE;
/*!40000 ALTER TABLE `ec_product_categories` DISABLE KEYS */;
INSERT INTO `ec_product_categories` VALUES (1,'Office bags',0,NULL,'published',1,'product-categories/1.png',1,'2023-11-15 03:05:52','2023-11-15 03:05:52',NULL,NULL),(2,'Hand bag',0,NULL,'published',2,'product-categories/2.png',1,'2023-11-15 03:05:52','2023-11-15 03:05:52',NULL,NULL),(3,'Woman',0,NULL,'published',3,'product-categories/3.png',1,'2023-11-15 03:05:52','2023-11-15 03:05:52',NULL,NULL),(4,'Woman wallet',3,NULL,'published',1,NULL,0,'2023-11-15 03:05:52','2023-11-15 03:05:52',NULL,NULL),(5,'Denim',3,NULL,'published',2,NULL,0,'2023-11-15 03:05:52','2023-11-15 03:05:52',NULL,NULL),(6,'Dress',3,NULL,'published',3,NULL,0,'2023-11-15 03:05:52','2023-11-15 03:05:52',NULL,NULL),(7,'Backpack',0,NULL,'published',4,'product-categories/4.png',1,'2023-11-15 03:05:52','2023-11-15 03:05:52',NULL,NULL),(8,'Bags',0,NULL,'published',5,'product-categories/5.png',1,'2023-11-15 03:05:52','2023-11-15 03:05:52',NULL,NULL),(9,'Wallet',0,NULL,'published',6,'product-categories/6.png',1,'2023-11-15 03:05:52','2023-11-15 03:05:52',NULL,NULL),(10,'Men',0,NULL,'published',7,'product-categories/7.png',1,'2023-11-15 03:05:52','2023-11-15 03:05:52',NULL,NULL),(11,'Accessories',10,NULL,'published',1,NULL,0,'2023-11-15 03:05:52','2023-11-15 03:05:52',NULL,NULL),(12,'Men wallet',10,NULL,'published',2,NULL,0,'2023-11-15 03:05:52','2023-11-15 03:05:52',NULL,NULL),(13,'Shoes',10,NULL,'published',3,NULL,0,'2023-11-15 03:05:52','2023-11-15 03:05:52',NULL,NULL);
/*!40000 ALTER TABLE `ec_product_categories` ENABLE KEYS */;
UNLOCK TABLES;

--
-- Table structure for table `ec_product_categories_translations`
--

DROP TABLE IF EXISTS `ec_product_categories_translations`;
/*!40101 SET @saved_cs_client     = @@character_set_client */;
/*!50503 SET character_set_client = utf8mb4 */;
CREATE TABLE `ec_product_categories_translations` (
  `lang_code` varchar(20) COLLATE utf8mb4_unicode_ci NOT NULL,
  `ec_product_categories_id` bigint unsigned NOT NULL,
  `name` varchar(255) COLLATE utf8mb4_unicode_ci DEFAULT NULL,
  `description` text COLLATE utf8mb4_unicode_ci,
  PRIMARY KEY (`lang_code`,`ec_product_categories_id`)
) ENGINE=InnoDB DEFAULT CHARSET=utf8mb4 COLLATE=utf8mb4_unicode_ci;
/*!40101 SET character_set_client = @saved_cs_client */;

--
-- Dumping data for table `ec_product_categories_translations`
--

LOCK TABLES `ec_product_categories_translations` WRITE;
/*!40000 ALTER TABLE `ec_product_categories_translations` DISABLE KEYS */;
/*!40000 ALTER TABLE `ec_product_categories_translations` ENABLE KEYS */;
UNLOCK TABLES;

--
-- Table structure for table `ec_product_categorizables`
--

DROP TABLE IF EXISTS `ec_product_categorizables`;
/*!40101 SET @saved_cs_client     = @@character_set_client */;
/*!50503 SET character_set_client = utf8mb4 */;
CREATE TABLE `ec_product_categorizables` (
  `category_id` bigint unsigned NOT NULL,
  `reference_id` bigint unsigned NOT NULL,
  `reference_type` varchar(120) COLLATE utf8mb4_unicode_ci NOT NULL,
  PRIMARY KEY (`category_id`,`reference_id`,`reference_type`),
  KEY `ec_product_categorizables_category_id_index` (`category_id`),
  KEY `ec_product_categorizables_reference_id_index` (`reference_id`),
  KEY `ec_product_categorizables_reference_type_index` (`reference_type`)
) ENGINE=InnoDB DEFAULT CHARSET=utf8mb4 COLLATE=utf8mb4_unicode_ci;
/*!40101 SET character_set_client = @saved_cs_client */;

--
-- Dumping data for table `ec_product_categorizables`
--

LOCK TABLES `ec_product_categorizables` WRITE;
/*!40000 ALTER TABLE `ec_product_categorizables` DISABLE KEYS */;
/*!40000 ALTER TABLE `ec_product_categorizables` ENABLE KEYS */;
UNLOCK TABLES;

--
-- Table structure for table `ec_product_category_product`
--

DROP TABLE IF EXISTS `ec_product_category_product`;
/*!40101 SET @saved_cs_client     = @@character_set_client */;
/*!50503 SET character_set_client = utf8mb4 */;
CREATE TABLE `ec_product_category_product` (
  `category_id` bigint unsigned NOT NULL,
  `product_id` bigint unsigned NOT NULL,
  PRIMARY KEY (`product_id`,`category_id`),
  KEY `ec_product_category_product_category_id_index` (`category_id`),
  KEY `ec_product_category_product_product_id_index` (`product_id`)
) ENGINE=InnoDB DEFAULT CHARSET=utf8mb4 COLLATE=utf8mb4_unicode_ci;
/*!40101 SET character_set_client = @saved_cs_client */;

--
-- Dumping data for table `ec_product_category_product`
--

LOCK TABLES `ec_product_category_product` WRITE;
/*!40000 ALTER TABLE `ec_product_category_product` DISABLE KEYS */;
INSERT INTO `ec_product_category_product` VALUES (2,6),(2,8),(5,1),(6,3),(10,7),(12,2),(12,5),(13,4);
/*!40000 ALTER TABLE `ec_product_category_product` ENABLE KEYS */;
UNLOCK TABLES;

--
-- Table structure for table `ec_product_collection_products`
--

DROP TABLE IF EXISTS `ec_product_collection_products`;
/*!40101 SET @saved_cs_client     = @@character_set_client */;
/*!50503 SET character_set_client = utf8mb4 */;
CREATE TABLE `ec_product_collection_products` (
  `product_collection_id` bigint unsigned NOT NULL,
  `product_id` bigint unsigned NOT NULL,
  PRIMARY KEY (`product_id`,`product_collection_id`),
  KEY `ec_product_collection_products_product_collection_id_index` (`product_collection_id`),
  KEY `ec_product_collection_products_product_id_index` (`product_id`)
) ENGINE=InnoDB DEFAULT CHARSET=utf8mb4 COLLATE=utf8mb4_unicode_ci;
/*!40101 SET character_set_client = @saved_cs_client */;

--
-- Dumping data for table `ec_product_collection_products`
--

LOCK TABLES `ec_product_collection_products` WRITE;
/*!40000 ALTER TABLE `ec_product_collection_products` DISABLE KEYS */;
INSERT INTO `ec_product_collection_products` VALUES (1,6),(1,8),(2,2),(2,3),(2,4),(2,7),(3,1),(3,5);
/*!40000 ALTER TABLE `ec_product_collection_products` ENABLE KEYS */;
UNLOCK TABLES;

--
-- Table structure for table `ec_product_collections`
--

DROP TABLE IF EXISTS `ec_product_collections`;
/*!40101 SET @saved_cs_client     = @@character_set_client */;
/*!50503 SET character_set_client = utf8mb4 */;
CREATE TABLE `ec_product_collections` (
  `id` bigint unsigned NOT NULL AUTO_INCREMENT,
  `name` varchar(255) COLLATE utf8mb4_unicode_ci NOT NULL,
  `slug` varchar(255) COLLATE utf8mb4_unicode_ci NOT NULL,
  `description` varchar(400) COLLATE utf8mb4_unicode_ci DEFAULT NULL,
  `image` varchar(255) COLLATE utf8mb4_unicode_ci DEFAULT NULL,
  `status` varchar(60) COLLATE utf8mb4_unicode_ci NOT NULL DEFAULT 'published',
  `created_at` timestamp NULL DEFAULT NULL,
  `updated_at` timestamp NULL DEFAULT NULL,
  `is_featured` tinyint unsigned NOT NULL DEFAULT '0',
  PRIMARY KEY (`id`)
) ENGINE=InnoDB AUTO_INCREMENT=5 DEFAULT CHARSET=utf8mb4 COLLATE=utf8mb4_unicode_ci;
/*!40101 SET character_set_client = @saved_cs_client */;

--
-- Dumping data for table `ec_product_collections`
--

LOCK TABLES `ec_product_collections` WRITE;
/*!40000 ALTER TABLE `ec_product_collections` DISABLE KEYS */;
INSERT INTO `ec_product_collections` VALUES (1,'New Arrival','new-arrival',NULL,'product-collections/1.jpg','published','2023-11-15 03:05:52','2023-11-15 03:05:52',1),(2,'Best Sellers','best-sellers',NULL,'product-collections/2.jpg','published','2023-11-15 03:05:52','2023-11-15 03:05:52',1),(3,'Special Offer','special-offer',NULL,'product-collections/3.jpg','published','2023-11-15 03:05:52','2023-11-15 03:05:52',1),(4,'Trending Fashion','trending-fashion',NULL,'product-collections/4.jpg','published','2023-11-15 03:05:52','2023-11-15 03:05:52',1);
/*!40000 ALTER TABLE `ec_product_collections` ENABLE KEYS */;
UNLOCK TABLES;

--
-- Table structure for table `ec_product_collections_translations`
--

DROP TABLE IF EXISTS `ec_product_collections_translations`;
/*!40101 SET @saved_cs_client     = @@character_set_client */;
/*!50503 SET character_set_client = utf8mb4 */;
CREATE TABLE `ec_product_collections_translations` (
  `lang_code` varchar(20) COLLATE utf8mb4_unicode_ci NOT NULL,
  `ec_product_collections_id` bigint unsigned NOT NULL,
  `name` varchar(255) COLLATE utf8mb4_unicode_ci DEFAULT NULL,
  `description` varchar(400) COLLATE utf8mb4_unicode_ci DEFAULT NULL,
  PRIMARY KEY (`lang_code`,`ec_product_collections_id`)
) ENGINE=InnoDB DEFAULT CHARSET=utf8mb4 COLLATE=utf8mb4_unicode_ci;
/*!40101 SET character_set_client = @saved_cs_client */;

--
-- Dumping data for table `ec_product_collections_translations`
--

LOCK TABLES `ec_product_collections_translations` WRITE;
/*!40000 ALTER TABLE `ec_product_collections_translations` DISABLE KEYS */;
/*!40000 ALTER TABLE `ec_product_collections_translations` ENABLE KEYS */;
UNLOCK TABLES;

--
-- Table structure for table `ec_product_cross_sale_relations`
--

DROP TABLE IF EXISTS `ec_product_cross_sale_relations`;
/*!40101 SET @saved_cs_client     = @@character_set_client */;
/*!50503 SET character_set_client = utf8mb4 */;
CREATE TABLE `ec_product_cross_sale_relations` (
  `from_product_id` bigint unsigned NOT NULL,
  `to_product_id` bigint unsigned NOT NULL,
  PRIMARY KEY (`from_product_id`,`to_product_id`),
  KEY `ec_product_cross_sale_relations_from_product_id_index` (`from_product_id`),
  KEY `ec_product_cross_sale_relations_to_product_id_index` (`to_product_id`)
) ENGINE=InnoDB DEFAULT CHARSET=utf8mb4 COLLATE=utf8mb4_unicode_ci;
/*!40101 SET character_set_client = @saved_cs_client */;

--
-- Dumping data for table `ec_product_cross_sale_relations`
--

LOCK TABLES `ec_product_cross_sale_relations` WRITE;
/*!40000 ALTER TABLE `ec_product_cross_sale_relations` DISABLE KEYS */;
INSERT INTO `ec_product_cross_sale_relations` VALUES (1,3),(1,4),(1,5),(1,6),(2,4),(2,8),(3,2),(3,6),(3,7),(3,8),(4,1),(4,3),(4,7),(4,8),(5,2),(5,7),(5,8),(6,1),(6,4),(6,5),(6,7),(7,3),(7,4),(7,5),(7,8),(8,1),(8,3),(8,4),(8,6);
/*!40000 ALTER TABLE `ec_product_cross_sale_relations` ENABLE KEYS */;
UNLOCK TABLES;

--
-- Table structure for table `ec_product_files`
--

DROP TABLE IF EXISTS `ec_product_files`;
/*!40101 SET @saved_cs_client     = @@character_set_client */;
/*!50503 SET character_set_client = utf8mb4 */;
CREATE TABLE `ec_product_files` (
  `id` bigint unsigned NOT NULL AUTO_INCREMENT,
  `product_id` bigint unsigned DEFAULT NULL,
  `url` varchar(400) COLLATE utf8mb4_unicode_ci DEFAULT NULL,
  `extras` mediumtext COLLATE utf8mb4_unicode_ci,
  `created_at` timestamp NULL DEFAULT NULL,
  `updated_at` timestamp NULL DEFAULT NULL,
  PRIMARY KEY (`id`),
  KEY `ec_product_files_product_id_index` (`product_id`)
) ENGINE=InnoDB AUTO_INCREMENT=12 DEFAULT CHARSET=utf8mb4 COLLATE=utf8mb4_unicode_ci;
/*!40101 SET character_set_client = @saved_cs_client */;

--
-- Dumping data for table `ec_product_files`
--

LOCK TABLES `ec_product_files` WRITE;
/*!40000 ALTER TABLE `ec_product_files` DISABLE KEYS */;
INSERT INTO `ec_product_files` VALUES (1,9,'product-files/1.jpg','{\"filename\":\"1.jpg\",\"url\":\"product-files\\/1.jpg\",\"mime_type\":\"image\\/jpeg\",\"size\":9730,\"modified\":\"2023-11-15 10:05:54\",\"name\":\"1\",\"extension\":\"jpg\"}','2023-11-15 03:05:54','2023-11-15 03:05:54'),(2,9,'product-files/1-1.jpg','{\"filename\":\"1-1.jpg\",\"url\":\"product-files\\/1-1.jpg\",\"mime_type\":\"image\\/jpeg\",\"size\":9730,\"modified\":\"2023-11-15 10:05:54\",\"name\":\"1-1\",\"extension\":\"jpg\"}','2023-11-15 03:05:54','2023-11-15 03:05:54'),(3,17,'product-files/5.jpg','{\"filename\":\"5.jpg\",\"url\":\"product-files\\/5.jpg\",\"mime_type\":\"image\\/jpeg\",\"size\":9730,\"modified\":\"2023-11-15 10:05:54\",\"name\":\"5\",\"extension\":\"jpg\"}','2023-11-15 03:05:54','2023-11-15 03:05:54'),(4,17,'product-files/5-1.jpg','{\"filename\":\"5-1.jpg\",\"url\":\"product-files\\/5-1.jpg\",\"mime_type\":\"image\\/jpeg\",\"size\":9730,\"modified\":\"2023-11-15 10:05:54\",\"name\":\"5-1\",\"extension\":\"jpg\"}','2023-11-15 03:05:54','2023-11-15 03:05:54'),(5,17,'product-files/5-2.jpg','{\"filename\":\"5-2.jpg\",\"url\":\"product-files\\/5-2.jpg\",\"mime_type\":\"image\\/jpeg\",\"size\":9730,\"modified\":\"2023-11-15 10:05:54\",\"name\":\"5-2\",\"extension\":\"jpg\"}','2023-11-15 03:05:54','2023-11-15 03:05:54'),(6,18,'product-files/5.jpg','{\"filename\":\"5.jpg\",\"url\":\"product-files\\/5.jpg\",\"mime_type\":\"image\\/jpeg\",\"size\":9730,\"modified\":\"2023-11-15 10:05:54\",\"name\":\"5\",\"extension\":\"jpg\"}','2023-11-15 03:05:54','2023-11-15 03:05:54'),(7,18,'product-files/5-1.jpg','{\"filename\":\"5-1.jpg\",\"url\":\"product-files\\/5-1.jpg\",\"mime_type\":\"image\\/jpeg\",\"size\":9730,\"modified\":\"2023-11-15 10:05:54\",\"name\":\"5-1\",\"extension\":\"jpg\"}','2023-11-15 03:05:54','2023-11-15 03:05:54'),(8,18,'product-files/5-2.jpg','{\"filename\":\"5-2.jpg\",\"url\":\"product-files\\/5-2.jpg\",\"mime_type\":\"image\\/jpeg\",\"size\":9730,\"modified\":\"2023-11-15 10:05:54\",\"name\":\"5-2\",\"extension\":\"jpg\"}','2023-11-15 03:05:54','2023-11-15 03:05:54'),(9,19,'product-files/5.jpg','{\"filename\":\"5.jpg\",\"url\":\"product-files\\/5.jpg\",\"mime_type\":\"image\\/jpeg\",\"size\":9730,\"modified\":\"2023-11-15 10:05:54\",\"name\":\"5\",\"extension\":\"jpg\"}','2023-11-15 03:05:54','2023-11-15 03:05:54'),(10,19,'product-files/5-1.jpg','{\"filename\":\"5-1.jpg\",\"url\":\"product-files\\/5-1.jpg\",\"mime_type\":\"image\\/jpeg\",\"size\":9730,\"modified\":\"2023-11-15 10:05:54\",\"name\":\"5-1\",\"extension\":\"jpg\"}','2023-11-15 03:05:54','2023-11-15 03:05:54'),(11,19,'product-files/5-2.jpg','{\"filename\":\"5-2.jpg\",\"url\":\"product-files\\/5-2.jpg\",\"mime_type\":\"image\\/jpeg\",\"size\":9730,\"modified\":\"2023-11-15 10:05:54\",\"name\":\"5-2\",\"extension\":\"jpg\"}','2023-11-15 03:05:54','2023-11-15 03:05:54');
/*!40000 ALTER TABLE `ec_product_files` ENABLE KEYS */;
UNLOCK TABLES;

--
-- Table structure for table `ec_product_label_products`
--

DROP TABLE IF EXISTS `ec_product_label_products`;
/*!40101 SET @saved_cs_client     = @@character_set_client */;
/*!50503 SET character_set_client = utf8mb4 */;
CREATE TABLE `ec_product_label_products` (
  `product_label_id` bigint unsigned NOT NULL,
  `product_id` bigint unsigned NOT NULL,
  PRIMARY KEY (`product_label_id`,`product_id`),
  KEY `ec_product_label_products_product_label_id_index` (`product_label_id`),
  KEY `ec_product_label_products_product_id_index` (`product_id`)
) ENGINE=InnoDB DEFAULT CHARSET=utf8mb4 COLLATE=utf8mb4_unicode_ci;
/*!40101 SET character_set_client = @saved_cs_client */;

--
-- Dumping data for table `ec_product_label_products`
--

LOCK TABLES `ec_product_label_products` WRITE;
/*!40000 ALTER TABLE `ec_product_label_products` DISABLE KEYS */;
INSERT INTO `ec_product_label_products` VALUES (2,7);
/*!40000 ALTER TABLE `ec_product_label_products` ENABLE KEYS */;
UNLOCK TABLES;

--
-- Table structure for table `ec_product_labels`
--

DROP TABLE IF EXISTS `ec_product_labels`;
/*!40101 SET @saved_cs_client     = @@character_set_client */;
/*!50503 SET character_set_client = utf8mb4 */;
CREATE TABLE `ec_product_labels` (
  `id` bigint unsigned NOT NULL AUTO_INCREMENT,
  `name` varchar(255) COLLATE utf8mb4_unicode_ci NOT NULL,
  `color` varchar(120) COLLATE utf8mb4_unicode_ci DEFAULT NULL,
  `status` varchar(60) COLLATE utf8mb4_unicode_ci NOT NULL DEFAULT 'published',
  `created_at` timestamp NULL DEFAULT NULL,
  `updated_at` timestamp NULL DEFAULT NULL,
  PRIMARY KEY (`id`)
) ENGINE=InnoDB AUTO_INCREMENT=4 DEFAULT CHARSET=utf8mb4 COLLATE=utf8mb4_unicode_ci;
/*!40101 SET character_set_client = @saved_cs_client */;

--
-- Dumping data for table `ec_product_labels`
--

LOCK TABLES `ec_product_labels` WRITE;
/*!40000 ALTER TABLE `ec_product_labels` DISABLE KEYS */;
INSERT INTO `ec_product_labels` VALUES (1,'Hot','#ec2434','published','2023-11-15 03:05:52','2023-11-15 03:05:52'),(2,'New','#00c9a7','published','2023-11-15 03:05:52','2023-11-15 03:05:52'),(3,'Sale','#fe9931','published','2023-11-15 03:05:52','2023-11-15 03:05:52');
/*!40000 ALTER TABLE `ec_product_labels` ENABLE KEYS */;
UNLOCK TABLES;

--
-- Table structure for table `ec_product_labels_translations`
--

DROP TABLE IF EXISTS `ec_product_labels_translations`;
/*!40101 SET @saved_cs_client     = @@character_set_client */;
/*!50503 SET character_set_client = utf8mb4 */;
CREATE TABLE `ec_product_labels_translations` (
  `lang_code` varchar(20) COLLATE utf8mb4_unicode_ci NOT NULL,
  `ec_product_labels_id` bigint unsigned NOT NULL,
  `name` varchar(255) COLLATE utf8mb4_unicode_ci DEFAULT NULL,
  `description` varchar(400) COLLATE utf8mb4_unicode_ci DEFAULT NULL,
  PRIMARY KEY (`lang_code`,`ec_product_labels_id`)
) ENGINE=InnoDB DEFAULT CHARSET=utf8mb4 COLLATE=utf8mb4_unicode_ci;
/*!40101 SET character_set_client = @saved_cs_client */;

--
-- Dumping data for table `ec_product_labels_translations`
--

LOCK TABLES `ec_product_labels_translations` WRITE;
/*!40000 ALTER TABLE `ec_product_labels_translations` DISABLE KEYS */;
/*!40000 ALTER TABLE `ec_product_labels_translations` ENABLE KEYS */;
UNLOCK TABLES;

--
-- Table structure for table `ec_product_related_relations`
--

DROP TABLE IF EXISTS `ec_product_related_relations`;
/*!40101 SET @saved_cs_client     = @@character_set_client */;
/*!50503 SET character_set_client = utf8mb4 */;
CREATE TABLE `ec_product_related_relations` (
  `from_product_id` bigint unsigned NOT NULL,
  `to_product_id` bigint unsigned NOT NULL,
  PRIMARY KEY (`from_product_id`,`to_product_id`),
  KEY `ec_product_related_relations_from_product_id_index` (`from_product_id`),
  KEY `ec_product_related_relations_to_product_id_index` (`to_product_id`)
) ENGINE=InnoDB DEFAULT CHARSET=utf8mb4 COLLATE=utf8mb4_unicode_ci;
/*!40101 SET character_set_client = @saved_cs_client */;

--
-- Dumping data for table `ec_product_related_relations`
--

LOCK TABLES `ec_product_related_relations` WRITE;
/*!40000 ALTER TABLE `ec_product_related_relations` DISABLE KEYS */;
/*!40000 ALTER TABLE `ec_product_related_relations` ENABLE KEYS */;
UNLOCK TABLES;

--
-- Table structure for table `ec_product_tag_product`
--

DROP TABLE IF EXISTS `ec_product_tag_product`;
/*!40101 SET @saved_cs_client     = @@character_set_client */;
/*!50503 SET character_set_client = utf8mb4 */;
CREATE TABLE `ec_product_tag_product` (
  `product_id` bigint unsigned NOT NULL,
  `tag_id` bigint unsigned NOT NULL,
  PRIMARY KEY (`product_id`,`tag_id`),
  KEY `ec_product_tag_product_product_id_index` (`product_id`),
  KEY `ec_product_tag_product_tag_id_index` (`tag_id`)
) ENGINE=InnoDB DEFAULT CHARSET=utf8mb4 COLLATE=utf8mb4_unicode_ci;
/*!40101 SET character_set_client = @saved_cs_client */;

--
-- Dumping data for table `ec_product_tag_product`
--

LOCK TABLES `ec_product_tag_product` WRITE;
/*!40000 ALTER TABLE `ec_product_tag_product` DISABLE KEYS */;
INSERT INTO `ec_product_tag_product` VALUES (1,1),(1,2),(1,3),(2,1),(2,2),(2,4),(3,1),(3,3),(3,5),(4,2),(4,3),(4,5),(5,2),(5,4),(6,1),(6,5),(6,6),(7,2),(7,3),(7,4),(8,1),(8,4),(8,6);
/*!40000 ALTER TABLE `ec_product_tag_product` ENABLE KEYS */;
UNLOCK TABLES;

--
-- Table structure for table `ec_product_tags`
--

DROP TABLE IF EXISTS `ec_product_tags`;
/*!40101 SET @saved_cs_client     = @@character_set_client */;
/*!50503 SET character_set_client = utf8mb4 */;
CREATE TABLE `ec_product_tags` (
  `id` bigint unsigned NOT NULL AUTO_INCREMENT,
  `name` varchar(120) COLLATE utf8mb4_unicode_ci NOT NULL,
  `description` varchar(400) COLLATE utf8mb4_unicode_ci DEFAULT NULL,
  `status` varchar(60) COLLATE utf8mb4_unicode_ci NOT NULL DEFAULT 'published',
  `created_at` timestamp NULL DEFAULT NULL,
  `updated_at` timestamp NULL DEFAULT NULL,
  PRIMARY KEY (`id`)
) ENGINE=InnoDB AUTO_INCREMENT=6 DEFAULT CHARSET=utf8mb4 COLLATE=utf8mb4_unicode_ci;
/*!40101 SET character_set_client = @saved_cs_client */;

--
-- Dumping data for table `ec_product_tags`
--

LOCK TABLES `ec_product_tags` WRITE;
/*!40000 ALTER TABLE `ec_product_tags` DISABLE KEYS */;
INSERT INTO `ec_product_tags` VALUES (1,'Wallet',NULL,'published','2023-11-15 03:05:52','2023-11-15 03:05:52'),(2,'Bags',NULL,'published','2023-11-15 03:05:52','2023-11-15 03:05:52'),(3,'Shoes',NULL,'published','2023-11-15 03:05:52','2023-11-15 03:05:52'),(4,'Clothes',NULL,'published','2023-11-15 03:05:52','2023-11-15 03:05:52'),(5,'Hand bag',NULL,'published','2023-11-15 03:05:52','2023-11-15 03:05:52');
/*!40000 ALTER TABLE `ec_product_tags` ENABLE KEYS */;
UNLOCK TABLES;

--
-- Table structure for table `ec_product_tags_translations`
--

DROP TABLE IF EXISTS `ec_product_tags_translations`;
/*!40101 SET @saved_cs_client     = @@character_set_client */;
/*!50503 SET character_set_client = utf8mb4 */;
CREATE TABLE `ec_product_tags_translations` (
  `lang_code` varchar(20) COLLATE utf8mb4_unicode_ci NOT NULL,
  `ec_product_tags_id` bigint unsigned NOT NULL,
  `name` varchar(255) COLLATE utf8mb4_unicode_ci DEFAULT NULL,
  PRIMARY KEY (`lang_code`,`ec_product_tags_id`)
) ENGINE=InnoDB DEFAULT CHARSET=utf8mb4 COLLATE=utf8mb4_unicode_ci;
/*!40101 SET character_set_client = @saved_cs_client */;

--
-- Dumping data for table `ec_product_tags_translations`
--

LOCK TABLES `ec_product_tags_translations` WRITE;
/*!40000 ALTER TABLE `ec_product_tags_translations` DISABLE KEYS */;
/*!40000 ALTER TABLE `ec_product_tags_translations` ENABLE KEYS */;
UNLOCK TABLES;

--
-- Table structure for table `ec_product_up_sale_relations`
--

DROP TABLE IF EXISTS `ec_product_up_sale_relations`;
/*!40101 SET @saved_cs_client     = @@character_set_client */;
/*!50503 SET character_set_client = utf8mb4 */;
CREATE TABLE `ec_product_up_sale_relations` (
  `from_product_id` bigint unsigned NOT NULL,
  `to_product_id` bigint unsigned NOT NULL,
  PRIMARY KEY (`from_product_id`,`to_product_id`),
  KEY `ec_product_up_sale_relations_from_product_id_index` (`from_product_id`),
  KEY `ec_product_up_sale_relations_to_product_id_index` (`to_product_id`)
) ENGINE=InnoDB DEFAULT CHARSET=utf8mb4 COLLATE=utf8mb4_unicode_ci;
/*!40101 SET character_set_client = @saved_cs_client */;

--
-- Dumping data for table `ec_product_up_sale_relations`
--

LOCK TABLES `ec_product_up_sale_relations` WRITE;
/*!40000 ALTER TABLE `ec_product_up_sale_relations` DISABLE KEYS */;
/*!40000 ALTER TABLE `ec_product_up_sale_relations` ENABLE KEYS */;
UNLOCK TABLES;

--
-- Table structure for table `ec_product_variation_items`
--

DROP TABLE IF EXISTS `ec_product_variation_items`;
/*!40101 SET @saved_cs_client     = @@character_set_client */;
/*!50503 SET character_set_client = utf8mb4 */;
CREATE TABLE `ec_product_variation_items` (
  `id` bigint unsigned NOT NULL AUTO_INCREMENT,
  `attribute_id` bigint unsigned NOT NULL,
  `variation_id` bigint unsigned NOT NULL,
  PRIMARY KEY (`id`),
  KEY `attribute_variation_index` (`attribute_id`,`variation_id`)
) ENGINE=InnoDB AUTO_INCREMENT=41 DEFAULT CHARSET=utf8mb4 COLLATE=utf8mb4_unicode_ci;
/*!40101 SET character_set_client = @saved_cs_client */;

--
-- Dumping data for table `ec_product_variation_items`
--

LOCK TABLES `ec_product_variation_items` WRITE;
/*!40000 ALTER TABLE `ec_product_variation_items` DISABLE KEYS */;
INSERT INTO `ec_product_variation_items` VALUES (3,1,2),(9,1,5),(17,1,9),(25,1,13),(27,1,14),(31,1,16),(33,1,17),(1,2,1),(11,2,6),(37,2,19),(39,2,20),(7,3,4),(19,3,10),(29,3,15),(35,3,18),(5,4,3),(13,4,7),(15,4,8),(21,4,11),(23,4,12),(12,6,6),(22,6,11),(26,6,13),(30,6,15),(32,6,16),(36,6,18),(2,7,1),(14,7,7),(8,8,4),(16,8,8),(34,8,17),(4,9,2),(10,9,5),(18,9,9),(28,9,14),(6,10,3),(20,10,10),(24,10,12),(38,10,19),(40,10,20);
/*!40000 ALTER TABLE `ec_product_variation_items` ENABLE KEYS */;
UNLOCK TABLES;

--
-- Table structure for table `ec_product_variations`
--

DROP TABLE IF EXISTS `ec_product_variations`;
/*!40101 SET @saved_cs_client     = @@character_set_client */;
/*!50503 SET character_set_client = utf8mb4 */;
CREATE TABLE `ec_product_variations` (
  `id` bigint unsigned NOT NULL AUTO_INCREMENT,
  `product_id` bigint unsigned DEFAULT NULL,
  `configurable_product_id` bigint unsigned NOT NULL,
  `is_default` tinyint NOT NULL DEFAULT '0',
  PRIMARY KEY (`id`),
  KEY `configurable_product_index` (`product_id`,`configurable_product_id`)
) ENGINE=InnoDB AUTO_INCREMENT=21 DEFAULT CHARSET=utf8mb4 COLLATE=utf8mb4_unicode_ci;
/*!40101 SET character_set_client = @saved_cs_client */;

--
-- Dumping data for table `ec_product_variations`
--

LOCK TABLES `ec_product_variations` WRITE;
/*!40000 ALTER TABLE `ec_product_variations` DISABLE KEYS */;
INSERT INTO `ec_product_variations` VALUES (1,9,1,1),(2,10,2,1),(3,11,2,0),(4,12,2,0),(5,13,3,1),(6,14,3,0),(7,15,4,1),(8,16,4,0),(9,17,5,1),(10,18,5,0),(11,19,5,0),(12,20,6,1),(13,21,6,0),(14,22,6,0),(15,23,6,0),(16,24,7,1),(17,25,7,0),(18,26,8,1),(19,27,8,0),(20,28,8,0);
/*!40000 ALTER TABLE `ec_product_variations` ENABLE KEYS */;
UNLOCK TABLES;

--
-- Table structure for table `ec_product_views`
--

DROP TABLE IF EXISTS `ec_product_views`;
/*!40101 SET @saved_cs_client     = @@character_set_client */;
/*!50503 SET character_set_client = utf8mb4 */;
CREATE TABLE `ec_product_views` (
  `id` bigint unsigned NOT NULL AUTO_INCREMENT,
  `product_id` bigint unsigned NOT NULL,
  `views` int NOT NULL DEFAULT '1',
  `date` date NOT NULL DEFAULT '2023-11-15',
  PRIMARY KEY (`id`),
  UNIQUE KEY `ec_product_views_product_id_date_unique` (`product_id`,`date`),
  KEY `ec_product_views_product_id_index` (`product_id`)
) ENGINE=InnoDB DEFAULT CHARSET=utf8mb4 COLLATE=utf8mb4_unicode_ci;
/*!40101 SET character_set_client = @saved_cs_client */;

--
-- Dumping data for table `ec_product_views`
--

LOCK TABLES `ec_product_views` WRITE;
/*!40000 ALTER TABLE `ec_product_views` DISABLE KEYS */;
/*!40000 ALTER TABLE `ec_product_views` ENABLE KEYS */;
UNLOCK TABLES;

--
-- Table structure for table `ec_product_with_attribute_set`
--

DROP TABLE IF EXISTS `ec_product_with_attribute_set`;
/*!40101 SET @saved_cs_client     = @@character_set_client */;
/*!50503 SET character_set_client = utf8mb4 */;
CREATE TABLE `ec_product_with_attribute_set` (
  `attribute_set_id` bigint unsigned NOT NULL,
  `product_id` bigint unsigned NOT NULL,
  `order` tinyint unsigned NOT NULL DEFAULT '0',
  PRIMARY KEY (`product_id`,`attribute_set_id`)
) ENGINE=InnoDB DEFAULT CHARSET=utf8mb4 COLLATE=utf8mb4_unicode_ci;
/*!40101 SET character_set_client = @saved_cs_client */;

--
-- Dumping data for table `ec_product_with_attribute_set`
--

LOCK TABLES `ec_product_with_attribute_set` WRITE;
/*!40000 ALTER TABLE `ec_product_with_attribute_set` DISABLE KEYS */;
INSERT INTO `ec_product_with_attribute_set` VALUES (1,1,0),(2,1,0),(1,2,0),(2,2,0),(1,3,0),(2,3,0),(1,4,0),(2,4,0),(1,5,0),(2,5,0),(1,6,0),(2,6,0),(1,7,0),(2,7,0),(1,8,0),(2,8,0);
/*!40000 ALTER TABLE `ec_product_with_attribute_set` ENABLE KEYS */;
UNLOCK TABLES;

--
-- Table structure for table `ec_products`
--

DROP TABLE IF EXISTS `ec_products`;
/*!40101 SET @saved_cs_client     = @@character_set_client */;
/*!50503 SET character_set_client = utf8mb4 */;
CREATE TABLE `ec_products` (
  `id` bigint unsigned NOT NULL AUTO_INCREMENT,
  `name` varchar(255) COLLATE utf8mb4_unicode_ci NOT NULL,
  `description` text COLLATE utf8mb4_unicode_ci,
  `content` longtext COLLATE utf8mb4_unicode_ci,
  `status` varchar(60) COLLATE utf8mb4_unicode_ci NOT NULL DEFAULT 'published',
  `images` text COLLATE utf8mb4_unicode_ci,
  `sku` varchar(120) COLLATE utf8mb4_unicode_ci DEFAULT NULL,
  `order` int unsigned NOT NULL DEFAULT '0',
  `quantity` int unsigned DEFAULT NULL,
  `allow_checkout_when_out_of_stock` tinyint unsigned NOT NULL DEFAULT '0',
  `with_storehouse_management` tinyint unsigned NOT NULL DEFAULT '0',
  `is_featured` tinyint unsigned NOT NULL DEFAULT '0',
  `brand_id` bigint unsigned DEFAULT NULL,
  `is_variation` tinyint NOT NULL DEFAULT '0',
  `sale_type` tinyint NOT NULL DEFAULT '0',
  `price` double unsigned DEFAULT NULL,
  `sale_price` double unsigned DEFAULT NULL,
  `start_date` timestamp NULL DEFAULT NULL,
  `end_date` timestamp NULL DEFAULT NULL,
  `length` double(8,2) DEFAULT NULL,
  `wide` double(8,2) DEFAULT NULL,
  `height` double(8,2) DEFAULT NULL,
  `weight` double(8,2) DEFAULT NULL,
  `tax_id` bigint unsigned DEFAULT NULL,
  `views` bigint NOT NULL DEFAULT '0',
  `created_at` timestamp NULL DEFAULT NULL,
  `updated_at` timestamp NULL DEFAULT NULL,
  `stock_status` varchar(191) COLLATE utf8mb4_unicode_ci DEFAULT 'in_stock',
  `created_by_id` bigint unsigned DEFAULT '0',
  `created_by_type` varchar(255) COLLATE utf8mb4_unicode_ci NOT NULL DEFAULT 'Botble\\ACL\\Models\\User',
  `image` varchar(255) COLLATE utf8mb4_unicode_ci DEFAULT NULL,
  `product_type` varchar(60) COLLATE utf8mb4_unicode_ci DEFAULT 'physical',
  `barcode` varchar(50) COLLATE utf8mb4_unicode_ci DEFAULT NULL,
  `cost_per_item` double DEFAULT NULL,
  `generate_license_code` tinyint(1) NOT NULL DEFAULT '0',
  PRIMARY KEY (`id`),
  KEY `ec_products_brand_id_status_is_variation_created_at_index` (`brand_id`,`status`,`is_variation`,`created_at`),
  KEY `sale_type_index` (`sale_type`),
  KEY `start_date_index` (`start_date`),
  KEY `end_date_index` (`end_date`),
  KEY `sale_price_index` (`sale_price`),
  KEY `is_variation_index` (`is_variation`),
  KEY `ec_products_sku_index` (`sku`)
) ENGINE=InnoDB AUTO_INCREMENT=29 DEFAULT CHARSET=utf8mb4 COLLATE=utf8mb4_unicode_ci;
/*!40101 SET character_set_client = @saved_cs_client */;

--
-- Dumping data for table `ec_products`
--

LOCK TABLES `ec_products` WRITE;
/*!40000 ALTER TABLE `ec_products` DISABLE KEYS */;
INSERT INTO `ec_products` VALUES (1,'Wallet handmade','<p>Short Hooded Coat features a straight body, large pockets with button flaps, ventilation air holes, and a string detail along the hemline.</p>','<p>Short Hooded Coat features a straight body, large pockets with button flaps, ventilation air holes, and a string detail along the hemline. The style is completed with a drawstring hood, featuring Rains’ signature built-in cap. Made from waterproof, matte PU, this lightweight unisex rain jacket is an ode to nostalgia through its classic silhouette and utilitarian design details.</p>\n                                <p>- Casual unisex fit</p>\n\n                                <p>- 64% polyester, 36% polyurethane</p>\n\n                                <p>- Water column pressure: 4000 mm</p>\n\n                                <p>- Model is 187cm tall and wearing a size S / M</p>\n\n                                <p>- Unisex fit</p>\n\n                                <p>- Drawstring hood with built-in cap</p>\n\n                                <p>- Front placket with snap buttons</p>\n\n                                <p>- Ventilation under armpit</p>\n\n                                <p>- Adjustable cuffs</p>\n\n                                <p>- Double welted front pockets</p>\n\n                                <p>- Adjustable elastic string at hempen</p>\n\n                                <p>- Ultrasonically welded seams</p>\n\n                                <p>This is a unisex item, please check our clothing &amp; footwear sizing guide for specific Rains jacket sizing information. RAINS comes from the rainy nation of Denmark at the edge of the European continent, close to the ocean and with prevailing westerly winds; all factors that contribute to an average of 121 rain days each year. Arising from these rainy weather conditions comes the attitude that a quick rain shower may be beautiful, as well as moody- but first and foremost requires the right outfit. Rains focus on the whole experience of going outside on rainy days, issuing an invitation to explore even in the most mercurial weather.</p>','published','[\"products\\/1.jpg\",\"products\\/1-1.jpg\"]','HS-200-A0',0,11,0,1,1,4,0,0,417,NULL,NULL,NULL,13.00,18.00,10.00,524.00,NULL,137577,'2023-11-15 03:05:54','2023-11-15 03:05:54','in_stock',0,'Botble\\ACL\\Models\\User',NULL,'digital',NULL,NULL,0),(2,'Clutch handmade','<p>Short Hooded Coat features a straight body, large pockets with button flaps, ventilation air holes, and a string detail along the hemline.</p>','<p>Short Hooded Coat features a straight body, large pockets with button flaps, ventilation air holes, and a string detail along the hemline. The style is completed with a drawstring hood, featuring Rains’ signature built-in cap. Made from waterproof, matte PU, this lightweight unisex rain jacket is an ode to nostalgia through its classic silhouette and utilitarian design details.</p>\n                                <p>- Casual unisex fit</p>\n\n                                <p>- 64% polyester, 36% polyurethane</p>\n\n                                <p>- Water column pressure: 4000 mm</p>\n\n                                <p>- Model is 187cm tall and wearing a size S / M</p>\n\n                                <p>- Unisex fit</p>\n\n                                <p>- Drawstring hood with built-in cap</p>\n\n                                <p>- Front placket with snap buttons</p>\n\n                                <p>- Ventilation under armpit</p>\n\n                                <p>- Adjustable cuffs</p>\n\n                                <p>- Double welted front pockets</p>\n\n                                <p>- Adjustable elastic string at hempen</p>\n\n                                <p>- Ultrasonically welded seams</p>\n\n                                <p>This is a unisex item, please check our clothing &amp; footwear sizing guide for specific Rains jacket sizing information. RAINS comes from the rainy nation of Denmark at the edge of the European continent, close to the ocean and with prevailing westerly winds; all factors that contribute to an average of 121 rain days each year. Arising from these rainy weather conditions comes the attitude that a quick rain shower may be beautiful, as well as moody- but first and foremost requires the right outfit. Rains focus on the whole experience of going outside on rainy days, issuing an invitation to explore even in the most mercurial weather.</p>','published','[\"products\\/2.jpg\",\"products\\/2-1.jpg\",\"products\\/2-2.jpg\",\"products\\/2-3.jpg\"]','HS-190-A0',0,16,0,1,1,4,0,0,282,NULL,NULL,NULL,13.00,12.00,16.00,681.00,NULL,169632,'2023-11-15 03:05:54','2023-11-15 03:05:54','in_stock',0,'Botble\\ACL\\Models\\User',NULL,'physical',NULL,NULL,0),(3,'Gucci Zip Around Wallet','<p>Short Hooded Coat features a straight body, large pockets with button flaps, ventilation air holes, and a string detail along the hemline.</p>','<p>Short Hooded Coat features a straight body, large pockets with button flaps, ventilation air holes, and a string detail along the hemline. The style is completed with a drawstring hood, featuring Rains’ signature built-in cap. Made from waterproof, matte PU, this lightweight unisex rain jacket is an ode to nostalgia through its classic silhouette and utilitarian design details.</p>\n                                <p>- Casual unisex fit</p>\n\n                                <p>- 64% polyester, 36% polyurethane</p>\n\n                                <p>- Water column pressure: 4000 mm</p>\n\n                                <p>- Model is 187cm tall and wearing a size S / M</p>\n\n                                <p>- Unisex fit</p>\n\n                                <p>- Drawstring hood with built-in cap</p>\n\n                                <p>- Front placket with snap buttons</p>\n\n                                <p>- Ventilation under armpit</p>\n\n                                <p>- Adjustable cuffs</p>\n\n                                <p>- Double welted front pockets</p>\n\n                                <p>- Adjustable elastic string at hempen</p>\n\n                                <p>- Ultrasonically welded seams</p>\n\n                                <p>This is a unisex item, please check our clothing &amp; footwear sizing guide for specific Rains jacket sizing information. RAINS comes from the rainy nation of Denmark at the edge of the European continent, close to the ocean and with prevailing westerly winds; all factors that contribute to an average of 121 rain days each year. Arising from these rainy weather conditions comes the attitude that a quick rain shower may be beautiful, as well as moody- but first and foremost requires the right outfit. Rains focus on the whole experience of going outside on rainy days, issuing an invitation to explore even in the most mercurial weather.</p>','published','[\"products\\/3.jpg\",\"products\\/3-1.jpg\",\"products\\/3-2.jpg\",\"products\\/3-3.jpg\"]','HS-140-A0',0,10,0,1,1,1,0,0,282,NULL,NULL,NULL,20.00,12.00,10.00,766.00,NULL,108307,'2023-11-15 03:05:54','2023-11-15 03:05:54','in_stock',0,'Botble\\ACL\\Models\\User',NULL,'physical',NULL,NULL,0),(4,'Snapshot Standard','<p>Short Hooded Coat features a straight body, large pockets with button flaps, ventilation air holes, and a string detail along the hemline.</p>','<p>Short Hooded Coat features a straight body, large pockets with button flaps, ventilation air holes, and a string detail along the hemline. The style is completed with a drawstring hood, featuring Rains’ signature built-in cap. Made from waterproof, matte PU, this lightweight unisex rain jacket is an ode to nostalgia through its classic silhouette and utilitarian design details.</p>\n                                <p>- Casual unisex fit</p>\n\n                                <p>- 64% polyester, 36% polyurethane</p>\n\n                                <p>- Water column pressure: 4000 mm</p>\n\n                                <p>- Model is 187cm tall and wearing a size S / M</p>\n\n                                <p>- Unisex fit</p>\n\n                                <p>- Drawstring hood with built-in cap</p>\n\n                                <p>- Front placket with snap buttons</p>\n\n                                <p>- Ventilation under armpit</p>\n\n                                <p>- Adjustable cuffs</p>\n\n                                <p>- Double welted front pockets</p>\n\n                                <p>- Adjustable elastic string at hempen</p>\n\n                                <p>- Ultrasonically welded seams</p>\n\n                                <p>This is a unisex item, please check our clothing &amp; footwear sizing guide for specific Rains jacket sizing information. RAINS comes from the rainy nation of Denmark at the edge of the European continent, close to the ocean and with prevailing westerly winds; all factors that contribute to an average of 121 rain days each year. Arising from these rainy weather conditions comes the attitude that a quick rain shower may be beautiful, as well as moody- but first and foremost requires the right outfit. Rains focus on the whole experience of going outside on rainy days, issuing an invitation to explore even in the most mercurial weather.</p>','published','[\"products\\/4.jpg\",\"products\\/4-1.jpg\",\"products\\/4-2.jpg\"]','HS-183-A0',0,15,0,1,1,6,0,0,217,154.07,NULL,NULL,13.00,15.00,14.00,897.00,NULL,22674,'2023-11-15 03:05:54','2023-11-15 03:05:54','in_stock',0,'Botble\\ACL\\Models\\User',NULL,'physical',NULL,NULL,0),(5,'Joan Mini Camera Bag','<p>Short Hooded Coat features a straight body, large pockets with button flaps, ventilation air holes, and a string detail along the hemline.</p>','<p>Short Hooded Coat features a straight body, large pockets with button flaps, ventilation air holes, and a string detail along the hemline. The style is completed with a drawstring hood, featuring Rains’ signature built-in cap. Made from waterproof, matte PU, this lightweight unisex rain jacket is an ode to nostalgia through its classic silhouette and utilitarian design details.</p>\n                                <p>- Casual unisex fit</p>\n\n                                <p>- 64% polyester, 36% polyurethane</p>\n\n                                <p>- Water column pressure: 4000 mm</p>\n\n                                <p>- Model is 187cm tall and wearing a size S / M</p>\n\n                                <p>- Unisex fit</p>\n\n                                <p>- Drawstring hood with built-in cap</p>\n\n                                <p>- Front placket with snap buttons</p>\n\n                                <p>- Ventilation under armpit</p>\n\n                                <p>- Adjustable cuffs</p>\n\n                                <p>- Double welted front pockets</p>\n\n                                <p>- Adjustable elastic string at hempen</p>\n\n                                <p>- Ultrasonically welded seams</p>\n\n                                <p>This is a unisex item, please check our clothing &amp; footwear sizing guide for specific Rains jacket sizing information. RAINS comes from the rainy nation of Denmark at the edge of the European continent, close to the ocean and with prevailing westerly winds; all factors that contribute to an average of 121 rain days each year. Arising from these rainy weather conditions comes the attitude that a quick rain shower may be beautiful, as well as moody- but first and foremost requires the right outfit. Rains focus on the whole experience of going outside on rainy days, issuing an invitation to explore even in the most mercurial weather.</p>','published','[\"products\\/5.jpg\",\"products\\/5-1.jpg\",\"products\\/5-2.jpg\"]','HS-166-A0',0,15,0,1,1,1,0,0,87,NULL,NULL,NULL,15.00,18.00,17.00,640.00,NULL,2166,'2023-11-15 03:05:54','2023-11-15 03:05:54','in_stock',0,'Botble\\ACL\\Models\\User',NULL,'digital',NULL,NULL,0),(6,'Cyan Boheme','<p>Short Hooded Coat features a straight body, large pockets with button flaps, ventilation air holes, and a string detail along the hemline.</p>','<p>Short Hooded Coat features a straight body, large pockets with button flaps, ventilation air holes, and a string detail along the hemline. The style is completed with a drawstring hood, featuring Rains’ signature built-in cap. Made from waterproof, matte PU, this lightweight unisex rain jacket is an ode to nostalgia through its classic silhouette and utilitarian design details.</p>\n                                <p>- Casual unisex fit</p>\n\n                                <p>- 64% polyester, 36% polyurethane</p>\n\n                                <p>- Water column pressure: 4000 mm</p>\n\n                                <p>- Model is 187cm tall and wearing a size S / M</p>\n\n                                <p>- Unisex fit</p>\n\n                                <p>- Drawstring hood with built-in cap</p>\n\n                                <p>- Front placket with snap buttons</p>\n\n                                <p>- Ventilation under armpit</p>\n\n                                <p>- Adjustable cuffs</p>\n\n                                <p>- Double welted front pockets</p>\n\n                                <p>- Adjustable elastic string at hempen</p>\n\n                                <p>- Ultrasonically welded seams</p>\n\n                                <p>This is a unisex item, please check our clothing &amp; footwear sizing guide for specific Rains jacket sizing information. RAINS comes from the rainy nation of Denmark at the edge of the European continent, close to the ocean and with prevailing westerly winds; all factors that contribute to an average of 121 rain days each year. Arising from these rainy weather conditions comes the attitude that a quick rain shower may be beautiful, as well as moody- but first and foremost requires the right outfit. Rains focus on the whole experience of going outside on rainy days, issuing an invitation to explore even in the most mercurial weather.</p>','published','[\"products\\/6.jpg\",\"products\\/6-1.jpg\"]','HS-177-A0',0,20,0,1,1,7,0,0,43,NULL,NULL,NULL,19.00,19.00,16.00,512.00,NULL,171413,'2023-11-15 03:05:54','2023-11-15 03:05:54','in_stock',0,'Botble\\ACL\\Models\\User',NULL,'physical',NULL,NULL,0),(7,'The Marc Jacobs','<p>Short Hooded Coat features a straight body, large pockets with button flaps, ventilation air holes, and a string detail along the hemline.</p>','<p>Short Hooded Coat features a straight body, large pockets with button flaps, ventilation air holes, and a string detail along the hemline. The style is completed with a drawstring hood, featuring Rains’ signature built-in cap. Made from waterproof, matte PU, this lightweight unisex rain jacket is an ode to nostalgia through its classic silhouette and utilitarian design details.</p>\n                                <p>- Casual unisex fit</p>\n\n                                <p>- 64% polyester, 36% polyurethane</p>\n\n                                <p>- Water column pressure: 4000 mm</p>\n\n                                <p>- Model is 187cm tall and wearing a size S / M</p>\n\n                                <p>- Unisex fit</p>\n\n                                <p>- Drawstring hood with built-in cap</p>\n\n                                <p>- Front placket with snap buttons</p>\n\n                                <p>- Ventilation under armpit</p>\n\n                                <p>- Adjustable cuffs</p>\n\n                                <p>- Double welted front pockets</p>\n\n                                <p>- Adjustable elastic string at hempen</p>\n\n                                <p>- Ultrasonically welded seams</p>\n\n                                <p>This is a unisex item, please check our clothing &amp; footwear sizing guide for specific Rains jacket sizing information. RAINS comes from the rainy nation of Denmark at the edge of the European continent, close to the ocean and with prevailing westerly winds; all factors that contribute to an average of 121 rain days each year. Arising from these rainy weather conditions comes the attitude that a quick rain shower may be beautiful, as well as moody- but first and foremost requires the right outfit. Rains focus on the whole experience of going outside on rainy days, issuing an invitation to explore even in the most mercurial weather.</p>','published','[\"products\\/7.jpg\",\"products\\/7-1.jpg\",\"products\\/7-2.jpg\"]','HS-120-A0',0,12,0,1,1,2,0,0,56,NULL,NULL,NULL,11.00,12.00,11.00,815.00,NULL,101681,'2023-11-15 03:05:54','2023-11-15 03:05:54','in_stock',0,'Botble\\ACL\\Models\\User',NULL,'physical',NULL,NULL,0),(8,'Round Cross body Bag','<p>Short Hooded Coat features a straight body, large pockets with button flaps, ventilation air holes, and a string detail along the hemline.</p>','<p>Short Hooded Coat features a straight body, large pockets with button flaps, ventilation air holes, and a string detail along the hemline. The style is completed with a drawstring hood, featuring Rains’ signature built-in cap. Made from waterproof, matte PU, this lightweight unisex rain jacket is an ode to nostalgia through its classic silhouette and utilitarian design details.</p>\n                                <p>- Casual unisex fit</p>\n\n                                <p>- 64% polyester, 36% polyurethane</p>\n\n                                <p>- Water column pressure: 4000 mm</p>\n\n                                <p>- Model is 187cm tall and wearing a size S / M</p>\n\n                                <p>- Unisex fit</p>\n\n                                <p>- Drawstring hood with built-in cap</p>\n\n                                <p>- Front placket with snap buttons</p>\n\n                                <p>- Ventilation under armpit</p>\n\n                                <p>- Adjustable cuffs</p>\n\n                                <p>- Double welted front pockets</p>\n\n                                <p>- Adjustable elastic string at hempen</p>\n\n                                <p>- Ultrasonically welded seams</p>\n\n                                <p>This is a unisex item, please check our clothing &amp; footwear sizing guide for specific Rains jacket sizing information. RAINS comes from the rainy nation of Denmark at the edge of the European continent, close to the ocean and with prevailing westerly winds; all factors that contribute to an average of 121 rain days each year. Arising from these rainy weather conditions comes the attitude that a quick rain shower may be beautiful, as well as moody- but first and foremost requires the right outfit. Rains focus on the whole experience of going outside on rainy days, issuing an invitation to explore even in the most mercurial weather.</p>','published','[\"products\\/8.jpg\"]','HS-119-A0',0,15,0,1,1,7,0,0,123,100.86,NULL,NULL,10.00,14.00,10.00,755.00,NULL,94462,'2023-11-15 03:05:54','2023-11-15 03:05:54','in_stock',0,'Botble\\ACL\\Models\\User',NULL,'physical',NULL,NULL,0),(9,'Wallet handmade',NULL,NULL,'published','[\"products\\/1.jpg\"]','HS-200-A0',0,11,0,1,0,4,1,0,417,NULL,NULL,NULL,13.00,18.00,10.00,524.00,NULL,0,'2023-11-15 03:05:54','2023-11-15 03:05:54','in_stock',0,'Botble\\ACL\\Models\\User',NULL,'digital',NULL,NULL,0),(10,'Clutch handmade',NULL,NULL,'published','[\"products\\/2.jpg\"]','HS-190-A0',0,16,0,1,0,4,1,0,282,NULL,NULL,NULL,13.00,12.00,16.00,681.00,NULL,0,'2023-11-15 03:05:54','2023-11-15 03:05:54','in_stock',0,'Botble\\ACL\\Models\\User',NULL,'physical',NULL,NULL,0),(11,'Clutch handmade',NULL,NULL,'published','[\"products\\/2-1.jpg\"]','HS-190-A0-A1',0,16,0,1,0,4,1,0,282,NULL,NULL,NULL,13.00,12.00,16.00,681.00,NULL,0,'2023-11-15 03:05:54','2023-11-15 03:05:54','in_stock',0,'Botble\\ACL\\Models\\User',NULL,'physical',NULL,NULL,0),(12,'Clutch handmade',NULL,NULL,'published','[\"products\\/2-2.jpg\"]','HS-190-A0-A2',0,16,0,1,0,4,1,0,282,NULL,NULL,NULL,13.00,12.00,16.00,681.00,NULL,0,'2023-11-15 03:05:54','2023-11-15 03:05:54','in_stock',0,'Botble\\ACL\\Models\\User',NULL,'physical',NULL,NULL,0),(13,'Gucci Zip Around Wallet',NULL,NULL,'published','[\"products\\/3.jpg\"]','HS-140-A0',0,10,0,1,0,1,1,0,282,NULL,NULL,NULL,20.00,12.00,10.00,766.00,NULL,0,'2023-11-15 03:05:54','2023-11-15 03:05:54','in_stock',0,'Botble\\ACL\\Models\\User',NULL,'physical',NULL,NULL,0),(14,'Gucci Zip Around Wallet',NULL,NULL,'published','[\"products\\/3-1.jpg\"]','HS-140-A0-A1',0,10,0,1,0,1,1,0,282,NULL,NULL,NULL,20.00,12.00,10.00,766.00,NULL,0,'2023-11-15 03:05:54','2023-11-15 03:05:54','in_stock',0,'Botble\\ACL\\Models\\User',NULL,'physical',NULL,NULL,0),(15,'Snapshot Standard',NULL,NULL,'published','[\"products\\/4.jpg\"]','HS-183-A0',0,15,0,1,0,6,1,0,217,154.07,NULL,NULL,13.00,15.00,14.00,897.00,NULL,0,'2023-11-15 03:05:54','2023-11-15 03:05:54','in_stock',0,'Botble\\ACL\\Models\\User',NULL,'physical',NULL,NULL,0),(16,'Snapshot Standard',NULL,NULL,'published','[\"products\\/4-1.jpg\"]','HS-183-A0-A1',0,15,0,1,0,6,1,0,217,188.79,NULL,NULL,13.00,15.00,14.00,897.00,NULL,0,'2023-11-15 03:05:54','2023-11-15 03:05:54','in_stock',0,'Botble\\ACL\\Models\\User',NULL,'physical',NULL,NULL,0),(17,'Joan Mini Camera Bag',NULL,NULL,'published','[\"products\\/5.jpg\"]','HS-166-A0',0,15,0,1,0,1,1,0,87,NULL,NULL,NULL,15.00,18.00,17.00,640.00,NULL,0,'2023-11-15 03:05:54','2023-11-15 03:05:54','in_stock',0,'Botble\\ACL\\Models\\User',NULL,'digital',NULL,NULL,0),(18,'Joan Mini Camera Bag',NULL,NULL,'published','[\"products\\/5-1.jpg\"]','HS-166-A0-A1',0,15,0,1,0,1,1,0,87,NULL,NULL,NULL,15.00,18.00,17.00,640.00,NULL,0,'2023-11-15 03:05:54','2023-11-15 03:05:54','in_stock',0,'Botble\\ACL\\Models\\User',NULL,'digital',NULL,NULL,0),(19,'Joan Mini Camera Bag',NULL,NULL,'published','[\"products\\/5-2.jpg\"]','HS-166-A0-A2',0,15,0,1,0,1,1,0,87,NULL,NULL,NULL,15.00,18.00,17.00,640.00,NULL,0,'2023-11-15 03:05:54','2023-11-15 03:05:54','in_stock',0,'Botble\\ACL\\Models\\User',NULL,'digital',NULL,NULL,0),(20,'Cyan Boheme',NULL,NULL,'published','[\"products\\/6.jpg\"]','HS-177-A0',0,20,0,1,0,7,1,0,43,NULL,NULL,NULL,19.00,19.00,16.00,512.00,NULL,0,'2023-11-15 03:05:54','2023-11-15 03:05:54','in_stock',0,'Botble\\ACL\\Models\\User',NULL,'physical',NULL,NULL,0),(21,'Cyan Boheme',NULL,NULL,'published','[\"products\\/6-1.jpg\"]','HS-177-A0-A1',0,20,0,1,0,7,1,0,43,NULL,NULL,NULL,19.00,19.00,16.00,512.00,NULL,0,'2023-11-15 03:05:54','2023-11-15 03:05:54','in_stock',0,'Botble\\ACL\\Models\\User',NULL,'physical',NULL,NULL,0),(22,'Cyan Boheme',NULL,NULL,'published','[\"products\\/6.jpg\"]','HS-177-A0-A2',0,20,0,1,0,7,1,0,43,NULL,NULL,NULL,19.00,19.00,16.00,512.00,NULL,0,'2023-11-15 03:05:54','2023-11-15 03:05:54','in_stock',0,'Botble\\ACL\\Models\\User',NULL,'physical',NULL,NULL,0),(23,'Cyan Boheme',NULL,NULL,'published','[\"products\\/6.jpg\"]','HS-177-A0-A3',0,20,0,1,0,7,1,0,43,NULL,NULL,NULL,19.00,19.00,16.00,512.00,NULL,0,'2023-11-15 03:05:54','2023-11-15 03:05:54','in_stock',0,'Botble\\ACL\\Models\\User',NULL,'physical',NULL,NULL,0),(24,'The Marc Jacobs',NULL,NULL,'published','[\"products\\/7.jpg\"]','HS-120-A0',0,12,0,1,0,2,1,0,56,NULL,NULL,NULL,11.00,12.00,11.00,815.00,NULL,0,'2023-11-15 03:05:54','2023-11-15 03:05:54','in_stock',0,'Botble\\ACL\\Models\\User',NULL,'physical',NULL,NULL,0),(25,'The Marc Jacobs',NULL,NULL,'published','[\"products\\/7-1.jpg\"]','HS-120-A0-A1',0,12,0,1,0,2,1,0,56,NULL,NULL,NULL,11.00,12.00,11.00,815.00,NULL,0,'2023-11-15 03:05:54','2023-11-15 03:05:54','in_stock',0,'Botble\\ACL\\Models\\User',NULL,'physical',NULL,NULL,0),(26,'Round Cross body Bag',NULL,NULL,'published','[\"products\\/8.jpg\"]','HS-119-A0',0,15,0,1,0,7,1,0,123,100.86,NULL,NULL,10.00,14.00,10.00,755.00,NULL,0,'2023-11-15 03:05:54','2023-11-15 03:05:54','in_stock',0,'Botble\\ACL\\Models\\User',NULL,'physical',NULL,NULL,0),(27,'Round Cross body Bag',NULL,NULL,'published','[\"products\\/8.jpg\"]','HS-119-A0-A1',0,15,0,1,0,7,1,0,123,102.09,NULL,NULL,10.00,14.00,10.00,755.00,NULL,0,'2023-11-15 03:05:54','2023-11-15 03:05:54','in_stock',0,'Botble\\ACL\\Models\\User',NULL,'physical',NULL,NULL,0),(28,'Round Cross body Bag',NULL,NULL,'published','[\"products\\/8.jpg\"]','HS-119-A0-A2',0,15,0,1,0,7,1,0,123,107.01,NULL,NULL,10.00,14.00,10.00,755.00,NULL,0,'2023-11-15 03:05:54','2023-11-15 03:05:54','in_stock',0,'Botble\\ACL\\Models\\User',NULL,'physical',NULL,NULL,0);
/*!40000 ALTER TABLE `ec_products` ENABLE KEYS */;
UNLOCK TABLES;

--
-- Table structure for table `ec_products_translations`
--

DROP TABLE IF EXISTS `ec_products_translations`;
/*!40101 SET @saved_cs_client     = @@character_set_client */;
/*!50503 SET character_set_client = utf8mb4 */;
CREATE TABLE `ec_products_translations` (
  `lang_code` varchar(20) COLLATE utf8mb4_unicode_ci NOT NULL,
  `ec_products_id` bigint unsigned NOT NULL,
  `name` varchar(255) COLLATE utf8mb4_unicode_ci DEFAULT NULL,
  `description` text COLLATE utf8mb4_unicode_ci,
  `content` text COLLATE utf8mb4_unicode_ci,
  PRIMARY KEY (`lang_code`,`ec_products_id`)
) ENGINE=InnoDB DEFAULT CHARSET=utf8mb4 COLLATE=utf8mb4_unicode_ci;
/*!40101 SET character_set_client = @saved_cs_client */;

--
-- Dumping data for table `ec_products_translations`
--

LOCK TABLES `ec_products_translations` WRITE;
/*!40000 ALTER TABLE `ec_products_translations` DISABLE KEYS */;
/*!40000 ALTER TABLE `ec_products_translations` ENABLE KEYS */;
UNLOCK TABLES;

--
-- Table structure for table `ec_reviews`
--

DROP TABLE IF EXISTS `ec_reviews`;
/*!40101 SET @saved_cs_client     = @@character_set_client */;
/*!50503 SET character_set_client = utf8mb4 */;
CREATE TABLE `ec_reviews` (
  `id` bigint unsigned NOT NULL AUTO_INCREMENT,
  `customer_id` bigint unsigned NOT NULL,
  `product_id` bigint unsigned NOT NULL,
  `star` double(8,2) NOT NULL,
  `comment` text COLLATE utf8mb4_unicode_ci NOT NULL,
  `status` varchar(60) COLLATE utf8mb4_unicode_ci NOT NULL DEFAULT 'published',
  `created_at` timestamp NULL DEFAULT NULL,
  `updated_at` timestamp NULL DEFAULT NULL,
  `images` text COLLATE utf8mb4_unicode_ci,
  PRIMARY KEY (`id`),
  UNIQUE KEY `ec_reviews_product_id_customer_id_unique` (`product_id`,`customer_id`),
  KEY `ec_reviews_product_id_customer_id_status_created_at_index` (`product_id`,`customer_id`,`status`,`created_at`),
  KEY `review_relation_index` (`product_id`,`customer_id`,`status`)
) ENGINE=InnoDB AUTO_INCREMENT=1001 DEFAULT CHARSET=utf8mb4 COLLATE=utf8mb4_unicode_ci;
/*!40101 SET character_set_client = @saved_cs_client */;

--
-- Dumping data for table `ec_reviews`
--

LOCK TABLES `ec_reviews` WRITE;
/*!40000 ALTER TABLE `ec_reviews` DISABLE KEYS */;
INSERT INTO `ec_reviews` VALUES (1,10,5,3.00,'Great system, great support, good job Botble. I\'m looking forward to more great functional plugins.','published','2023-11-15 03:05:57','2023-11-15 03:05:57','[\"products\\/2-2.jpg\",\"products\\/2-3.jpg\",\"products\\/4-2.jpg\",\"products\\/5-2.jpg\"]'),(2,5,8,4.00,'We have received brilliant service support and will be expanding the features with the developer. Nice product!','published','2023-11-15 03:05:57','2023-11-15 03:05:57','[\"products\\/3.jpg\"]'),(3,8,7,2.00,'For me the best eCommerce script on Envato at this moment: modern, clean code, a lot of great features. The customer support is great too: I always get an answer within hours!','published','2023-11-15 03:05:57','2023-11-15 03:05:57','[\"products\\/1-1.jpg\",\"products\\/2-3.jpg\",\"products\\/10.jpg\"]'),(4,8,3,2.00,'The script is the best of its class, fast, easy to implement and work with , and the most important thing is the great support team , Recommend with no doubt.','published','2023-11-15 03:05:57','2023-11-15 03:05:57','[\"products\\/3-3.jpg\",\"products\\/4-2.jpg\"]'),(5,7,6,2.00,'Amazing code, amazing support. Overall, im really confident in Botble and im happy I made the right choice! Thank you so much guys for coding this masterpiece','published','2023-11-15 03:05:57','2023-11-15 03:05:57','[\"products\\/2-2.jpg\",\"products\\/2-3.jpg\",\"products\\/3-3.jpg\"]'),(6,8,2,2.00,'Best ecommerce CMS online store!','published','2023-11-15 03:05:57','2023-11-15 03:05:57','[\"products\\/5.jpg\"]'),(7,7,4,5.00,'We have received brilliant service support and will be expanding the features with the developer. Nice product!','published','2023-11-15 03:05:57','2023-11-15 03:05:57','[\"products\\/3-1.jpg\",\"products\\/4-2.jpg\",\"products\\/11.jpg\"]'),(8,4,2,5.00,'Second or third time that I buy a Botble product, happy with the products and support. You guys do a good job :)','published','2023-11-15 03:05:57','2023-11-15 03:05:57','[\"products\\/2-3.jpg\",\"products\\/4.jpg\",\"products\\/7-1.jpg\",\"products\\/11.jpg\"]'),(9,7,8,1.00,'Amazing code, amazing support. Overall, im really confident in Botble and im happy I made the right choice! Thank you so much guys for coding this masterpiece','published','2023-11-15 03:05:57','2023-11-15 03:05:57','[\"products\\/4-2.jpg\",\"products\\/10-1.jpg\"]'),(10,5,4,3.00,'Great E-commerce system. And much more : Wonderful Customer Support.','published','2023-11-15 03:05:57','2023-11-15 03:05:57','[\"products\\/1.jpg\",\"products\\/4.jpg\",\"products\\/6.jpg\",\"products\\/10.jpg\"]'),(11,6,5,2.00,'It\'s not my first experience here on Codecanyon and I can honestly tell you all that Botble puts a LOT of effort into the support. They answer so fast, they helped me tons of times. REALLY by far THE BEST EXPERIENCE on Codecanyon. Those guys at Botble are so good that they deserve 5 stars. I recommend them, I trust them and I can\'t wait to see what they will sell in a near future. Thank you Botble :)','published','2023-11-15 03:05:57','2023-11-15 03:05:57','[\"products\\/4.jpg\",\"products\\/6.jpg\",\"products\\/10-2.jpg\"]'),(12,8,4,4.00,'I Love this Script. I also found how to add other fees. Now I just wait the BIG update for the Marketplace with the Bulk Import. Just do not forget to make it to be Multi-language for us the Botble Fans.','published','2023-11-15 03:05:57','2023-11-15 03:05:57','[\"products\\/1.jpg\",\"products\\/5.jpg\",\"products\\/10-1.jpg\"]'),(13,6,3,1.00,'Ok good product. I have some issues in customizations. But its not correct to blame the developer. The product is good. Good luck for your business.','published','2023-11-15 03:05:57','2023-11-15 03:05:57','[\"products\\/1-1.jpg\",\"products\\/2-2.jpg\",\"products\\/5.jpg\",\"products\\/7-1.jpg\"]'),(15,6,7,3.00,'Ok good product. I have some issues in customizations. But its not correct to blame the developer. The product is good. Good luck for your business.','published','2023-11-15 03:05:57','2023-11-15 03:05:57','[\"products\\/6.jpg\"]'),(16,1,5,4.00,'Customer Support are grade (A*), however the code is a way too over engineered for it\'s purpose.','published','2023-11-15 03:05:57','2023-11-15 03:05:57','[\"products\\/3-2.jpg\",\"products\\/8.jpg\"]'),(21,1,8,1.00,'Cool template. Excellent code quality. The support responds very quickly, which is very rare on themeforest and codecanyon.net, I buy a lot of templates, and everyone will have a response from technical support for two or three days. Thanks to tech support. I recommend to buy.','published','2023-11-15 03:05:57','2023-11-15 03:05:57','[\"products\\/2-3.jpg\",\"products\\/3-3.jpg\",\"products\\/3.jpg\",\"products\\/10.jpg\"]'),(22,3,4,5.00,'Ok good product. I have some issues in customizations. But its not correct to blame the developer. The product is good. Good luck for your business.','published','2023-11-15 03:05:57','2023-11-15 03:05:57','[\"products\\/3-3.jpg\",\"products\\/5.jpg\",\"products\\/10.jpg\"]'),(23,9,3,2.00,'Clean & perfect source code','published','2023-11-15 03:05:57','2023-11-15 03:05:57','[\"products\\/3-3.jpg\",\"products\\/10.jpg\",\"products\\/11.jpg\"]'),(24,2,6,1.00,'This web app is really good in design, code quality & features. Besides, the customer support provided by the Botble team was really fast & helpful. You guys are awesome!','published','2023-11-15 03:05:57','2023-11-15 03:05:57','[\"products\\/2-1.jpg\",\"products\\/6-1.jpg\"]'),(25,6,1,3.00,'This web app is really good in design, code quality & features. Besides, the customer support provided by the Botble team was really fast & helpful. You guys are awesome!','published','2023-11-15 03:05:57','2023-11-15 03:05:57','[\"products\\/5-1.jpg\",\"products\\/6.jpg\",\"products\\/9.jpg\",\"products\\/10-2.jpg\"]'),(26,5,2,4.00,'I Love this Script. I also found how to add other fees. Now I just wait the BIG update for the Marketplace with the Bulk Import. Just do not forget to make it to be Multi-language for us the Botble Fans.','published','2023-11-15 03:05:57','2023-11-15 03:05:57','[\"products\\/7-2.jpg\"]'),(27,8,1,4.00,'Good app, good backup service and support. Good documentation.','published','2023-11-15 03:05:57','2023-11-15 03:05:57','[\"products\\/4-2.jpg\",\"products\\/9.jpg\"]'),(28,9,1,3.00,'Perfect +++++++++ i love it really also i get to fast ticket answers... Thanks Lot BOTBLE Teams','published','2023-11-15 03:05:57','2023-11-15 03:05:57','[\"products\\/2-2.jpg\",\"products\\/7.jpg\"]'),(29,6,4,3.00,'Ok good product. I have some issues in customizations. But its not correct to blame the developer. The product is good. Good luck for your business.','published','2023-11-15 03:05:57','2023-11-15 03:05:57','[\"products\\/3-1.jpg\",\"products\\/4-2.jpg\",\"products\\/6-1.jpg\",\"products\\/11.jpg\"]'),(30,2,4,5.00,'Best ecommerce CMS online store!','published','2023-11-15 03:05:57','2023-11-15 03:05:57','[\"products\\/1-1.jpg\",\"products\\/3-3.jpg\",\"products\\/4-1.jpg\",\"products\\/7-1.jpg\"]'),(31,8,8,1.00,'The best ecommerce CMS! Excellent coding! best support service! Thank you so much..... I really like your hard work.','published','2023-11-15 03:05:57','2023-11-15 03:05:57','[\"products\\/10-2.jpg\",\"products\\/10.jpg\",\"products\\/11.jpg\"]'),(33,7,3,1.00,'For me the best eCommerce script on Envato at this moment: modern, clean code, a lot of great features. The customer support is great too: I always get an answer within hours!','published','2023-11-15 03:05:57','2023-11-15 03:05:57','[\"products\\/2-1.jpg\",\"products\\/3-3.jpg\",\"products\\/5.jpg\",\"products\\/7.jpg\"]'),(35,3,6,3.00,'Ok good product. I have some issues in customizations. But its not correct to blame the developer. The product is good. Good luck for your business.','published','2023-11-15 03:05:57','2023-11-15 03:05:57','[\"products\\/5-1.jpg\",\"products\\/5.jpg\",\"products\\/6.jpg\"]'),(36,1,7,2.00,'Second or third time that I buy a Botble product, happy with the products and support. You guys do a good job :)','published','2023-11-15 03:05:57','2023-11-15 03:05:57','[\"products\\/2-3.jpg\",\"products\\/3-3.jpg\",\"products\\/7-2.jpg\",\"products\\/8.jpg\"]'),(37,3,5,1.00,'For me the best eCommerce script on Envato at this moment: modern, clean code, a lot of great features. The customer support is great too: I always get an answer within hours!','published','2023-11-15 03:05:57','2023-11-15 03:05:57','[\"products\\/2-2.jpg\",\"products\\/3-1.jpg\",\"products\\/5.jpg\"]'),(38,9,7,4.00,'It\'s not my first experience here on Codecanyon and I can honestly tell you all that Botble puts a LOT of effort into the support. They answer so fast, they helped me tons of times. REALLY by far THE BEST EXPERIENCE on Codecanyon. Those guys at Botble are so good that they deserve 5 stars. I recommend them, I trust them and I can\'t wait to see what they will sell in a near future. Thank you Botble :)','published','2023-11-15 03:05:57','2023-11-15 03:05:57','[\"products\\/2-3.jpg\",\"products\\/5-1.jpg\"]'),(39,3,3,3.00,'Ok good product. I have some issues in customizations. But its not correct to blame the developer. The product is good. Good luck for your business.','published','2023-11-15 03:05:57','2023-11-15 03:05:57','[\"products\\/10-2.jpg\"]'),(40,1,2,5.00,'It\'s not my first experience here on Codecanyon and I can honestly tell you all that Botble puts a LOT of effort into the support. They answer so fast, they helped me tons of times. REALLY by far THE BEST EXPERIENCE on Codecanyon. Those guys at Botble are so good that they deserve 5 stars. I recommend them, I trust them and I can\'t wait to see what they will sell in a near future. Thank you Botble :)','published','2023-11-15 03:05:57','2023-11-15 03:05:57','[\"products\\/6-1.jpg\",\"products\\/8.jpg\"]'),(43,10,8,1.00,'For me the best eCommerce script on Envato at this moment: modern, clean code, a lot of great features. The customer support is great too: I always get an answer within hours!','published','2023-11-15 03:05:57','2023-11-15 03:05:57','[\"products\\/2.jpg\",\"products\\/5-2.jpg\",\"products\\/6-1.jpg\",\"products\\/11.jpg\"]'),(45,4,5,3.00,'Great system, great support, good job Botble. I\'m looking forward to more great functional plugins.','published','2023-11-15 03:05:57','2023-11-15 03:05:57','[\"products\\/4-2.jpg\",\"products\\/7-1.jpg\"]'),(46,4,7,5.00,'The code is good, in general, if you like it, can you give it 5 stars?','published','2023-11-15 03:05:57','2023-11-15 03:05:57','[\"products\\/3-3.jpg\",\"products\\/4-1.jpg\",\"products\\/11.jpg\"]'),(48,5,1,1.00,'The script is the best of its class, fast, easy to implement and work with , and the most important thing is the great support team , Recommend with no doubt.','published','2023-11-15 03:05:57','2023-11-15 03:05:57','[\"products\\/1.jpg\",\"products\\/3-1.jpg\"]'),(49,8,5,4.00,'Perfect +++++++++ i love it really also i get to fast ticket answers... Thanks Lot BOTBLE Teams','published','2023-11-15 03:05:57','2023-11-15 03:05:57','[\"products\\/7-2.jpg\",\"products\\/10-2.jpg\"]'),(51,7,2,4.00,'As a developer I reviewed this script. This is really awesome ecommerce script. I have convinced when I noticed that it\'s built on fully WordPress concept.','published','2023-11-15 03:05:57','2023-11-15 03:05:57','[\"products\\/2-2.jpg\",\"products\\/2-3.jpg\",\"products\\/3-1.jpg\",\"products\\/7-1.jpg\"]'),(53,1,1,4.00,'Cool template. Excellent code quality. The support responds very quickly, which is very rare on themeforest and codecanyon.net, I buy a lot of templates, and everyone will have a response from technical support for two or three days. Thanks to tech support. I recommend to buy.','published','2023-11-15 03:05:57','2023-11-15 03:05:57','[\"products\\/2-3.jpg\",\"products\\/5-2.jpg\"]'),(54,3,8,3.00,'Great E-commerce system. And much more : Wonderful Customer Support.','published','2023-11-15 03:05:57','2023-11-15 03:05:57','[\"products\\/4.jpg\",\"products\\/7.jpg\",\"products\\/9.jpg\"]'),(55,4,8,2.00,'It\'s not my first experience here on Codecanyon and I can honestly tell you all that Botble puts a LOT of effort into the support. They answer so fast, they helped me tons of times. REALLY by far THE BEST EXPERIENCE on Codecanyon. Those guys at Botble are so good that they deserve 5 stars. I recommend them, I trust them and I can\'t wait to see what they will sell in a near future. Thank you Botble :)','published','2023-11-15 03:05:57','2023-11-15 03:05:57','[\"products\\/1-1.jpg\",\"products\\/3-2.jpg\",\"products\\/4-1.jpg\",\"products\\/10-1.jpg\"]'),(56,10,4,1.00,'Second or third time that I buy a Botble product, happy with the products and support. You guys do a good job :)','published','2023-11-15 03:05:57','2023-11-15 03:05:57','[\"products\\/2.jpg\",\"products\\/3-2.jpg\",\"products\\/6.jpg\",\"products\\/7.jpg\"]'),(58,10,1,2.00,'Best ecommerce CMS online store!','published','2023-11-15 03:05:57','2023-11-15 03:05:57','[\"products\\/3-1.jpg\",\"products\\/4-1.jpg\",\"products\\/7-1.jpg\",\"products\\/7.jpg\"]'),(60,2,7,1.00,'Those guys now what they are doing, the release such a good product that it\'s a pleasure to work with ! Even when I was stuck on the project, I created a ticket and the next day it was replied by the team. GOOD JOB guys. I love working with them :)','published','2023-11-15 03:05:57','2023-11-15 03:05:57','[\"products\\/2.jpg\",\"products\\/5-1.jpg\"]'),(62,10,3,1.00,'Cool template. Excellent code quality. The support responds very quickly, which is very rare on themeforest and codecanyon.net, I buy a lot of templates, and everyone will have a response from technical support for two or three days. Thanks to tech support. I recommend to buy.','published','2023-11-15 03:05:57','2023-11-15 03:05:57','[\"products\\/8.jpg\"]'),(63,9,4,4.00,'Clean & perfect source code','published','2023-11-15 03:05:57','2023-11-15 03:05:57','[\"products\\/3.jpg\",\"products\\/5-2.jpg\"]'),(64,9,5,3.00,'I Love this Script. I also found how to add other fees. Now I just wait the BIG update for the Marketplace with the Bulk Import. Just do not forget to make it to be Multi-language for us the Botble Fans.','published','2023-11-15 03:05:57','2023-11-15 03:05:57','[\"products\\/2-3.jpg\",\"products\\/4-1.jpg\",\"products\\/10-2.jpg\",\"products\\/10.jpg\"]'),(68,3,7,5.00,'I Love this Script. I also found how to add other fees. Now I just wait the BIG update for the Marketplace with the Bulk Import. Just do not forget to make it to be Multi-language for us the Botble Fans.','published','2023-11-15 03:05:57','2023-11-15 03:05:57','[\"products\\/2-2.jpg\",\"products\\/5-1.jpg\",\"products\\/5.jpg\"]'),(69,5,7,1.00,'Ok good product. I have some issues in customizations. But its not correct to blame the developer. The product is good. Good luck for your business.','published','2023-11-15 03:05:57','2023-11-15 03:05:57','[\"products\\/1-1.jpg\",\"products\\/3-1.jpg\",\"products\\/5-1.jpg\"]'),(72,4,4,1.00,'It\'s not my first experience here on Codecanyon and I can honestly tell you all that Botble puts a LOT of effort into the support. They answer so fast, they helped me tons of times. REALLY by far THE BEST EXPERIENCE on Codecanyon. Those guys at Botble are so good that they deserve 5 stars. I recommend them, I trust them and I can\'t wait to see what they will sell in a near future. Thank you Botble :)','published','2023-11-15 03:05:57','2023-11-15 03:05:57','[\"products\\/2-3.jpg\",\"products\\/2.jpg\",\"products\\/3-2.jpg\"]'),(73,2,2,2.00,'It\'s not my first experience here on Codecanyon and I can honestly tell you all that Botble puts a LOT of effort into the support. They answer so fast, they helped me tons of times. REALLY by far THE BEST EXPERIENCE on Codecanyon. Those guys at Botble are so good that they deserve 5 stars. I recommend them, I trust them and I can\'t wait to see what they will sell in a near future. Thank you Botble :)','published','2023-11-15 03:05:57','2023-11-15 03:05:57','[\"products\\/10-1.jpg\"]'),(74,10,6,2.00,'I Love this Script. I also found how to add other fees. Now I just wait the BIG update for the Marketplace with the Bulk Import. Just do not forget to make it to be Multi-language for us the Botble Fans.','published','2023-11-15 03:05:57','2023-11-15 03:05:57','[\"products\\/7.jpg\",\"products\\/10-1.jpg\",\"products\\/10.jpg\"]'),(80,1,4,4.00,'These guys are amazing! Responses immediately, amazing support and help... I immediately feel at ease after Purchasing..','published','2023-11-15 03:05:57','2023-11-15 03:05:57','[\"products\\/3-1.jpg\",\"products\\/3-2.jpg\",\"products\\/7.jpg\"]'),(81,8,6,2.00,'Those guys now what they are doing, the release such a good product that it\'s a pleasure to work with ! Even when I was stuck on the project, I created a ticket and the next day it was replied by the team. GOOD JOB guys. I love working with them :)','published','2023-11-15 03:05:57','2023-11-15 03:05:57','[\"products\\/3-1.jpg\",\"products\\/4-2.jpg\",\"products\\/5-2.jpg\",\"products\\/9.jpg\"]'),(83,7,5,3.00,'The code is good, in general, if you like it, can you give it 5 stars?','published','2023-11-15 03:05:57','2023-11-15 03:05:57','[\"products\\/3-1.jpg\",\"products\\/5.jpg\",\"products\\/8.jpg\",\"products\\/10-2.jpg\"]'),(91,1,6,1.00,'Those guys now what they are doing, the release such a good product that it\'s a pleasure to work with ! Even when I was stuck on the project, I created a ticket and the next day it was replied by the team. GOOD JOB guys. I love working with them :)','published','2023-11-15 03:05:57','2023-11-15 03:05:57','[\"products\\/2-1.jpg\",\"products\\/10-2.jpg\"]'),(94,3,2,3.00,'The script is the best of its class, fast, easy to implement and work with , and the most important thing is the great support team , Recommend with no doubt.','published','2023-11-15 03:05:57','2023-11-15 03:05:57','[\"products\\/1-1.jpg\",\"products\\/7-2.jpg\",\"products\\/11.jpg\"]'),(96,1,3,5.00,'We have received brilliant service support and will be expanding the features with the developer. Nice product!','published','2023-11-15 03:05:57','2023-11-15 03:05:57','[\"products\\/3-1.jpg\",\"products\\/5-1.jpg\",\"products\\/5-2.jpg\"]'),(97,10,7,5.00,'This web app is really good in design, code quality & features. Besides, the customer support provided by the Botble team was really fast & helpful. You guys are awesome!','published','2023-11-15 03:05:57','2023-11-15 03:05:57','[\"products\\/2-2.jpg\",\"products\\/2-3.jpg\",\"products\\/7.jpg\"]'),(103,9,8,4.00,'Second or third time that I buy a Botble product, happy with the products and support. You guys do a good job :)','published','2023-11-15 03:05:57','2023-11-15 03:05:57','[\"products\\/10-2.jpg\"]'),(110,4,1,2.00,'Solution is too robust for our purpose so we didn\'t use it at the end. But I appreciate customer support during initial configuration.','published','2023-11-15 03:05:57','2023-11-15 03:05:57','[\"products\\/3-3.jpg\",\"products\\/5-1.jpg\",\"products\\/6.jpg\"]'),(111,6,6,1.00,'We have received brilliant service support and will be expanding the features with the developer. Nice product!','published','2023-11-15 03:05:57','2023-11-15 03:05:57','[\"products\\/1-1.jpg\",\"products\\/1.jpg\",\"products\\/7-1.jpg\",\"products\\/10-2.jpg\"]'),(121,6,8,2.00,'The best store template! Excellent coding! Very good support! Thank you so much for all the help, I really appreciated.','published','2023-11-15 03:05:57','2023-11-15 03:05:57','[\"products\\/1.jpg\",\"products\\/5-1.jpg\",\"products\\/6-1.jpg\",\"products\\/11.jpg\"]'),(129,9,2,2.00,'Solution is too robust for our purpose so we didn\'t use it at the end. But I appreciate customer support during initial configuration.','published','2023-11-15 03:05:57','2023-11-15 03:05:57','[\"products\\/7-2.jpg\",\"products\\/11.jpg\"]'),(132,2,5,3.00,'Very enthusiastic support! Excellent code is written. It\'s a true pleasure working with.','published','2023-11-15 03:05:57','2023-11-15 03:05:57','[\"products\\/8.jpg\",\"products\\/10-2.jpg\",\"products\\/10.jpg\"]'),(143,2,8,1.00,'Solution is too robust for our purpose so we didn\'t use it at the end. But I appreciate customer support during initial configuration.','published','2023-11-15 03:05:57','2023-11-15 03:05:57','[\"products\\/6-1.jpg\",\"products\\/10.jpg\"]'),(150,5,3,1.00,'I Love this Script. I also found how to add other fees. Now I just wait the BIG update for the Marketplace with the Bulk Import. Just do not forget to make it to be Multi-language for us the Botble Fans.','published','2023-11-15 03:05:57','2023-11-15 03:05:57','[\"products\\/5.jpg\"]'),(161,9,6,1.00,'The script is the best of its class, fast, easy to implement and work with , and the most important thing is the great support team , Recommend with no doubt.','published','2023-11-15 03:05:57','2023-11-15 03:05:57','[\"products\\/1-1.jpg\",\"products\\/10-2.jpg\"]'),(165,5,6,4.00,'This script is well coded and is super fast. The support is pretty quick. Very patient and helpful team. I strongly recommend it and they deserve more than 5 stars.','published','2023-11-15 03:05:57','2023-11-15 03:05:57','[\"products\\/3-3.jpg\",\"products\\/7-1.jpg\",\"products\\/10-1.jpg\"]'),(169,4,3,3.00,'The script is the best of its class, fast, easy to implement and work with , and the most important thing is the great support team , Recommend with no doubt.','published','2023-11-15 03:05:57','2023-11-15 03:05:57','[\"products\\/2-3.jpg\",\"products\\/6.jpg\"]'),(185,6,2,5.00,'We have received brilliant service support and will be expanding the features with the developer. Nice product!','published','2023-11-15 03:05:57','2023-11-15 03:05:57','[\"products\\/4.jpg\",\"products\\/6-1.jpg\",\"products\\/10-2.jpg\"]'),(187,2,3,1.00,'Very enthusiastic support! Excellent code is written. It\'s a true pleasure working with.','published','2023-11-15 03:05:57','2023-11-15 03:05:57','[\"products\\/1.jpg\"]'),(192,5,5,1.00,'It\'s not my first experience here on Codecanyon and I can honestly tell you all that Botble puts a LOT of effort into the support. They answer so fast, they helped me tons of times. REALLY by far THE BEST EXPERIENCE on Codecanyon. Those guys at Botble are so good that they deserve 5 stars. I recommend them, I trust them and I can\'t wait to see what they will sell in a near future. Thank you Botble :)','published','2023-11-15 03:05:57','2023-11-15 03:05:57','[\"products\\/2-1.jpg\",\"products\\/4-1.jpg\",\"products\\/5-2.jpg\"]'),(195,7,7,3.00,'Great E-commerce system. And much more : Wonderful Customer Support.','published','2023-11-15 03:05:57','2023-11-15 03:05:57','[\"products\\/4-1.jpg\",\"products\\/5-1.jpg\"]'),(197,7,1,3.00,'This script is well coded and is super fast. The support is pretty quick. Very patient and helpful team. I strongly recommend it and they deserve more than 5 stars.','published','2023-11-15 03:05:57','2023-11-15 03:05:57','[\"products\\/2.jpg\",\"products\\/6-1.jpg\",\"products\\/7.jpg\",\"products\\/11.jpg\"]'),(208,2,1,4.00,'We have received brilliant service support and will be expanding the features with the developer. Nice product!','published','2023-11-15 03:05:57','2023-11-15 03:05:57','[\"products\\/7.jpg\",\"products\\/9.jpg\"]'),(247,3,1,3.00,'Cool template. Excellent code quality. The support responds very quickly, which is very rare on themeforest and codecanyon.net, I buy a lot of templates, and everyone will have a response from technical support for two or three days. Thanks to tech support. I recommend to buy.','published','2023-11-15 03:05:57','2023-11-15 03:05:57','[\"products\\/8.jpg\"]'),(254,4,6,4.00,'Perfect +++++++++ i love it really also i get to fast ticket answers... Thanks Lot BOTBLE Teams','published','2023-11-15 03:05:57','2023-11-15 03:05:57','[\"products\\/3.jpg\"]'),(261,10,2,2.00,'Great system, great support, good job Botble. I\'m looking forward to more great functional plugins.','published','2023-11-15 03:05:57','2023-11-15 03:05:57','[\"products\\/4-1.jpg\",\"products\\/5.jpg\",\"products\\/7-1.jpg\",\"products\\/11.jpg\"]');
/*!40000 ALTER TABLE `ec_reviews` ENABLE KEYS */;
UNLOCK TABLES;

--
-- Table structure for table `ec_shipment_histories`
--

DROP TABLE IF EXISTS `ec_shipment_histories`;
/*!40101 SET @saved_cs_client     = @@character_set_client */;
/*!50503 SET character_set_client = utf8mb4 */;
CREATE TABLE `ec_shipment_histories` (
  `id` bigint unsigned NOT NULL AUTO_INCREMENT,
  `action` varchar(120) COLLATE utf8mb4_unicode_ci NOT NULL,
  `description` varchar(255) COLLATE utf8mb4_unicode_ci NOT NULL,
  `user_id` bigint unsigned DEFAULT NULL,
  `shipment_id` bigint unsigned NOT NULL,
  `order_id` bigint unsigned NOT NULL,
  `created_at` timestamp NULL DEFAULT NULL,
  `updated_at` timestamp NULL DEFAULT NULL,
  `user_type` varchar(255) COLLATE utf8mb4_unicode_ci NOT NULL DEFAULT 'Botble\\ACL\\Models\\User',
  PRIMARY KEY (`id`)
) ENGINE=InnoDB AUTO_INCREMENT=52 DEFAULT CHARSET=utf8mb4 COLLATE=utf8mb4_unicode_ci;
/*!40101 SET character_set_client = @saved_cs_client */;

--
-- Dumping data for table `ec_shipment_histories`
--

LOCK TABLES `ec_shipment_histories` WRITE;
/*!40000 ALTER TABLE `ec_shipment_histories` DISABLE KEYS */;
INSERT INTO `ec_shipment_histories` VALUES (1,'create_from_order','Shipping was created from order %order_id%',0,1,1,'2023-11-06 19:05:58','2023-11-06 19:05:58','Botble\\ACL\\Models\\User'),(2,'update_status','Changed status of shipping to: Approved. Updated by: %user_name%',0,1,1,'2023-11-13 11:05:58','2023-11-15 03:05:58','Botble\\ACL\\Models\\User'),(3,'create_from_order','Shipping was created from order %order_id%',0,2,2,'2023-11-13 13:05:58','2023-11-13 13:05:58','Botble\\ACL\\Models\\User'),(4,'update_status','Changed status of shipping to: Approved. Updated by: %user_name%',0,2,2,'2023-11-13 13:05:58','2023-11-15 03:05:58','Botble\\ACL\\Models\\User'),(5,'create_from_order','Shipping was created from order %order_id%',0,3,3,'2023-10-31 03:05:58','2023-10-31 03:05:58','Botble\\ACL\\Models\\User'),(6,'update_status','Changed status of shipping to: Approved. Updated by: %user_name%',0,3,3,'2023-11-13 15:05:58','2023-11-15 03:05:58','Botble\\ACL\\Models\\User'),(7,'create_from_order','Shipping was created from order %order_id%',0,4,4,'2023-11-08 01:05:58','2023-11-08 01:05:58','Botble\\ACL\\Models\\User'),(8,'update_status','Changed status of shipping to: Approved. Updated by: %user_name%',0,4,4,'2023-11-13 17:05:58','2023-11-15 03:05:58','Botble\\ACL\\Models\\User'),(9,'update_status','Changed status of shipping to: Delivered. Updated by: %user_name%',0,4,4,'2023-11-15 03:05:58','2023-11-15 03:05:58','Botble\\ACL\\Models\\User'),(10,'create_from_order','Shipping was created from order %order_id%',0,5,5,'2023-11-08 11:05:58','2023-11-08 11:05:58','Botble\\ACL\\Models\\User'),(11,'update_status','Changed status of shipping to: Approved. Updated by: %user_name%',0,5,5,'2023-11-13 19:05:58','2023-11-15 03:05:58','Botble\\ACL\\Models\\User'),(12,'update_cod_status','Updated COD status to Completed . Updated by: %user_name%',0,5,5,'2023-11-15 03:05:58','2023-11-15 03:05:58','Botble\\ACL\\Models\\User'),(13,'update_status','Changed status of shipping to: Delivered. Updated by: %user_name%',0,5,5,'2023-11-15 03:05:58','2023-11-15 03:05:58','Botble\\ACL\\Models\\User'),(14,'create_from_order','Shipping was created from order %order_id%',0,6,6,'2023-11-06 09:05:58','2023-11-06 09:05:58','Botble\\ACL\\Models\\User'),(15,'update_status','Changed status of shipping to: Approved. Updated by: %user_name%',0,6,6,'2023-11-13 21:05:58','2023-11-15 03:05:58','Botble\\ACL\\Models\\User'),(16,'update_status','Changed status of shipping to: Delivered. Updated by: %user_name%',0,6,6,'2023-11-15 03:05:58','2023-11-15 03:05:58','Botble\\ACL\\Models\\User'),(17,'create_from_order','Shipping was created from order %order_id%',0,7,7,'2023-11-13 23:05:58','2023-11-13 23:05:58','Botble\\ACL\\Models\\User'),(18,'update_status','Changed status of shipping to: Approved. Updated by: %user_name%',0,7,7,'2023-11-13 23:05:58','2023-11-15 03:05:58','Botble\\ACL\\Models\\User'),(19,'update_status','Changed status of shipping to: Delivered. Updated by: %user_name%',0,7,7,'2023-11-15 03:05:58','2023-11-15 03:05:58','Botble\\ACL\\Models\\User'),(20,'create_from_order','Shipping was created from order %order_id%',0,8,8,'2023-11-05 09:05:58','2023-11-05 09:05:58','Botble\\ACL\\Models\\User'),(21,'update_status','Changed status of shipping to: Approved. Updated by: %user_name%',0,8,8,'2023-11-14 01:05:58','2023-11-15 03:05:58','Botble\\ACL\\Models\\User'),(22,'create_from_order','Shipping was created from order %order_id%',0,9,9,'2023-11-06 03:05:58','2023-11-06 03:05:58','Botble\\ACL\\Models\\User'),(23,'update_status','Changed status of shipping to: Approved. Updated by: %user_name%',0,9,9,'2023-11-14 03:05:58','2023-11-15 03:05:58','Botble\\ACL\\Models\\User'),(24,'create_from_order','Shipping was created from order %order_id%',0,10,10,'2023-11-08 17:05:58','2023-11-08 17:05:58','Botble\\ACL\\Models\\User'),(25,'update_status','Changed status of shipping to: Approved. Updated by: %user_name%',0,10,10,'2023-11-14 05:05:58','2023-11-15 03:05:58','Botble\\ACL\\Models\\User'),(26,'create_from_order','Shipping was created from order %order_id%',0,11,11,'2023-11-12 15:05:58','2023-11-12 15:05:58','Botble\\ACL\\Models\\User'),(27,'update_status','Changed status of shipping to: Approved. Updated by: %user_name%',0,11,11,'2023-11-14 07:05:58','2023-11-15 03:05:58','Botble\\ACL\\Models\\User'),(28,'create_from_order','Shipping was created from order %order_id%',0,12,12,'2023-11-14 09:05:58','2023-11-14 09:05:58','Botble\\ACL\\Models\\User'),(29,'update_status','Changed status of shipping to: Approved. Updated by: %user_name%',0,12,12,'2023-11-14 09:05:58','2023-11-15 03:05:58','Botble\\ACL\\Models\\User'),(30,'update_status','Changed status of shipping to: Delivered. Updated by: %user_name%',0,12,12,'2023-11-15 03:05:58','2023-11-15 03:05:58','Botble\\ACL\\Models\\User'),(31,'create_from_order','Shipping was created from order %order_id%',0,13,13,'2023-11-10 11:05:58','2023-11-10 11:05:58','Botble\\ACL\\Models\\User'),(32,'update_status','Changed status of shipping to: Approved. Updated by: %user_name%',0,13,13,'2023-11-14 11:05:58','2023-11-15 03:05:58','Botble\\ACL\\Models\\User'),(33,'create_from_order','Shipping was created from order %order_id%',0,14,14,'2023-11-09 07:05:58','2023-11-09 07:05:58','Botble\\ACL\\Models\\User'),(34,'update_status','Changed status of shipping to: Approved. Updated by: %user_name%',0,14,14,'2023-11-14 13:05:58','2023-11-15 03:05:58','Botble\\ACL\\Models\\User'),(35,'update_status','Changed status of shipping to: Delivered. Updated by: %user_name%',0,14,14,'2023-11-15 03:05:58','2023-11-15 03:05:58','Botble\\ACL\\Models\\User'),(36,'create_from_order','Shipping was created from order %order_id%',0,15,15,'2023-11-10 15:05:58','2023-11-10 15:05:58','Botble\\ACL\\Models\\User'),(37,'update_status','Changed status of shipping to: Approved. Updated by: %user_name%',0,15,15,'2023-11-14 15:05:58','2023-11-15 03:05:58','Botble\\ACL\\Models\\User'),(38,'update_status','Changed status of shipping to: Delivered. Updated by: %user_name%',0,15,15,'2023-11-15 03:05:58','2023-11-15 03:05:58','Botble\\ACL\\Models\\User'),(39,'create_from_order','Shipping was created from order %order_id%',0,16,16,'2023-11-11 19:05:58','2023-11-11 19:05:58','Botble\\ACL\\Models\\User'),(40,'update_status','Changed status of shipping to: Approved. Updated by: %user_name%',0,16,16,'2023-11-14 17:05:58','2023-11-15 03:05:58','Botble\\ACL\\Models\\User'),(41,'update_status','Changed status of shipping to: Delivered. Updated by: %user_name%',0,16,16,'2023-11-15 03:05:58','2023-11-15 03:05:58','Botble\\ACL\\Models\\User'),(42,'create_from_order','Shipping was created from order %order_id%',0,17,17,'2023-11-13 19:05:58','2023-11-13 19:05:58','Botble\\ACL\\Models\\User'),(43,'update_status','Changed status of shipping to: Approved. Updated by: %user_name%',0,17,17,'2023-11-14 19:05:58','2023-11-15 03:05:58','Botble\\ACL\\Models\\User'),(44,'update_status','Changed status of shipping to: Delivered. Updated by: %user_name%',0,17,17,'2023-11-15 03:05:58','2023-11-15 03:05:58','Botble\\ACL\\Models\\User'),(45,'create_from_order','Shipping was created from order %order_id%',0,18,18,'2023-11-14 03:05:58','2023-11-14 03:05:58','Botble\\ACL\\Models\\User'),(46,'update_status','Changed status of shipping to: Approved. Updated by: %user_name%',0,18,18,'2023-11-14 21:05:59','2023-11-15 03:05:59','Botble\\ACL\\Models\\User'),(47,'create_from_order','Shipping was created from order %order_id%',0,19,19,'2023-11-13 15:05:59','2023-11-13 15:05:59','Botble\\ACL\\Models\\User'),(48,'update_status','Changed status of shipping to: Approved. Updated by: %user_name%',0,19,19,'2023-11-14 23:05:59','2023-11-15 03:05:59','Botble\\ACL\\Models\\User'),(49,'create_from_order','Shipping was created from order %order_id%',0,20,20,'2023-11-14 17:05:59','2023-11-14 17:05:59','Botble\\ACL\\Models\\User'),(50,'update_status','Changed status of shipping to: Approved. Updated by: %user_name%',0,20,20,'2023-11-15 01:05:59','2023-11-15 03:05:59','Botble\\ACL\\Models\\User'),(51,'update_status','Changed status of shipping to: Delivered. Updated by: %user_name%',0,20,20,'2023-11-15 03:05:59','2023-11-15 03:05:59','Botble\\ACL\\Models\\User');
/*!40000 ALTER TABLE `ec_shipment_histories` ENABLE KEYS */;
UNLOCK TABLES;

--
-- Table structure for table `ec_shipments`
--

DROP TABLE IF EXISTS `ec_shipments`;
/*!40101 SET @saved_cs_client     = @@character_set_client */;
/*!50503 SET character_set_client = utf8mb4 */;
CREATE TABLE `ec_shipments` (
  `id` bigint unsigned NOT NULL AUTO_INCREMENT,
  `order_id` bigint unsigned NOT NULL,
  `user_id` bigint unsigned DEFAULT NULL,
  `weight` double(8,2) DEFAULT '0.00',
  `shipment_id` varchar(120) COLLATE utf8mb4_unicode_ci DEFAULT NULL,
  `rate_id` varchar(120) COLLATE utf8mb4_unicode_ci DEFAULT NULL,
  `note` varchar(120) COLLATE utf8mb4_unicode_ci DEFAULT NULL,
  `status` varchar(120) COLLATE utf8mb4_unicode_ci NOT NULL DEFAULT 'pending',
  `cod_amount` decimal(15,2) DEFAULT '0.00',
  `cod_status` varchar(60) COLLATE utf8mb4_unicode_ci NOT NULL DEFAULT 'pending',
  `cross_checking_status` varchar(60) COLLATE utf8mb4_unicode_ci NOT NULL DEFAULT 'pending',
  `price` decimal(15,2) DEFAULT '0.00',
  `store_id` bigint unsigned DEFAULT NULL,
  `created_at` timestamp NULL DEFAULT NULL,
  `updated_at` timestamp NULL DEFAULT NULL,
  `tracking_id` varchar(191) COLLATE utf8mb4_unicode_ci DEFAULT NULL,
  `shipping_company_name` varchar(191) COLLATE utf8mb4_unicode_ci DEFAULT NULL,
  `tracking_link` varchar(191) COLLATE utf8mb4_unicode_ci DEFAULT NULL,
  `estimate_date_shipped` datetime DEFAULT NULL,
  `date_shipped` datetime DEFAULT NULL,
  `label_url` text COLLATE utf8mb4_unicode_ci,
  `metadata` mediumtext COLLATE utf8mb4_unicode_ci,
  PRIMARY KEY (`id`)
) ENGINE=InnoDB AUTO_INCREMENT=21 DEFAULT CHARSET=utf8mb4 COLLATE=utf8mb4_unicode_ci;
/*!40101 SET character_set_client = @saved_cs_client */;

--
-- Dumping data for table `ec_shipments`
--

LOCK TABLES `ec_shipments` WRITE;
/*!40000 ALTER TABLE `ec_shipments` DISABLE KEYS */;
INSERT INTO `ec_shipments` VALUES (1,1,NULL,5208.00,NULL,NULL,'','approved',0.00,'completed','pending',0.00,0,'2023-11-15 03:05:58','2023-11-15 03:05:58','JJD0072281907','AliExpress','https://mydhl.express.dhl/us/en/tracking.html#/track-by-reference','2023-11-17 10:05:58',NULL,NULL,NULL),(2,2,NULL,3506.00,NULL,NULL,'','approved',0.00,'completed','pending',0.00,0,'2023-11-15 03:05:58','2023-11-15 03:05:58','JJD0055000670','DHL','https://mydhl.express.dhl/us/en/tracking.html#/track-by-reference','2023-11-21 10:05:58',NULL,NULL,NULL),(3,3,NULL,2002.00,NULL,NULL,'','approved',0.00,'completed','pending',0.00,0,'2023-11-15 03:05:58','2023-11-15 03:05:58','JJD0055407155','FastShipping','https://mydhl.express.dhl/us/en/tracking.html#/track-by-reference','2023-11-18 10:05:58',NULL,NULL,NULL),(4,4,NULL,3201.00,NULL,NULL,'','delivered',0.00,'completed','pending',0.00,0,'2023-11-15 03:05:58','2023-11-15 03:05:58','JJD0099655883','GHN','https://mydhl.express.dhl/us/en/tracking.html#/track-by-reference','2023-11-19 10:05:58','2023-11-15 10:05:58',NULL,NULL),(5,5,NULL,5089.00,NULL,NULL,'','delivered',1221.00,'completed','pending',0.00,0,'2023-11-15 03:05:58','2023-11-15 03:05:58','JJD0058163224','FastShipping','https://mydhl.express.dhl/us/en/tracking.html#/track-by-reference','2023-11-24 10:05:58','2023-11-15 10:05:58',NULL,NULL),(6,6,NULL,2302.00,NULL,NULL,'','delivered',0.00,'completed','pending',0.00,0,'2023-11-15 03:05:58','2023-11-15 03:05:58','JJD0077835763','GHN','https://mydhl.express.dhl/us/en/tracking.html#/track-by-reference','2023-11-21 10:05:58','2023-11-15 10:05:58',NULL,NULL),(7,7,NULL,1436.00,NULL,NULL,'','delivered',0.00,'completed','pending',0.00,0,'2023-11-15 03:05:58','2023-11-15 03:05:58','JJD0094462491','AliExpress','https://mydhl.express.dhl/us/en/tracking.html#/track-by-reference','2023-11-21 10:05:58','2023-11-15 10:05:58',NULL,NULL),(8,8,NULL,4055.00,NULL,NULL,'','approved',0.00,'completed','pending',0.00,0,'2023-11-15 03:05:58','2023-11-15 03:05:58','JJD004938635','AliExpress','https://mydhl.express.dhl/us/en/tracking.html#/track-by-reference','2023-11-24 10:05:58',NULL,NULL,NULL),(9,9,NULL,1630.00,NULL,NULL,'','approved',112.00,'pending','pending',0.00,0,'2023-11-15 03:05:58','2023-11-15 03:05:58','JJD0060965184','GHN','https://mydhl.express.dhl/us/en/tracking.html#/track-by-reference','2023-11-16 10:05:58',NULL,NULL,NULL),(10,10,NULL,1790.00,NULL,NULL,'','approved',0.00,'completed','pending',0.00,0,'2023-11-15 03:05:58','2023-11-15 03:05:58','JJD0048377032','GHN','https://mydhl.express.dhl/us/en/tracking.html#/track-by-reference','2023-11-22 10:05:58',NULL,NULL,NULL),(11,11,NULL,6521.00,NULL,NULL,'','approved',0.00,'completed','pending',0.00,0,'2023-11-15 03:05:58','2023-11-15 03:05:58','JJD0078389494','DHL','https://mydhl.express.dhl/us/en/tracking.html#/track-by-reference','2023-11-21 10:05:58',NULL,NULL,NULL),(12,12,NULL,2304.00,NULL,NULL,'','delivered',0.00,'completed','pending',0.00,0,'2023-11-15 03:05:58','2023-11-15 03:05:58','JJD0055081167','AliExpress','https://mydhl.express.dhl/us/en/tracking.html#/track-by-reference','2023-11-16 10:05:58','2023-11-15 10:05:58',NULL,NULL),(13,13,NULL,6483.00,NULL,NULL,'','approved',0.00,'completed','pending',0.00,0,'2023-11-15 03:05:58','2023-11-15 03:05:58','JJD0036189340','FastShipping','https://mydhl.express.dhl/us/en/tracking.html#/track-by-reference','2023-11-17 10:05:58',NULL,NULL,NULL),(14,14,NULL,4915.00,NULL,NULL,'','delivered',0.00,'completed','pending',0.00,0,'2023-11-15 03:05:58','2023-11-15 03:05:58','JJD0049005945','GHN','https://mydhl.express.dhl/us/en/tracking.html#/track-by-reference','2023-11-16 10:05:58','2023-11-15 10:05:58',NULL,NULL),(15,15,NULL,2176.00,NULL,NULL,'','delivered',0.00,'completed','pending',0.00,0,'2023-11-15 03:05:58','2023-11-15 03:05:58','JJD0033457126','GHN','https://mydhl.express.dhl/us/en/tracking.html#/track-by-reference','2023-11-18 10:05:58','2023-11-15 10:05:58',NULL,NULL),(16,16,NULL,2002.00,NULL,NULL,'','delivered',0.00,'completed','pending',0.00,0,'2023-11-15 03:05:58','2023-11-15 03:05:58','JJD0052963941','FastShipping','https://mydhl.express.dhl/us/en/tracking.html#/track-by-reference','2023-11-16 10:05:58','2023-11-15 10:05:58',NULL,NULL),(17,17,NULL,5453.00,NULL,NULL,'','delivered',0.00,'completed','pending',0.00,0,'2023-11-15 03:05:58','2023-11-15 03:05:58','JJD0045409519','GHN','https://mydhl.express.dhl/us/en/tracking.html#/track-by-reference','2023-11-21 10:05:58','2023-11-15 10:05:58',NULL,NULL),(18,18,NULL,5161.00,NULL,NULL,'','approved',0.00,'completed','pending',0.00,0,'2023-11-15 03:05:59','2023-11-15 03:05:59','JJD002727514','GHN','https://mydhl.express.dhl/us/en/tracking.html#/track-by-reference','2023-11-23 10:05:59',NULL,NULL,NULL),(19,19,NULL,2172.00,NULL,NULL,'','approved',0.00,'completed','pending',0.00,0,'2023-11-15 03:05:59','2023-11-15 03:05:59','JJD0037143692','AliExpress','https://mydhl.express.dhl/us/en/tracking.html#/track-by-reference','2023-11-21 10:05:59',NULL,NULL,NULL),(20,20,NULL,2812.00,NULL,NULL,'','delivered',0.00,'completed','pending',0.00,0,'2023-11-15 03:05:59','2023-11-15 03:05:59','JJD009560285','DHL','https://mydhl.express.dhl/us/en/tracking.html#/track-by-reference','2023-11-21 10:05:59','2023-11-15 10:05:59',NULL,NULL);
/*!40000 ALTER TABLE `ec_shipments` ENABLE KEYS */;
UNLOCK TABLES;

--
-- Table structure for table `ec_shipping`
--

DROP TABLE IF EXISTS `ec_shipping`;
/*!40101 SET @saved_cs_client     = @@character_set_client */;
/*!50503 SET character_set_client = utf8mb4 */;
CREATE TABLE `ec_shipping` (
  `id` bigint unsigned NOT NULL AUTO_INCREMENT,
  `title` varchar(255) COLLATE utf8mb4_unicode_ci DEFAULT NULL,
  `country` varchar(120) COLLATE utf8mb4_unicode_ci DEFAULT NULL,
  `created_at` timestamp NULL DEFAULT NULL,
  `updated_at` timestamp NULL DEFAULT NULL,
  PRIMARY KEY (`id`)
) ENGINE=InnoDB AUTO_INCREMENT=2 DEFAULT CHARSET=utf8mb4 COLLATE=utf8mb4_unicode_ci;
/*!40101 SET character_set_client = @saved_cs_client */;

--
-- Dumping data for table `ec_shipping`
--

LOCK TABLES `ec_shipping` WRITE;
/*!40000 ALTER TABLE `ec_shipping` DISABLE KEYS */;
INSERT INTO `ec_shipping` VALUES (1,'All',NULL,'2023-11-15 03:05:59','2023-11-15 03:05:59');
/*!40000 ALTER TABLE `ec_shipping` ENABLE KEYS */;
UNLOCK TABLES;

--
-- Table structure for table `ec_shipping_rule_items`
--

DROP TABLE IF EXISTS `ec_shipping_rule_items`;
/*!40101 SET @saved_cs_client     = @@character_set_client */;
/*!50503 SET character_set_client = utf8mb4 */;
CREATE TABLE `ec_shipping_rule_items` (
  `id` bigint unsigned NOT NULL AUTO_INCREMENT,
  `shipping_rule_id` bigint unsigned NOT NULL,
  `country` varchar(120) COLLATE utf8mb4_unicode_ci DEFAULT NULL,
  `state` varchar(120) COLLATE utf8mb4_unicode_ci DEFAULT NULL,
  `city` varchar(120) COLLATE utf8mb4_unicode_ci DEFAULT NULL,
  `zip_code` varchar(20) COLLATE utf8mb4_unicode_ci DEFAULT NULL,
  `adjustment_price` decimal(15,2) DEFAULT '0.00',
  `is_enabled` tinyint(1) NOT NULL DEFAULT '1',
  `created_at` timestamp NULL DEFAULT NULL,
  `updated_at` timestamp NULL DEFAULT NULL,
  PRIMARY KEY (`id`)
) ENGINE=InnoDB DEFAULT CHARSET=utf8mb4 COLLATE=utf8mb4_unicode_ci;
/*!40101 SET character_set_client = @saved_cs_client */;

--
-- Dumping data for table `ec_shipping_rule_items`
--

LOCK TABLES `ec_shipping_rule_items` WRITE;
/*!40000 ALTER TABLE `ec_shipping_rule_items` DISABLE KEYS */;
/*!40000 ALTER TABLE `ec_shipping_rule_items` ENABLE KEYS */;
UNLOCK TABLES;

--
-- Table structure for table `ec_shipping_rules`
--

DROP TABLE IF EXISTS `ec_shipping_rules`;
/*!40101 SET @saved_cs_client     = @@character_set_client */;
/*!50503 SET character_set_client = utf8mb4 */;
CREATE TABLE `ec_shipping_rules` (
  `id` bigint unsigned NOT NULL AUTO_INCREMENT,
  `name` varchar(120) COLLATE utf8mb4_unicode_ci NOT NULL,
  `shipping_id` bigint unsigned NOT NULL,
  `type` varchar(24) COLLATE utf8mb4_unicode_ci DEFAULT 'based_on_price',
  `from` decimal(15,2) DEFAULT '0.00',
  `to` decimal(15,2) DEFAULT '0.00',
  `price` decimal(15,2) DEFAULT '0.00',
  `created_at` timestamp NULL DEFAULT NULL,
  `updated_at` timestamp NULL DEFAULT NULL,
  PRIMARY KEY (`id`)
) ENGINE=InnoDB AUTO_INCREMENT=2 DEFAULT CHARSET=utf8mb4 COLLATE=utf8mb4_unicode_ci;
/*!40101 SET character_set_client = @saved_cs_client */;

--
-- Dumping data for table `ec_shipping_rules`
--

LOCK TABLES `ec_shipping_rules` WRITE;
/*!40000 ALTER TABLE `ec_shipping_rules` DISABLE KEYS */;
INSERT INTO `ec_shipping_rules` VALUES (1,'Free delivery',1,'based_on_price',0.00,NULL,0.00,'2023-11-15 03:05:59','2023-11-15 03:05:59');
/*!40000 ALTER TABLE `ec_shipping_rules` ENABLE KEYS */;
UNLOCK TABLES;

--
-- Table structure for table `ec_store_locators`
--

DROP TABLE IF EXISTS `ec_store_locators`;
/*!40101 SET @saved_cs_client     = @@character_set_client */;
/*!50503 SET character_set_client = utf8mb4 */;
CREATE TABLE `ec_store_locators` (
  `id` bigint unsigned NOT NULL AUTO_INCREMENT,
  `name` varchar(60) COLLATE utf8mb4_unicode_ci NOT NULL,
  `email` varchar(60) COLLATE utf8mb4_unicode_ci DEFAULT NULL,
  `phone` varchar(20) COLLATE utf8mb4_unicode_ci NOT NULL,
  `address` varchar(255) COLLATE utf8mb4_unicode_ci NOT NULL,
  `country` varchar(120) COLLATE utf8mb4_unicode_ci DEFAULT NULL,
  `state` varchar(120) COLLATE utf8mb4_unicode_ci DEFAULT NULL,
  `city` varchar(120) COLLATE utf8mb4_unicode_ci DEFAULT NULL,
  `is_primary` tinyint(1) DEFAULT '0',
  `is_shipping_location` tinyint(1) DEFAULT '1',
  `created_at` timestamp NULL DEFAULT NULL,
  `updated_at` timestamp NULL DEFAULT NULL,
  PRIMARY KEY (`id`)
) ENGINE=InnoDB AUTO_INCREMENT=2 DEFAULT CHARSET=utf8mb4 COLLATE=utf8mb4_unicode_ci;
/*!40101 SET character_set_client = @saved_cs_client */;

--
-- Dumping data for table `ec_store_locators`
--

LOCK TABLES `ec_store_locators` WRITE;
/*!40000 ALTER TABLE `ec_store_locators` DISABLE KEYS */;
INSERT INTO `ec_store_locators` VALUES (1,'HASA SG','sales@botble.com','18006268','North Link Building, 10 Admiralty Street','SG','Singapore','Singapore',1,1,'2023-11-15 03:06:01','2023-11-15 03:06:01');
/*!40000 ALTER TABLE `ec_store_locators` ENABLE KEYS */;
UNLOCK TABLES;

--
-- Table structure for table `ec_tax_products`
--

DROP TABLE IF EXISTS `ec_tax_products`;
/*!40101 SET @saved_cs_client     = @@character_set_client */;
/*!50503 SET character_set_client = utf8mb4 */;
CREATE TABLE `ec_tax_products` (
  `tax_id` bigint unsigned NOT NULL,
  `product_id` bigint unsigned NOT NULL,
  PRIMARY KEY (`product_id`,`tax_id`),
  KEY `ec_tax_products_tax_id_index` (`tax_id`),
  KEY `ec_tax_products_product_id_index` (`product_id`)
) ENGINE=InnoDB DEFAULT CHARSET=utf8mb4 COLLATE=utf8mb4_unicode_ci;
/*!40101 SET character_set_client = @saved_cs_client */;

--
-- Dumping data for table `ec_tax_products`
--

LOCK TABLES `ec_tax_products` WRITE;
/*!40000 ALTER TABLE `ec_tax_products` DISABLE KEYS */;
INSERT INTO `ec_tax_products` VALUES (1,1),(1,2),(1,3),(1,4),(1,5),(1,6),(1,7),(1,8);
/*!40000 ALTER TABLE `ec_tax_products` ENABLE KEYS */;
UNLOCK TABLES;

--
-- Table structure for table `ec_tax_rules`
--

DROP TABLE IF EXISTS `ec_tax_rules`;
/*!40101 SET @saved_cs_client     = @@character_set_client */;
/*!50503 SET character_set_client = utf8mb4 */;
CREATE TABLE `ec_tax_rules` (
  `id` bigint unsigned NOT NULL AUTO_INCREMENT,
  `tax_id` bigint unsigned NOT NULL,
  `country` varchar(120) COLLATE utf8mb4_unicode_ci DEFAULT NULL,
  `state` varchar(120) COLLATE utf8mb4_unicode_ci DEFAULT NULL,
  `city` varchar(120) COLLATE utf8mb4_unicode_ci DEFAULT NULL,
  `zip_code` varchar(20) COLLATE utf8mb4_unicode_ci DEFAULT NULL,
  `priority` int DEFAULT NULL,
  `is_enabled` tinyint(1) NOT NULL DEFAULT '1',
  `created_at` timestamp NULL DEFAULT NULL,
  `updated_at` timestamp NULL DEFAULT NULL,
  PRIMARY KEY (`id`)
) ENGINE=InnoDB DEFAULT CHARSET=utf8mb4 COLLATE=utf8mb4_unicode_ci;
/*!40101 SET character_set_client = @saved_cs_client */;

--
-- Dumping data for table `ec_tax_rules`
--

LOCK TABLES `ec_tax_rules` WRITE;
/*!40000 ALTER TABLE `ec_tax_rules` DISABLE KEYS */;
/*!40000 ALTER TABLE `ec_tax_rules` ENABLE KEYS */;
UNLOCK TABLES;

--
-- Table structure for table `ec_taxes`
--

DROP TABLE IF EXISTS `ec_taxes`;
/*!40101 SET @saved_cs_client     = @@character_set_client */;
/*!50503 SET character_set_client = utf8mb4 */;
CREATE TABLE `ec_taxes` (
  `id` bigint unsigned NOT NULL AUTO_INCREMENT,
  `title` varchar(255) COLLATE utf8mb4_unicode_ci DEFAULT NULL,
  `percentage` double(8,6) DEFAULT NULL,
  `priority` int DEFAULT NULL,
  `status` varchar(60) COLLATE utf8mb4_unicode_ci NOT NULL DEFAULT 'published',
  `created_at` timestamp NULL DEFAULT NULL,
  `updated_at` timestamp NULL DEFAULT NULL,
  PRIMARY KEY (`id`)
) ENGINE=InnoDB AUTO_INCREMENT=4 DEFAULT CHARSET=utf8mb4 COLLATE=utf8mb4_unicode_ci;
/*!40101 SET character_set_client = @saved_cs_client */;

--
-- Dumping data for table `ec_taxes`
--

LOCK TABLES `ec_taxes` WRITE;
/*!40000 ALTER TABLE `ec_taxes` DISABLE KEYS */;
INSERT INTO `ec_taxes` VALUES (1,'VAT',10.000000,1,'published','2023-11-15 03:05:54','2023-11-15 03:05:54'),(2,'None',0.000000,2,'published','2023-11-15 03:05:54','2023-11-15 03:05:54'),(3,'Import Tax',15.000000,3,'published','2023-11-15 03:05:54','2023-11-15 03:05:54');
/*!40000 ALTER TABLE `ec_taxes` ENABLE KEYS */;
UNLOCK TABLES;

--
-- Table structure for table `ec_wish_lists`
--

DROP TABLE IF EXISTS `ec_wish_lists`;
/*!40101 SET @saved_cs_client     = @@character_set_client */;
/*!50503 SET character_set_client = utf8mb4 */;
CREATE TABLE `ec_wish_lists` (
  `id` bigint unsigned NOT NULL AUTO_INCREMENT,
  `customer_id` bigint unsigned NOT NULL,
  `product_id` bigint unsigned NOT NULL,
  `created_at` timestamp NULL DEFAULT NULL,
  `updated_at` timestamp NULL DEFAULT NULL,
  PRIMARY KEY (`id`),
  KEY `wishlist_relation_index` (`product_id`,`customer_id`)
) ENGINE=InnoDB DEFAULT CHARSET=utf8mb4 COLLATE=utf8mb4_unicode_ci;
/*!40101 SET character_set_client = @saved_cs_client */;

--
-- Dumping data for table `ec_wish_lists`
--

LOCK TABLES `ec_wish_lists` WRITE;
/*!40000 ALTER TABLE `ec_wish_lists` DISABLE KEYS */;
/*!40000 ALTER TABLE `ec_wish_lists` ENABLE KEYS */;
UNLOCK TABLES;

--
-- Table structure for table `failed_jobs`
--

DROP TABLE IF EXISTS `failed_jobs`;
/*!40101 SET @saved_cs_client     = @@character_set_client */;
/*!50503 SET character_set_client = utf8mb4 */;
CREATE TABLE `failed_jobs` (
  `id` bigint unsigned NOT NULL AUTO_INCREMENT,
  `uuid` varchar(191) COLLATE utf8mb4_unicode_ci NOT NULL,
  `connection` text COLLATE utf8mb4_unicode_ci NOT NULL,
  `queue` text COLLATE utf8mb4_unicode_ci NOT NULL,
  `payload` longtext COLLATE utf8mb4_unicode_ci NOT NULL,
  `exception` longtext COLLATE utf8mb4_unicode_ci NOT NULL,
  `failed_at` timestamp NOT NULL DEFAULT CURRENT_TIMESTAMP,
  PRIMARY KEY (`id`),
  UNIQUE KEY `failed_jobs_uuid_unique` (`uuid`)
) ENGINE=InnoDB DEFAULT CHARSET=utf8mb4 COLLATE=utf8mb4_unicode_ci;
/*!40101 SET character_set_client = @saved_cs_client */;

--
-- Dumping data for table `failed_jobs`
--

LOCK TABLES `failed_jobs` WRITE;
/*!40000 ALTER TABLE `failed_jobs` DISABLE KEYS */;
/*!40000 ALTER TABLE `failed_jobs` ENABLE KEYS */;
UNLOCK TABLES;

--
-- Table structure for table `faq_categories`
--

DROP TABLE IF EXISTS `faq_categories`;
/*!40101 SET @saved_cs_client     = @@character_set_client */;
/*!50503 SET character_set_client = utf8mb4 */;
CREATE TABLE `faq_categories` (
  `id` bigint unsigned NOT NULL AUTO_INCREMENT,
  `name` varchar(120) COLLATE utf8mb4_unicode_ci NOT NULL,
  `order` tinyint NOT NULL DEFAULT '0',
  `status` varchar(60) COLLATE utf8mb4_unicode_ci NOT NULL DEFAULT 'published',
  `created_at` timestamp NULL DEFAULT NULL,
  `updated_at` timestamp NULL DEFAULT NULL,
  PRIMARY KEY (`id`)
) ENGINE=InnoDB AUTO_INCREMENT=4 DEFAULT CHARSET=utf8mb4 COLLATE=utf8mb4_unicode_ci;
/*!40101 SET character_set_client = @saved_cs_client */;

--
-- Dumping data for table `faq_categories`
--

LOCK TABLES `faq_categories` WRITE;
/*!40000 ALTER TABLE `faq_categories` DISABLE KEYS */;
INSERT INTO `faq_categories` VALUES (1,'Shipping',0,'published','2023-11-15 03:06:01','2023-11-15 03:06:01'),(2,'Payment',1,'published','2023-11-15 03:06:01','2023-11-15 03:06:01'),(3,'Order &amp; Returns',2,'published','2023-11-15 03:06:01','2023-11-15 03:06:01');
/*!40000 ALTER TABLE `faq_categories` ENABLE KEYS */;
UNLOCK TABLES;

--
-- Table structure for table `faq_categories_translations`
--

DROP TABLE IF EXISTS `faq_categories_translations`;
/*!40101 SET @saved_cs_client     = @@character_set_client */;
/*!50503 SET character_set_client = utf8mb4 */;
CREATE TABLE `faq_categories_translations` (
  `lang_code` varchar(20) COLLATE utf8mb4_unicode_ci NOT NULL,
  `faq_categories_id` bigint unsigned NOT NULL,
  `name` varchar(120) COLLATE utf8mb4_unicode_ci DEFAULT NULL,
  PRIMARY KEY (`lang_code`,`faq_categories_id`)
) ENGINE=InnoDB DEFAULT CHARSET=utf8mb4 COLLATE=utf8mb4_unicode_ci;
/*!40101 SET character_set_client = @saved_cs_client */;

--
-- Dumping data for table `faq_categories_translations`
--

LOCK TABLES `faq_categories_translations` WRITE;
/*!40000 ALTER TABLE `faq_categories_translations` DISABLE KEYS */;
/*!40000 ALTER TABLE `faq_categories_translations` ENABLE KEYS */;
UNLOCK TABLES;

--
-- Table structure for table `faqs`
--

DROP TABLE IF EXISTS `faqs`;
/*!40101 SET @saved_cs_client     = @@character_set_client */;
/*!50503 SET character_set_client = utf8mb4 */;
CREATE TABLE `faqs` (
  `id` bigint unsigned NOT NULL AUTO_INCREMENT,
  `question` text COLLATE utf8mb4_unicode_ci NOT NULL,
  `answer` text COLLATE utf8mb4_unicode_ci NOT NULL,
  `category_id` bigint unsigned NOT NULL,
  `status` varchar(60) COLLATE utf8mb4_unicode_ci NOT NULL DEFAULT 'published',
  `created_at` timestamp NULL DEFAULT NULL,
  `updated_at` timestamp NULL DEFAULT NULL,
  PRIMARY KEY (`id`)
) ENGINE=InnoDB AUTO_INCREMENT=11 DEFAULT CHARSET=utf8mb4 COLLATE=utf8mb4_unicode_ci;
/*!40101 SET character_set_client = @saved_cs_client */;

--
-- Dumping data for table `faqs`
--

LOCK TABLES `faqs` WRITE;
/*!40000 ALTER TABLE `faqs` DISABLE KEYS */;
INSERT INTO `faqs` VALUES (1,'What Shipping Methods Are Available?','Ex Portland Pitchfork irure mustache. Eutra fap before they sold out literally. Aliquip ugh bicycle rights actually mlkshk, seitan squid craft beer tempor.',1,'published','2023-11-15 03:06:01','2023-11-15 03:06:01'),(2,'Do You Ship Internationally?','Hoodie tote bag mixtape tofu. Typewriter jean shorts wolf quinoa, messenger bag organic freegan cray.',1,'published','2023-11-15 03:06:01','2023-11-15 03:06:01'),(3,'How Long Will It Take To Get My Package?','Swag slow-carb quinoa VHS typewriter pork belly brunch, paleo single-origin coffee Wes Anderson. Flexitarian Pitchfork forage, literally paleo fap pour-over. Wes Anderson Pinterest YOLO fanny pack meggings, deep v XOXO chambray sustainable slow-carb raw denim church-key fap chillwave Etsy. +1 typewriter kitsch, American Apparel tofu Banksy Vice.',1,'published','2023-11-15 03:06:01','2023-11-15 03:06:01'),(4,'What Payment Methods Are Accepted?','Fashion axe DIY jean shorts, swag kale chips meh polaroid kogi butcher Wes Anderson chambray next level semiotics gentrify yr. Voluptate photo booth fugiat Vice. Austin sed Williamsburg, ea labore raw denim voluptate cred proident mixtape excepteur mustache. Twee chia photo booth readymade food truck, hoodie roof party swag keytar PBR DIY.',2,'published','2023-11-15 03:06:01','2023-11-15 03:06:01'),(5,'Is Buying On-Line Safe?','Art party authentic freegan semiotics jean shorts chia cred. Neutra Austin roof party Brooklyn, synth Thundercats swag 8-bit photo booth. Plaid letterpress leggings craft beer meh ethical Pinterest.',2,'published','2023-11-15 03:06:01','2023-11-15 03:06:01'),(6,'How do I place an Order?','Keytar cray slow-carb, Godard banh mi salvia pour-over. Slow-carb Odd Future seitan normcore. Master cleanse American Apparel gentrify flexitarian beard slow-carb next level. Raw denim polaroid paleo farm-to-table, put a bird on it lo-fi tattooed Wes Anderson Pinterest letterpress. Fingerstache McSweeney’s pour-over, letterpress Schlitz photo booth master cleanse bespoke hashtag chillwave gentrify.',3,'published','2023-11-15 03:06:01','2023-11-15 03:06:01'),(7,'How Can I Cancel Or Change My Order?','Plaid letterpress leggings craft beer meh ethical Pinterest. Art party authentic freegan semiotics jean shorts chia cred. Neutra Austin roof party Brooklyn, synth Thundercats swag 8-bit photo booth.',3,'published','2023-11-15 03:06:01','2023-11-15 03:06:01'),(8,'Do I need an account to place an order?','Thundercats swag 8-bit photo booth. Plaid letterpress leggings craft beer meh ethical Pinterest. Twee chia photo booth readymade food truck, hoodie roof party swag keytar PBR DIY. Cray ugh 3 wolf moon fap, fashion axe irony butcher cornhole typewriter chambray VHS banjo street art.',3,'published','2023-11-15 03:06:01','2023-11-15 03:06:01'),(9,'How Do I Track My Order?','Keytar cray slow-carb, Godard banh mi salvia pour-over. Slow-carb @Odd Future seitan normcore. Master cleanse American Apparel gentrify flexitarian beard slow-carb next level.',3,'published','2023-11-15 03:06:01','2023-11-15 03:06:01'),(10,'How Can I Return a Product?','Kale chips Truffaut Williamsburg, hashtag fixie Pinterest raw denim c hambray drinking vinegar Carles street art Bushwick gastropub. Wolf Tumblr paleo church-key. Plaid food truck Echo Park YOLO bitters hella, direct trade Thundercats leggings quinoa before they sold out. You probably haven’t heard of them wayfarers authentic umami drinking vinegar Pinterest Cosby sweater, fingerstache fap High Life.',3,'published','2023-11-15 03:06:01','2023-11-15 03:06:01');
/*!40000 ALTER TABLE `faqs` ENABLE KEYS */;
UNLOCK TABLES;

--
-- Table structure for table `faqs_translations`
--

DROP TABLE IF EXISTS `faqs_translations`;
/*!40101 SET @saved_cs_client     = @@character_set_client */;
/*!50503 SET character_set_client = utf8mb4 */;
CREATE TABLE `faqs_translations` (
  `lang_code` varchar(20) COLLATE utf8mb4_unicode_ci NOT NULL,
  `faqs_id` bigint unsigned NOT NULL,
  `question` text COLLATE utf8mb4_unicode_ci,
  `answer` text COLLATE utf8mb4_unicode_ci,
  PRIMARY KEY (`lang_code`,`faqs_id`)
) ENGINE=InnoDB DEFAULT CHARSET=utf8mb4 COLLATE=utf8mb4_unicode_ci;
/*!40101 SET character_set_client = @saved_cs_client */;

--
-- Dumping data for table `faqs_translations`
--

LOCK TABLES `faqs_translations` WRITE;
/*!40000 ALTER TABLE `faqs_translations` DISABLE KEYS */;
/*!40000 ALTER TABLE `faqs_translations` ENABLE KEYS */;
UNLOCK TABLES;

--
-- Table structure for table `galleries`
--

DROP TABLE IF EXISTS `galleries`;
/*!40101 SET @saved_cs_client     = @@character_set_client */;
/*!50503 SET character_set_client = utf8mb4 */;
CREATE TABLE `galleries` (
  `id` bigint unsigned NOT NULL AUTO_INCREMENT,
  `name` varchar(120) COLLATE utf8mb4_unicode_ci NOT NULL,
  `description` longtext COLLATE utf8mb4_unicode_ci NOT NULL,
  `is_featured` tinyint unsigned NOT NULL DEFAULT '0',
  `order` tinyint unsigned NOT NULL DEFAULT '0',
  `image` varchar(255) COLLATE utf8mb4_unicode_ci DEFAULT NULL,
  `user_id` bigint unsigned DEFAULT NULL,
  `status` varchar(60) COLLATE utf8mb4_unicode_ci NOT NULL DEFAULT 'published',
  `created_at` timestamp NULL DEFAULT NULL,
  `updated_at` timestamp NULL DEFAULT NULL,
  PRIMARY KEY (`id`),
  KEY `galleries_user_id_index` (`user_id`)
) ENGINE=InnoDB AUTO_INCREMENT=7 DEFAULT CHARSET=utf8mb4 COLLATE=utf8mb4_unicode_ci;
/*!40101 SET character_set_client = @saved_cs_client */;

--
-- Dumping data for table `galleries`
--

LOCK TABLES `galleries` WRITE;
/*!40000 ALTER TABLE `galleries` DISABLE KEYS */;
INSERT INTO `galleries` VALUES (1,'Men','Ea culpa tempore sapiente est aut non. Qui iure ratione vel ratione.',1,0,'galleries/1.jpg',1,'published','2023-11-15 03:06:01','2023-11-15 03:06:01'),(2,'Women','Sed repudiandae rerum sint quae quia. Omnis ratione et illo quod fuga nihil. Sint sed et nobis at sed saepe et. Porro sint officiis fuga dolorum.',1,0,'galleries/2.jpg',1,'published','2023-11-15 03:06:01','2023-11-15 03:06:01'),(3,'Accessories','Architecto ut ratione vel quia et vitae. Soluta ut dolores consequatur culpa ex. Quas quis similique rerum quod eos veritatis et.',1,0,'galleries/3.jpg',1,'published','2023-11-15 03:06:01','2023-11-15 03:06:01'),(4,'Shoes','Placeat veritatis distinctio ut eveniet voluptatem fugit. Qui tenetur commodi et quos. Ut blanditiis quis exercitationem vel at est velit.',1,0,'galleries/4.jpg',1,'published','2023-11-15 03:06:01','2023-11-15 03:06:01'),(5,'Denim','Ut voluptas voluptas et et qui quam. Eum dolore harum at. Aliquam voluptas odit et nobis. Ipsum excepturi quo est inventore nihil.',1,0,'galleries/5.jpg',1,'published','2023-11-15 03:06:01','2023-11-15 03:06:01'),(6,'Dress','Ut culpa enim ab ipsum voluptatum. Natus id ad harum in tenetur exercitationem eum. Aut ipsum et dolor et numquam.',1,0,'galleries/6.jpg',1,'published','2023-11-15 03:06:01','2023-11-15 03:06:01');
/*!40000 ALTER TABLE `galleries` ENABLE KEYS */;
UNLOCK TABLES;

--
-- Table structure for table `galleries_translations`
--

DROP TABLE IF EXISTS `galleries_translations`;
/*!40101 SET @saved_cs_client     = @@character_set_client */;
/*!50503 SET character_set_client = utf8mb4 */;
CREATE TABLE `galleries_translations` (
  `lang_code` varchar(191) COLLATE utf8mb4_unicode_ci NOT NULL,
  `galleries_id` bigint unsigned NOT NULL,
  `name` varchar(255) COLLATE utf8mb4_unicode_ci DEFAULT NULL,
  `description` longtext COLLATE utf8mb4_unicode_ci,
  PRIMARY KEY (`lang_code`,`galleries_id`)
) ENGINE=InnoDB DEFAULT CHARSET=utf8mb4 COLLATE=utf8mb4_unicode_ci;
/*!40101 SET character_set_client = @saved_cs_client */;

--
-- Dumping data for table `galleries_translations`
--

LOCK TABLES `galleries_translations` WRITE;
/*!40000 ALTER TABLE `galleries_translations` DISABLE KEYS */;
/*!40000 ALTER TABLE `galleries_translations` ENABLE KEYS */;
UNLOCK TABLES;

--
-- Table structure for table `gallery_meta`
--

DROP TABLE IF EXISTS `gallery_meta`;
/*!40101 SET @saved_cs_client     = @@character_set_client */;
/*!50503 SET character_set_client = utf8mb4 */;
CREATE TABLE `gallery_meta` (
  `id` bigint unsigned NOT NULL AUTO_INCREMENT,
  `images` text COLLATE utf8mb4_unicode_ci,
  `reference_id` bigint unsigned NOT NULL,
  `reference_type` varchar(120) COLLATE utf8mb4_unicode_ci NOT NULL,
  `created_at` timestamp NULL DEFAULT NULL,
  `updated_at` timestamp NULL DEFAULT NULL,
  PRIMARY KEY (`id`),
  KEY `gallery_meta_reference_id_index` (`reference_id`)
) ENGINE=InnoDB AUTO_INCREMENT=7 DEFAULT CHARSET=utf8mb4 COLLATE=utf8mb4_unicode_ci;
/*!40101 SET character_set_client = @saved_cs_client */;

--
-- Dumping data for table `gallery_meta`
--

LOCK TABLES `gallery_meta` WRITE;
/*!40000 ALTER TABLE `gallery_meta` DISABLE KEYS */;
INSERT INTO `gallery_meta` VALUES (1,'[{\"img\":\"galleries\\/1.jpg\",\"description\":\"Quisquam autem ea explicabo illum optio. Aut perferendis fugit in. Consequatur in dolorum dicta ullam est harum. Aliquid officia est nam.\"},{\"img\":\"galleries\\/2.jpg\",\"description\":\"Autem dolores sit ut fugiat reiciendis. Adipisci dolorum quam nihil et omnis quos. Magnam itaque nobis esse temporibus et.\"},{\"img\":\"galleries\\/3.jpg\",\"description\":\"Officiis et deserunt et magnam ducimus. Dolorem ut sequi quae iusto rem suscipit. Dolorem debitis impedit facere molestias. Impedit alias autem et.\"},{\"img\":\"galleries\\/4.jpg\",\"description\":\"Placeat nobis sed praesentium eveniet adipisci adipisci. Similique rerum odio enim officia quisquam velit. Occaecati numquam expedita id est.\"},{\"img\":\"galleries\\/5.jpg\",\"description\":\"Est ipsa quidem et quas. Repudiandae quidem iusto optio. Voluptatem fuga aut natus libero. Facilis nam fuga facere.\"},{\"img\":\"galleries\\/6.jpg\",\"description\":\"Error et et architecto ipsam ut voluptatibus. Eveniet eaque ratione exercitationem aut. Saepe autem dicta voluptatem. Excepturi eligendi error quia.\"},{\"img\":\"galleries\\/7.jpg\",\"description\":\"Architecto et reiciendis fugiat. Sunt reprehenderit harum id perspiciatis rerum quod dicta. Minima qui sint beatae.\"},{\"img\":\"galleries\\/8.jpg\",\"description\":\"Ullam iste sit nobis error. Voluptatem at expedita distinctio. Laboriosam excepturi in dicta eum in nobis.\"},{\"img\":\"galleries\\/9.jpg\",\"description\":\"Ipsa voluptatem in hic velit nisi nihil. Vel sed delectus consequatur asperiores eum. Repellat et itaque quam sequi quis porro rerum.\"},{\"img\":\"galleries\\/10.jpg\",\"description\":\"Ullam dolorem id inventore in asperiores quidem accusantium. Quos et qui ad quia et rerum et. Quae nihil maxime facere est.\"}]',1,'Botble\\Gallery\\Models\\Gallery','2023-11-15 03:06:01','2023-11-15 03:06:01'),(2,'[{\"img\":\"galleries\\/1.jpg\",\"description\":\"Quisquam autem ea explicabo illum optio. Aut perferendis fugit in. Consequatur in dolorum dicta ullam est harum. Aliquid officia est nam.\"},{\"img\":\"galleries\\/2.jpg\",\"description\":\"Autem dolores sit ut fugiat reiciendis. Adipisci dolorum quam nihil et omnis quos. Magnam itaque nobis esse temporibus et.\"},{\"img\":\"galleries\\/3.jpg\",\"description\":\"Officiis et deserunt et magnam ducimus. Dolorem ut sequi quae iusto rem suscipit. Dolorem debitis impedit facere molestias. Impedit alias autem et.\"},{\"img\":\"galleries\\/4.jpg\",\"description\":\"Placeat nobis sed praesentium eveniet adipisci adipisci. Similique rerum odio enim officia quisquam velit. Occaecati numquam expedita id est.\"},{\"img\":\"galleries\\/5.jpg\",\"description\":\"Est ipsa quidem et quas. Repudiandae quidem iusto optio. Voluptatem fuga aut natus libero. Facilis nam fuga facere.\"},{\"img\":\"galleries\\/6.jpg\",\"description\":\"Error et et architecto ipsam ut voluptatibus. Eveniet eaque ratione exercitationem aut. Saepe autem dicta voluptatem. Excepturi eligendi error quia.\"},{\"img\":\"galleries\\/7.jpg\",\"description\":\"Architecto et reiciendis fugiat. Sunt reprehenderit harum id perspiciatis rerum quod dicta. Minima qui sint beatae.\"},{\"img\":\"galleries\\/8.jpg\",\"description\":\"Ullam iste sit nobis error. Voluptatem at expedita distinctio. Laboriosam excepturi in dicta eum in nobis.\"},{\"img\":\"galleries\\/9.jpg\",\"description\":\"Ipsa voluptatem in hic velit nisi nihil. Vel sed delectus consequatur asperiores eum. Repellat et itaque quam sequi quis porro rerum.\"},{\"img\":\"galleries\\/10.jpg\",\"description\":\"Ullam dolorem id inventore in asperiores quidem accusantium. Quos et qui ad quia et rerum et. Quae nihil maxime facere est.\"}]',2,'Botble\\Gallery\\Models\\Gallery','2023-11-15 03:06:01','2023-11-15 03:06:01'),(3,'[{\"img\":\"galleries\\/1.jpg\",\"description\":\"Quisquam autem ea explicabo illum optio. Aut perferendis fugit in. Consequatur in dolorum dicta ullam est harum. Aliquid officia est nam.\"},{\"img\":\"galleries\\/2.jpg\",\"description\":\"Autem dolores sit ut fugiat reiciendis. Adipisci dolorum quam nihil et omnis quos. Magnam itaque nobis esse temporibus et.\"},{\"img\":\"galleries\\/3.jpg\",\"description\":\"Officiis et deserunt et magnam ducimus. Dolorem ut sequi quae iusto rem suscipit. Dolorem debitis impedit facere molestias. Impedit alias autem et.\"},{\"img\":\"galleries\\/4.jpg\",\"description\":\"Placeat nobis sed praesentium eveniet adipisci adipisci. Similique rerum odio enim officia quisquam velit. Occaecati numquam expedita id est.\"},{\"img\":\"galleries\\/5.jpg\",\"description\":\"Est ipsa quidem et quas. Repudiandae quidem iusto optio. Voluptatem fuga aut natus libero. Facilis nam fuga facere.\"},{\"img\":\"galleries\\/6.jpg\",\"description\":\"Error et et architecto ipsam ut voluptatibus. Eveniet eaque ratione exercitationem aut. Saepe autem dicta voluptatem. Excepturi eligendi error quia.\"},{\"img\":\"galleries\\/7.jpg\",\"description\":\"Architecto et reiciendis fugiat. Sunt reprehenderit harum id perspiciatis rerum quod dicta. Minima qui sint beatae.\"},{\"img\":\"galleries\\/8.jpg\",\"description\":\"Ullam iste sit nobis error. Voluptatem at expedita distinctio. Laboriosam excepturi in dicta eum in nobis.\"},{\"img\":\"galleries\\/9.jpg\",\"description\":\"Ipsa voluptatem in hic velit nisi nihil. Vel sed delectus consequatur asperiores eum. Repellat et itaque quam sequi quis porro rerum.\"},{\"img\":\"galleries\\/10.jpg\",\"description\":\"Ullam dolorem id inventore in asperiores quidem accusantium. Quos et qui ad quia et rerum et. Quae nihil maxime facere est.\"}]',3,'Botble\\Gallery\\Models\\Gallery','2023-11-15 03:06:01','2023-11-15 03:06:01'),(4,'[{\"img\":\"galleries\\/1.jpg\",\"description\":\"Quisquam autem ea explicabo illum optio. Aut perferendis fugit in. Consequatur in dolorum dicta ullam est harum. Aliquid officia est nam.\"},{\"img\":\"galleries\\/2.jpg\",\"description\":\"Autem dolores sit ut fugiat reiciendis. Adipisci dolorum quam nihil et omnis quos. Magnam itaque nobis esse temporibus et.\"},{\"img\":\"galleries\\/3.jpg\",\"description\":\"Officiis et deserunt et magnam ducimus. Dolorem ut sequi quae iusto rem suscipit. Dolorem debitis impedit facere molestias. Impedit alias autem et.\"},{\"img\":\"galleries\\/4.jpg\",\"description\":\"Placeat nobis sed praesentium eveniet adipisci adipisci. Similique rerum odio enim officia quisquam velit. Occaecati numquam expedita id est.\"},{\"img\":\"galleries\\/5.jpg\",\"description\":\"Est ipsa quidem et quas. Repudiandae quidem iusto optio. Voluptatem fuga aut natus libero. Facilis nam fuga facere.\"},{\"img\":\"galleries\\/6.jpg\",\"description\":\"Error et et architecto ipsam ut voluptatibus. Eveniet eaque ratione exercitationem aut. Saepe autem dicta voluptatem. Excepturi eligendi error quia.\"},{\"img\":\"galleries\\/7.jpg\",\"description\":\"Architecto et reiciendis fugiat. Sunt reprehenderit harum id perspiciatis rerum quod dicta. Minima qui sint beatae.\"},{\"img\":\"galleries\\/8.jpg\",\"description\":\"Ullam iste sit nobis error. Voluptatem at expedita distinctio. Laboriosam excepturi in dicta eum in nobis.\"},{\"img\":\"galleries\\/9.jpg\",\"description\":\"Ipsa voluptatem in hic velit nisi nihil. Vel sed delectus consequatur asperiores eum. Repellat et itaque quam sequi quis porro rerum.\"},{\"img\":\"galleries\\/10.jpg\",\"description\":\"Ullam dolorem id inventore in asperiores quidem accusantium. Quos et qui ad quia et rerum et. Quae nihil maxime facere est.\"}]',4,'Botble\\Gallery\\Models\\Gallery','2023-11-15 03:06:01','2023-11-15 03:06:01'),(5,'[{\"img\":\"galleries\\/1.jpg\",\"description\":\"Quisquam autem ea explicabo illum optio. Aut perferendis fugit in. Consequatur in dolorum dicta ullam est harum. Aliquid officia est nam.\"},{\"img\":\"galleries\\/2.jpg\",\"description\":\"Autem dolores sit ut fugiat reiciendis. Adipisci dolorum quam nihil et omnis quos. Magnam itaque nobis esse temporibus et.\"},{\"img\":\"galleries\\/3.jpg\",\"description\":\"Officiis et deserunt et magnam ducimus. Dolorem ut sequi quae iusto rem suscipit. Dolorem debitis impedit facere molestias. Impedit alias autem et.\"},{\"img\":\"galleries\\/4.jpg\",\"description\":\"Placeat nobis sed praesentium eveniet adipisci adipisci. Similique rerum odio enim officia quisquam velit. Occaecati numquam expedita id est.\"},{\"img\":\"galleries\\/5.jpg\",\"description\":\"Est ipsa quidem et quas. Repudiandae quidem iusto optio. Voluptatem fuga aut natus libero. Facilis nam fuga facere.\"},{\"img\":\"galleries\\/6.jpg\",\"description\":\"Error et et architecto ipsam ut voluptatibus. Eveniet eaque ratione exercitationem aut. Saepe autem dicta voluptatem. Excepturi eligendi error quia.\"},{\"img\":\"galleries\\/7.jpg\",\"description\":\"Architecto et reiciendis fugiat. Sunt reprehenderit harum id perspiciatis rerum quod dicta. Minima qui sint beatae.\"},{\"img\":\"galleries\\/8.jpg\",\"description\":\"Ullam iste sit nobis error. Voluptatem at expedita distinctio. Laboriosam excepturi in dicta eum in nobis.\"},{\"img\":\"galleries\\/9.jpg\",\"description\":\"Ipsa voluptatem in hic velit nisi nihil. Vel sed delectus consequatur asperiores eum. Repellat et itaque quam sequi quis porro rerum.\"},{\"img\":\"galleries\\/10.jpg\",\"description\":\"Ullam dolorem id inventore in asperiores quidem accusantium. Quos et qui ad quia et rerum et. Quae nihil maxime facere est.\"}]',5,'Botble\\Gallery\\Models\\Gallery','2023-11-15 03:06:01','2023-11-15 03:06:01'),(6,'[{\"img\":\"galleries\\/1.jpg\",\"description\":\"Quisquam autem ea explicabo illum optio. Aut perferendis fugit in. Consequatur in dolorum dicta ullam est harum. Aliquid officia est nam.\"},{\"img\":\"galleries\\/2.jpg\",\"description\":\"Autem dolores sit ut fugiat reiciendis. Adipisci dolorum quam nihil et omnis quos. Magnam itaque nobis esse temporibus et.\"},{\"img\":\"galleries\\/3.jpg\",\"description\":\"Officiis et deserunt et magnam ducimus. Dolorem ut sequi quae iusto rem suscipit. Dolorem debitis impedit facere molestias. Impedit alias autem et.\"},{\"img\":\"galleries\\/4.jpg\",\"description\":\"Placeat nobis sed praesentium eveniet adipisci adipisci. Similique rerum odio enim officia quisquam velit. Occaecati numquam expedita id est.\"},{\"img\":\"galleries\\/5.jpg\",\"description\":\"Est ipsa quidem et quas. Repudiandae quidem iusto optio. Voluptatem fuga aut natus libero. Facilis nam fuga facere.\"},{\"img\":\"galleries\\/6.jpg\",\"description\":\"Error et et architecto ipsam ut voluptatibus. Eveniet eaque ratione exercitationem aut. Saepe autem dicta voluptatem. Excepturi eligendi error quia.\"},{\"img\":\"galleries\\/7.jpg\",\"description\":\"Architecto et reiciendis fugiat. Sunt reprehenderit harum id perspiciatis rerum quod dicta. Minima qui sint beatae.\"},{\"img\":\"galleries\\/8.jpg\",\"description\":\"Ullam iste sit nobis error. Voluptatem at expedita distinctio. Laboriosam excepturi in dicta eum in nobis.\"},{\"img\":\"galleries\\/9.jpg\",\"description\":\"Ipsa voluptatem in hic velit nisi nihil. Vel sed delectus consequatur asperiores eum. Repellat et itaque quam sequi quis porro rerum.\"},{\"img\":\"galleries\\/10.jpg\",\"description\":\"Ullam dolorem id inventore in asperiores quidem accusantium. Quos et qui ad quia et rerum et. Quae nihil maxime facere est.\"}]',6,'Botble\\Gallery\\Models\\Gallery','2023-11-15 03:06:01','2023-11-15 03:06:01');
/*!40000 ALTER TABLE `gallery_meta` ENABLE KEYS */;
UNLOCK TABLES;

--
-- Table structure for table `gallery_meta_translations`
--

DROP TABLE IF EXISTS `gallery_meta_translations`;
/*!40101 SET @saved_cs_client     = @@character_set_client */;
/*!50503 SET character_set_client = utf8mb4 */;
CREATE TABLE `gallery_meta_translations` (
  `lang_code` varchar(191) COLLATE utf8mb4_unicode_ci NOT NULL,
  `gallery_meta_id` bigint unsigned NOT NULL,
  `images` text COLLATE utf8mb4_unicode_ci,
  PRIMARY KEY (`lang_code`,`gallery_meta_id`)
) ENGINE=InnoDB DEFAULT CHARSET=utf8mb4 COLLATE=utf8mb4_unicode_ci;
/*!40101 SET character_set_client = @saved_cs_client */;

--
-- Dumping data for table `gallery_meta_translations`
--

LOCK TABLES `gallery_meta_translations` WRITE;
/*!40000 ALTER TABLE `gallery_meta_translations` DISABLE KEYS */;
/*!40000 ALTER TABLE `gallery_meta_translations` ENABLE KEYS */;
UNLOCK TABLES;

--
-- Table structure for table `jobs`
--

DROP TABLE IF EXISTS `jobs`;
/*!40101 SET @saved_cs_client     = @@character_set_client */;
/*!50503 SET character_set_client = utf8mb4 */;
CREATE TABLE `jobs` (
  `id` bigint unsigned NOT NULL AUTO_INCREMENT,
  `queue` varchar(191) COLLATE utf8mb4_unicode_ci NOT NULL,
  `payload` longtext COLLATE utf8mb4_unicode_ci NOT NULL,
  `attempts` tinyint unsigned NOT NULL,
  `reserved_at` int unsigned DEFAULT NULL,
  `available_at` int unsigned NOT NULL,
  `created_at` int unsigned NOT NULL,
  PRIMARY KEY (`id`),
  KEY `jobs_queue_index` (`queue`)
) ENGINE=InnoDB DEFAULT CHARSET=utf8mb4 COLLATE=utf8mb4_unicode_ci;
/*!40101 SET character_set_client = @saved_cs_client */;

--
-- Dumping data for table `jobs`
--

LOCK TABLES `jobs` WRITE;
/*!40000 ALTER TABLE `jobs` DISABLE KEYS */;
/*!40000 ALTER TABLE `jobs` ENABLE KEYS */;
UNLOCK TABLES;

--
-- Table structure for table `language_meta`
--

DROP TABLE IF EXISTS `language_meta`;
/*!40101 SET @saved_cs_client     = @@character_set_client */;
/*!50503 SET character_set_client = utf8mb4 */;
CREATE TABLE `language_meta` (
  `lang_meta_id` bigint unsigned NOT NULL AUTO_INCREMENT,
  `lang_meta_code` varchar(20) COLLATE utf8mb4_unicode_ci DEFAULT NULL,
  `lang_meta_origin` varchar(32) COLLATE utf8mb4_unicode_ci NOT NULL,
  `reference_id` bigint unsigned NOT NULL,
  `reference_type` varchar(120) COLLATE utf8mb4_unicode_ci NOT NULL,
  PRIMARY KEY (`lang_meta_id`),
  KEY `language_meta_reference_id_index` (`reference_id`),
  KEY `meta_code_index` (`lang_meta_code`),
  KEY `meta_origin_index` (`lang_meta_origin`),
  KEY `meta_reference_type_index` (`reference_type`)
) ENGINE=InnoDB AUTO_INCREMENT=5 DEFAULT CHARSET=utf8mb4 COLLATE=utf8mb4_unicode_ci;
/*!40101 SET character_set_client = @saved_cs_client */;

--
-- Dumping data for table `language_meta`
--

LOCK TABLES `language_meta` WRITE;
/*!40000 ALTER TABLE `language_meta` DISABLE KEYS */;
INSERT INTO `language_meta` VALUES (1,'en_US','aa159bf411e6332e4d972e30a4b05557',1,'Botble\\SimpleSlider\\Models\\SimpleSlider'),(2,'en_US','e56c639e9d9582ddc99fce47f526dbe5',1,'Botble\\Menu\\Models\\MenuLocation'),(3,'en_US','1372aab6b0678441bb2d343018b989b3',1,'Botble\\Menu\\Models\\Menu'),(4,'en_US','dc6af5c62ec701f148b2cf1f3328e7f9',2,'Botble\\Menu\\Models\\Menu');
/*!40000 ALTER TABLE `language_meta` ENABLE KEYS */;
UNLOCK TABLES;

--
-- Table structure for table `languages`
--

DROP TABLE IF EXISTS `languages`;
/*!40101 SET @saved_cs_client     = @@character_set_client */;
/*!50503 SET character_set_client = utf8mb4 */;
CREATE TABLE `languages` (
  `lang_id` bigint unsigned NOT NULL AUTO_INCREMENT,
  `lang_name` varchar(120) COLLATE utf8mb4_unicode_ci NOT NULL,
  `lang_locale` varchar(20) COLLATE utf8mb4_unicode_ci NOT NULL,
  `lang_code` varchar(20) COLLATE utf8mb4_unicode_ci NOT NULL,
  `lang_flag` varchar(20) COLLATE utf8mb4_unicode_ci DEFAULT NULL,
  `lang_is_default` tinyint unsigned NOT NULL DEFAULT '0',
  `lang_order` int NOT NULL DEFAULT '0',
  `lang_is_rtl` tinyint unsigned NOT NULL DEFAULT '0',
  PRIMARY KEY (`lang_id`),
  KEY `lang_locale_index` (`lang_locale`),
  KEY `lang_code_index` (`lang_code`),
  KEY `lang_is_default_index` (`lang_is_default`)
) ENGINE=InnoDB AUTO_INCREMENT=2 DEFAULT CHARSET=utf8mb4 COLLATE=utf8mb4_unicode_ci;
/*!40101 SET character_set_client = @saved_cs_client */;

--
-- Dumping data for table `languages`
--

LOCK TABLES `languages` WRITE;
/*!40000 ALTER TABLE `languages` DISABLE KEYS */;
INSERT INTO `languages` VALUES (1,'English','en','en_US','us',1,0,0);
/*!40000 ALTER TABLE `languages` ENABLE KEYS */;
UNLOCK TABLES;

--
-- Table structure for table `media_files`
--

DROP TABLE IF EXISTS `media_files`;
/*!40101 SET @saved_cs_client     = @@character_set_client */;
/*!50503 SET character_set_client = utf8mb4 */;
CREATE TABLE `media_files` (
  `id` bigint unsigned NOT NULL AUTO_INCREMENT,
  `user_id` bigint unsigned NOT NULL,
  `name` varchar(255) COLLATE utf8mb4_unicode_ci NOT NULL,
  `alt` varchar(191) COLLATE utf8mb4_unicode_ci DEFAULT NULL,
  `folder_id` bigint unsigned NOT NULL DEFAULT '0',
  `mime_type` varchar(120) COLLATE utf8mb4_unicode_ci NOT NULL,
  `size` int NOT NULL,
  `url` varchar(255) COLLATE utf8mb4_unicode_ci NOT NULL,
  `options` text COLLATE utf8mb4_unicode_ci,
  `created_at` timestamp NULL DEFAULT NULL,
  `updated_at` timestamp NULL DEFAULT NULL,
  `deleted_at` timestamp NULL DEFAULT NULL,
  PRIMARY KEY (`id`),
  KEY `media_files_user_id_index` (`user_id`),
  KEY `media_files_index` (`folder_id`,`user_id`,`created_at`)
) ENGINE=InnoDB AUTO_INCREMENT=86 DEFAULT CHARSET=utf8mb4 COLLATE=utf8mb4_unicode_ci;
/*!40101 SET character_set_client = @saved_cs_client */;

--
-- Dumping data for table `media_files`
--

LOCK TABLES `media_files` WRITE;
/*!40000 ALTER TABLE `media_files` DISABLE KEYS */;
INSERT INTO `media_files` VALUES (1,0,'1','1',1,'image/png',1805,'brands/1.png','[]','2023-11-15 03:05:51','2023-11-15 03:05:51',NULL),(2,0,'2','2',1,'image/png',1805,'brands/2.png','[]','2023-11-15 03:05:51','2023-11-15 03:05:51',NULL),(3,0,'3','3',1,'image/png',1805,'brands/3.png','[]','2023-11-15 03:05:51','2023-11-15 03:05:51',NULL),(4,0,'4','4',1,'image/png',1805,'brands/4.png','[]','2023-11-15 03:05:51','2023-11-15 03:05:51',NULL),(5,0,'5','5',1,'image/png',1805,'brands/5.png','[]','2023-11-15 03:05:51','2023-11-15 03:05:51',NULL),(6,0,'6','6',1,'image/png',1805,'brands/6.png','[]','2023-11-15 03:05:51','2023-11-15 03:05:51',NULL),(7,0,'7','7',1,'image/png',1805,'brands/7.png','[]','2023-11-15 03:05:51','2023-11-15 03:05:51',NULL),(8,0,'1','1',2,'image/png',9730,'product-categories/1.png','[]','2023-11-15 03:05:51','2023-11-15 03:05:51',NULL),(9,0,'2','2',2,'image/png',9730,'product-categories/2.png','[]','2023-11-15 03:05:51','2023-11-15 03:05:51',NULL),(10,0,'3','3',2,'image/png',9730,'product-categories/3.png','[]','2023-11-15 03:05:51','2023-11-15 03:05:51',NULL),(11,0,'4','4',2,'image/png',9730,'product-categories/4.png','[]','2023-11-15 03:05:51','2023-11-15 03:05:51',NULL),(12,0,'5','5',2,'image/png',9730,'product-categories/5.png','[]','2023-11-15 03:05:51','2023-11-15 03:05:51',NULL),(13,0,'6','6',2,'image/png',9730,'product-categories/6.png','[]','2023-11-15 03:05:52','2023-11-15 03:05:52',NULL),(14,0,'7','7',2,'image/png',9730,'product-categories/7.png','[]','2023-11-15 03:05:52','2023-11-15 03:05:52',NULL),(15,0,'1','1',3,'image/jpeg',9730,'product-collections/1.jpg','[]','2023-11-15 03:05:52','2023-11-15 03:05:52',NULL),(16,0,'2','2',3,'image/jpeg',9730,'product-collections/2.jpg','[]','2023-11-15 03:05:52','2023-11-15 03:05:52',NULL),(17,0,'3','3',3,'image/jpeg',9730,'product-collections/3.jpg','[]','2023-11-15 03:05:52','2023-11-15 03:05:52',NULL),(18,0,'4','4',3,'image/jpeg',9730,'product-collections/4.jpg','[]','2023-11-15 03:05:52','2023-11-15 03:05:52',NULL),(19,0,'1-1','1-1',4,'image/jpeg',9730,'products/1-1.jpg','[]','2023-11-15 03:05:52','2023-11-15 03:05:52',NULL),(20,0,'1','1',4,'image/jpeg',9730,'products/1.jpg','[]','2023-11-15 03:05:52','2023-11-15 03:05:52',NULL),(21,0,'10-1','10-1',4,'image/jpeg',9730,'products/10-1.jpg','[]','2023-11-15 03:05:52','2023-11-15 03:05:52',NULL),(22,0,'10-2','10-2',4,'image/jpeg',9730,'products/10-2.jpg','[]','2023-11-15 03:05:52','2023-11-15 03:05:52',NULL),(23,0,'10','10',4,'image/jpeg',9730,'products/10.jpg','[]','2023-11-15 03:05:52','2023-11-15 03:05:52',NULL),(24,0,'11','11',4,'image/jpeg',9730,'products/11.jpg','[]','2023-11-15 03:05:52','2023-11-15 03:05:52',NULL),(25,0,'2-1','2-1',4,'image/jpeg',9730,'products/2-1.jpg','[]','2023-11-15 03:05:52','2023-11-15 03:05:52',NULL),(26,0,'2-2','2-2',4,'image/jpeg',9730,'products/2-2.jpg','[]','2023-11-15 03:05:53','2023-11-15 03:05:53',NULL),(27,0,'2-3','2-3',4,'image/jpeg',9730,'products/2-3.jpg','[]','2023-11-15 03:05:53','2023-11-15 03:05:53',NULL),(28,0,'2','2',4,'image/jpeg',9730,'products/2.jpg','[]','2023-11-15 03:05:53','2023-11-15 03:05:53',NULL),(29,0,'3-1','3-1',4,'image/jpeg',9730,'products/3-1.jpg','[]','2023-11-15 03:05:53','2023-11-15 03:05:53',NULL),(30,0,'3-2','3-2',4,'image/jpeg',9730,'products/3-2.jpg','[]','2023-11-15 03:05:53','2023-11-15 03:05:53',NULL),(31,0,'3-3','3-3',4,'image/jpeg',9730,'products/3-3.jpg','[]','2023-11-15 03:05:53','2023-11-15 03:05:53',NULL),(32,0,'3','3',4,'image/jpeg',9730,'products/3.jpg','[]','2023-11-15 03:05:53','2023-11-15 03:05:53',NULL),(33,0,'4-1','4-1',4,'image/jpeg',9730,'products/4-1.jpg','[]','2023-11-15 03:05:53','2023-11-15 03:05:53',NULL),(34,0,'4-2','4-2',4,'image/jpeg',9730,'products/4-2.jpg','[]','2023-11-15 03:05:53','2023-11-15 03:05:53',NULL),(35,0,'4','4',4,'image/jpeg',9730,'products/4.jpg','[]','2023-11-15 03:05:53','2023-11-15 03:05:53',NULL),(36,0,'5-1','5-1',4,'image/jpeg',9730,'products/5-1.jpg','[]','2023-11-15 03:05:53','2023-11-15 03:05:53',NULL),(37,0,'5-2','5-2',4,'image/jpeg',9730,'products/5-2.jpg','[]','2023-11-15 03:05:53','2023-11-15 03:05:53',NULL),(38,0,'5','5',4,'image/jpeg',9730,'products/5.jpg','[]','2023-11-15 03:05:53','2023-11-15 03:05:53',NULL),(39,0,'6-1','6-1',4,'image/jpeg',9730,'products/6-1.jpg','[]','2023-11-15 03:05:53','2023-11-15 03:05:53',NULL),(40,0,'6','6',4,'image/jpeg',9730,'products/6.jpg','[]','2023-11-15 03:05:53','2023-11-15 03:05:53',NULL),(41,0,'7-1','7-1',4,'image/jpeg',9730,'products/7-1.jpg','[]','2023-11-15 03:05:53','2023-11-15 03:05:53',NULL),(42,0,'7-2','7-2',4,'image/jpeg',9730,'products/7-2.jpg','[]','2023-11-15 03:05:53','2023-11-15 03:05:53',NULL),(43,0,'7','7',4,'image/jpeg',9730,'products/7.jpg','[]','2023-11-15 03:05:53','2023-11-15 03:05:53',NULL),(44,0,'8','8',4,'image/jpeg',9730,'products/8.jpg','[]','2023-11-15 03:05:53','2023-11-15 03:05:53',NULL),(45,0,'9','9',4,'image/jpeg',9730,'products/9.jpg','[]','2023-11-15 03:05:54','2023-11-15 03:05:54',NULL),(46,0,'1','1',5,'image/jpeg',9730,'customers/1.jpg','[]','2023-11-15 03:05:54','2023-11-15 03:05:54',NULL),(47,0,'10','10',5,'image/jpeg',9730,'customers/10.jpg','[]','2023-11-15 03:05:54','2023-11-15 03:05:54',NULL),(48,0,'2','2',5,'image/jpeg',9730,'customers/2.jpg','[]','2023-11-15 03:05:54','2023-11-15 03:05:54',NULL),(49,0,'3','3',5,'image/jpeg',9730,'customers/3.jpg','[]','2023-11-15 03:05:55','2023-11-15 03:05:55',NULL),(50,0,'4','4',5,'image/jpeg',9730,'customers/4.jpg','[]','2023-11-15 03:05:55','2023-11-15 03:05:55',NULL),(51,0,'5','5',5,'image/jpeg',9730,'customers/5.jpg','[]','2023-11-15 03:05:55','2023-11-15 03:05:55',NULL),(52,0,'6','6',5,'image/jpeg',9730,'customers/6.jpg','[]','2023-11-15 03:05:55','2023-11-15 03:05:55',NULL),(53,0,'7','7',5,'image/jpeg',9730,'customers/7.jpg','[]','2023-11-15 03:05:55','2023-11-15 03:05:55',NULL),(54,0,'8','8',5,'image/jpeg',9730,'customers/8.jpg','[]','2023-11-15 03:05:55','2023-11-15 03:05:55',NULL),(55,0,'9','9',5,'image/jpeg',9730,'customers/9.jpg','[]','2023-11-15 03:05:55','2023-11-15 03:05:55',NULL),(56,0,'1','1',6,'image/jpeg',9359,'flash-sales/1.jpg','[]','2023-11-15 03:05:59','2023-11-15 03:05:59',NULL),(57,0,'2','2',6,'image/jpeg',9359,'flash-sales/2.jpg','[]','2023-11-15 03:05:59','2023-11-15 03:05:59',NULL),(58,0,'1','1',7,'image/jpeg',20612,'sliders/1.jpg','[]','2023-11-15 03:05:59','2023-11-15 03:05:59',NULL),(59,0,'2','2',7,'image/jpeg',20612,'sliders/2.jpg','[]','2023-11-15 03:05:59','2023-11-15 03:05:59',NULL),(60,0,'3','3',7,'image/jpeg',20612,'sliders/3.jpg','[]','2023-11-15 03:05:59','2023-11-15 03:05:59',NULL),(61,0,'1','1',8,'image/jpeg',9730,'news/1.jpg','[]','2023-11-15 03:06:00','2023-11-15 03:06:00',NULL),(62,0,'10','10',8,'image/jpeg',9730,'news/10.jpg','[]','2023-11-15 03:06:00','2023-11-15 03:06:00',NULL),(63,0,'11','11',8,'image/jpeg',9730,'news/11.jpg','[]','2023-11-15 03:06:00','2023-11-15 03:06:00',NULL),(64,0,'2','2',8,'image/jpeg',9730,'news/2.jpg','[]','2023-11-15 03:06:00','2023-11-15 03:06:00',NULL),(65,0,'3','3',8,'image/jpeg',9730,'news/3.jpg','[]','2023-11-15 03:06:00','2023-11-15 03:06:00',NULL),(66,0,'4','4',8,'image/jpeg',9730,'news/4.jpg','[]','2023-11-15 03:06:00','2023-11-15 03:06:00',NULL),(67,0,'5','5',8,'image/jpeg',9730,'news/5.jpg','[]','2023-11-15 03:06:00','2023-11-15 03:06:00',NULL),(68,0,'6','6',8,'image/jpeg',9730,'news/6.jpg','[]','2023-11-15 03:06:00','2023-11-15 03:06:00',NULL),(69,0,'7','7',8,'image/jpeg',9730,'news/7.jpg','[]','2023-11-15 03:06:00','2023-11-15 03:06:00',NULL),(70,0,'8','8',8,'image/jpeg',9730,'news/8.jpg','[]','2023-11-15 03:06:00','2023-11-15 03:06:00',NULL),(71,0,'9','9',8,'image/jpeg',9730,'news/9.jpg','[]','2023-11-15 03:06:00','2023-11-15 03:06:00',NULL),(72,0,'1','1',9,'image/jpeg',9730,'galleries/1.jpg','[]','2023-11-15 03:06:01','2023-11-15 03:06:01',NULL),(73,0,'10','10',9,'image/jpeg',9730,'galleries/10.jpg','[]','2023-11-15 03:06:01','2023-11-15 03:06:01',NULL),(74,0,'2','2',9,'image/jpeg',9730,'galleries/2.jpg','[]','2023-11-15 03:06:01','2023-11-15 03:06:01',NULL),(75,0,'3','3',9,'image/jpeg',9730,'galleries/3.jpg','[]','2023-11-15 03:06:01','2023-11-15 03:06:01',NULL),(76,0,'4','4',9,'image/jpeg',9730,'galleries/4.jpg','[]','2023-11-15 03:06:01','2023-11-15 03:06:01',NULL),(77,0,'5','5',9,'image/jpeg',9730,'galleries/5.jpg','[]','2023-11-15 03:06:01','2023-11-15 03:06:01',NULL),(78,0,'6','6',9,'image/jpeg',9730,'galleries/6.jpg','[]','2023-11-15 03:06:01','2023-11-15 03:06:01',NULL),(79,0,'7','7',9,'image/jpeg',9730,'galleries/7.jpg','[]','2023-11-15 03:06:01','2023-11-15 03:06:01',NULL),(80,0,'8','8',9,'image/jpeg',9730,'galleries/8.jpg','[]','2023-11-15 03:06:01','2023-11-15 03:06:01',NULL),(81,0,'9','9',9,'image/jpeg',9730,'galleries/9.jpg','[]','2023-11-15 03:06:01','2023-11-15 03:06:01',NULL),(82,0,'favicon','favicon',10,'image/png',14500,'general/favicon.png','[]','2023-11-15 03:06:01','2023-11-15 03:06:01',NULL),(83,0,'logo-light','logo-light',10,'image/png',35316,'general/logo-light.png','[]','2023-11-15 03:06:02','2023-11-15 03:06:02',NULL),(84,0,'logo','logo',10,'image/png',41654,'general/logo.png','[]','2023-11-15 03:06:02','2023-11-15 03:06:02',NULL),(85,0,'open-graph-image','open-graph-image',10,'image/png',580691,'general/open-graph-image.png','[]','2023-11-15 03:06:02','2023-11-15 03:06:02',NULL);
/*!40000 ALTER TABLE `media_files` ENABLE KEYS */;
UNLOCK TABLES;

--
-- Table structure for table `media_folders`
--

DROP TABLE IF EXISTS `media_folders`;
/*!40101 SET @saved_cs_client     = @@character_set_client */;
/*!50503 SET character_set_client = utf8mb4 */;
CREATE TABLE `media_folders` (
  `id` bigint unsigned NOT NULL AUTO_INCREMENT,
  `user_id` bigint unsigned NOT NULL,
  `name` varchar(191) COLLATE utf8mb4_unicode_ci DEFAULT NULL,
  `slug` varchar(191) COLLATE utf8mb4_unicode_ci DEFAULT NULL,
  `parent_id` bigint unsigned NOT NULL DEFAULT '0',
  `created_at` timestamp NULL DEFAULT NULL,
  `updated_at` timestamp NULL DEFAULT NULL,
  `deleted_at` timestamp NULL DEFAULT NULL,
  PRIMARY KEY (`id`),
  KEY `media_folders_user_id_index` (`user_id`),
  KEY `media_folders_index` (`parent_id`,`user_id`,`created_at`)
) ENGINE=InnoDB AUTO_INCREMENT=11 DEFAULT CHARSET=utf8mb4 COLLATE=utf8mb4_unicode_ci;
/*!40101 SET character_set_client = @saved_cs_client */;

--
-- Dumping data for table `media_folders`
--

LOCK TABLES `media_folders` WRITE;
/*!40000 ALTER TABLE `media_folders` DISABLE KEYS */;
INSERT INTO `media_folders` VALUES (1,0,'brands','brands',0,'2023-11-15 03:05:51','2023-11-15 03:05:51',NULL),(2,0,'product-categories','product-categories',0,'2023-11-15 03:05:51','2023-11-15 03:05:51',NULL),(3,0,'product-collections','product-collections',0,'2023-11-15 03:05:52','2023-11-15 03:05:52',NULL),(4,0,'products','products',0,'2023-11-15 03:05:52','2023-11-15 03:05:52',NULL),(5,0,'customers','customers',0,'2023-11-15 03:05:54','2023-11-15 03:05:54',NULL),(6,0,'flash-sales','flash-sales',0,'2023-11-15 03:05:59','2023-11-15 03:05:59',NULL),(7,0,'sliders','sliders',0,'2023-11-15 03:05:59','2023-11-15 03:05:59',NULL),(8,0,'news','news',0,'2023-11-15 03:06:00','2023-11-15 03:06:00',NULL),(9,0,'galleries','galleries',0,'2023-11-15 03:06:01','2023-11-15 03:06:01',NULL),(10,0,'general','general',0,'2023-11-15 03:06:01','2023-11-15 03:06:01',NULL);
/*!40000 ALTER TABLE `media_folders` ENABLE KEYS */;
UNLOCK TABLES;

--
-- Table structure for table `media_settings`
--

DROP TABLE IF EXISTS `media_settings`;
/*!40101 SET @saved_cs_client     = @@character_set_client */;
/*!50503 SET character_set_client = utf8mb4 */;
CREATE TABLE `media_settings` (
  `id` bigint unsigned NOT NULL AUTO_INCREMENT,
  `key` varchar(120) COLLATE utf8mb4_unicode_ci NOT NULL,
  `value` text COLLATE utf8mb4_unicode_ci,
  `media_id` bigint unsigned DEFAULT NULL,
  `user_id` bigint unsigned DEFAULT NULL,
  `created_at` timestamp NULL DEFAULT NULL,
  `updated_at` timestamp NULL DEFAULT NULL,
  PRIMARY KEY (`id`)
) ENGINE=InnoDB DEFAULT CHARSET=utf8mb4 COLLATE=utf8mb4_unicode_ci;
/*!40101 SET character_set_client = @saved_cs_client */;

--
-- Dumping data for table `media_settings`
--

LOCK TABLES `media_settings` WRITE;
/*!40000 ALTER TABLE `media_settings` DISABLE KEYS */;
/*!40000 ALTER TABLE `media_settings` ENABLE KEYS */;
UNLOCK TABLES;

--
-- Table structure for table `menu_locations`
--

DROP TABLE IF EXISTS `menu_locations`;
/*!40101 SET @saved_cs_client     = @@character_set_client */;
/*!50503 SET character_set_client = utf8mb4 */;
CREATE TABLE `menu_locations` (
  `id` bigint unsigned NOT NULL AUTO_INCREMENT,
  `menu_id` bigint unsigned NOT NULL,
  `location` varchar(120) COLLATE utf8mb4_unicode_ci NOT NULL,
  `created_at` timestamp NULL DEFAULT NULL,
  `updated_at` timestamp NULL DEFAULT NULL,
  PRIMARY KEY (`id`),
  KEY `menu_locations_menu_id_created_at_index` (`menu_id`,`created_at`)
) ENGINE=InnoDB AUTO_INCREMENT=2 DEFAULT CHARSET=utf8mb4 COLLATE=utf8mb4_unicode_ci;
/*!40101 SET character_set_client = @saved_cs_client */;

--
-- Dumping data for table `menu_locations`
--

LOCK TABLES `menu_locations` WRITE;
/*!40000 ALTER TABLE `menu_locations` DISABLE KEYS */;
INSERT INTO `menu_locations` VALUES (1,1,'main-menu','2023-11-15 03:06:01','2023-11-15 03:06:01');
/*!40000 ALTER TABLE `menu_locations` ENABLE KEYS */;
UNLOCK TABLES;

--
-- Table structure for table `menu_nodes`
--

DROP TABLE IF EXISTS `menu_nodes`;
/*!40101 SET @saved_cs_client     = @@character_set_client */;
/*!50503 SET character_set_client = utf8mb4 */;
CREATE TABLE `menu_nodes` (
  `id` bigint unsigned NOT NULL AUTO_INCREMENT,
  `menu_id` bigint unsigned NOT NULL,
  `parent_id` bigint unsigned NOT NULL DEFAULT '0',
  `reference_id` bigint unsigned DEFAULT NULL,
  `reference_type` varchar(255) COLLATE utf8mb4_unicode_ci DEFAULT NULL,
  `url` varchar(120) COLLATE utf8mb4_unicode_ci DEFAULT NULL,
  `icon_font` varchar(50) COLLATE utf8mb4_unicode_ci DEFAULT NULL,
  `position` tinyint unsigned NOT NULL DEFAULT '0',
  `title` varchar(120) COLLATE utf8mb4_unicode_ci DEFAULT NULL,
  `css_class` varchar(120) COLLATE utf8mb4_unicode_ci DEFAULT NULL,
  `target` varchar(20) COLLATE utf8mb4_unicode_ci NOT NULL DEFAULT '_self',
  `has_child` tinyint unsigned NOT NULL DEFAULT '0',
  `created_at` timestamp NULL DEFAULT NULL,
  `updated_at` timestamp NULL DEFAULT NULL,
  PRIMARY KEY (`id`),
  KEY `menu_nodes_menu_id_index` (`menu_id`),
  KEY `menu_nodes_parent_id_index` (`parent_id`),
  KEY `reference_id` (`reference_id`),
  KEY `reference_type` (`reference_type`)
) ENGINE=InnoDB AUTO_INCREMENT=14 DEFAULT CHARSET=utf8mb4 COLLATE=utf8mb4_unicode_ci;
/*!40101 SET character_set_client = @saved_cs_client */;

--
-- Dumping data for table `menu_nodes`
--

LOCK TABLES `menu_nodes` WRITE;
/*!40000 ALTER TABLE `menu_nodes` DISABLE KEYS */;
INSERT INTO `menu_nodes` VALUES (1,1,0,NULL,NULL,'/',NULL,0,'Home',NULL,'_self',0,'2023-11-15 03:06:01','2023-11-15 03:06:01'),(2,1,0,NULL,NULL,'/products',NULL,0,'Products',NULL,'_self',1,'2023-11-15 03:06:01','2023-11-15 03:06:01'),(3,1,2,1,'Botble\\Ecommerce\\Models\\ProductCategory','/product-categories/office-bags',NULL,0,'Woman wallet',NULL,'_self',0,'2023-11-15 03:06:01','2023-11-15 03:06:01'),(4,1,2,2,'Botble\\Ecommerce\\Models\\ProductCategory','/product-categories/hand-bag',NULL,0,'Office bags',NULL,'_self',0,'2023-11-15 03:06:01','2023-11-15 03:06:01'),(5,1,2,3,'Botble\\Ecommerce\\Models\\ProductCategory','/product-categories/woman',NULL,0,'Hand bag',NULL,'_self',0,'2023-11-15 03:06:01','2023-11-15 03:06:01'),(6,1,2,4,'Botble\\Ecommerce\\Models\\ProductCategory','/product-categories/woman-wallet',NULL,0,'Backpack',NULL,'_self',0,'2023-11-15 03:06:01','2023-11-15 03:06:01'),(7,1,0,2,'Botble\\Page\\Models\\Page','/blog',NULL,0,'Blog',NULL,'_self',0,'2023-11-15 03:06:01','2023-11-15 03:06:01'),(8,1,0,5,'Botble\\Page\\Models\\Page','/faqs',NULL,0,'FAQ',NULL,'_self',0,'2023-11-15 03:06:01','2023-11-15 03:06:01'),(9,1,0,3,'Botble\\Page\\Models\\Page','/contact',NULL,0,'Contact',NULL,'_self',0,'2023-11-15 03:06:01','2023-11-15 03:06:01'),(10,2,0,NULL,NULL,'/login',NULL,0,'Login',NULL,'_self',0,'2023-11-15 03:06:01','2023-11-15 03:06:01'),(11,2,0,NULL,NULL,'/register',NULL,0,'Register',NULL,'_self',0,'2023-11-15 03:06:01','2023-11-15 03:06:01'),(12,2,0,2,'Botble\\Page\\Models\\Page','/blog',NULL,0,'Blog',NULL,'_self',0,'2023-11-15 03:06:01','2023-11-15 03:06:01'),(13,2,0,3,'Botble\\Page\\Models\\Page','/contact',NULL,0,'Contact',NULL,'_self',0,'2023-11-15 03:06:01','2023-11-15 03:06:01');
/*!40000 ALTER TABLE `menu_nodes` ENABLE KEYS */;
UNLOCK TABLES;

--
-- Table structure for table `menus`
--

DROP TABLE IF EXISTS `menus`;
/*!40101 SET @saved_cs_client     = @@character_set_client */;
/*!50503 SET character_set_client = utf8mb4 */;
CREATE TABLE `menus` (
  `id` bigint unsigned NOT NULL AUTO_INCREMENT,
  `name` varchar(120) COLLATE utf8mb4_unicode_ci NOT NULL,
  `slug` varchar(120) COLLATE utf8mb4_unicode_ci DEFAULT NULL,
  `status` varchar(60) COLLATE utf8mb4_unicode_ci NOT NULL DEFAULT 'published',
  `created_at` timestamp NULL DEFAULT NULL,
  `updated_at` timestamp NULL DEFAULT NULL,
  PRIMARY KEY (`id`),
  UNIQUE KEY `menus_slug_unique` (`slug`)
) ENGINE=InnoDB AUTO_INCREMENT=3 DEFAULT CHARSET=utf8mb4 COLLATE=utf8mb4_unicode_ci;
/*!40101 SET character_set_client = @saved_cs_client */;

--
-- Dumping data for table `menus`
--

LOCK TABLES `menus` WRITE;
/*!40000 ALTER TABLE `menus` DISABLE KEYS */;
INSERT INTO `menus` VALUES (1,'Main menu','main-menu','published','2023-11-15 03:06:01','2023-11-15 03:06:01'),(2,'Customer services','customer-services','published','2023-11-15 03:06:01','2023-11-15 03:06:01');
/*!40000 ALTER TABLE `menus` ENABLE KEYS */;
UNLOCK TABLES;

--
-- Table structure for table `meta_boxes`
--

DROP TABLE IF EXISTS `meta_boxes`;
/*!40101 SET @saved_cs_client     = @@character_set_client */;
/*!50503 SET character_set_client = utf8mb4 */;
CREATE TABLE `meta_boxes` (
  `id` bigint unsigned NOT NULL AUTO_INCREMENT,
  `meta_key` varchar(255) COLLATE utf8mb4_unicode_ci NOT NULL,
  `meta_value` text COLLATE utf8mb4_unicode_ci,
  `reference_id` bigint unsigned NOT NULL,
  `reference_type` varchar(120) COLLATE utf8mb4_unicode_ci NOT NULL,
  `created_at` timestamp NULL DEFAULT NULL,
  `updated_at` timestamp NULL DEFAULT NULL,
  PRIMARY KEY (`id`),
  KEY `meta_boxes_reference_id_index` (`reference_id`)
) ENGINE=InnoDB AUTO_INCREMENT=14 DEFAULT CHARSET=utf8mb4 COLLATE=utf8mb4_unicode_ci;
/*!40101 SET character_set_client = @saved_cs_client */;

--
-- Dumping data for table `meta_boxes`
--

LOCK TABLES `meta_boxes` WRITE;
/*!40000 ALTER TABLE `meta_boxes` DISABLE KEYS */;
INSERT INTO `meta_boxes` VALUES (1,'faq_schema_config','[[[{\"key\":\"question\",\"value\":\"What Shipping Methods Are Available?\"},{\"key\":\"answer\",\"value\":\"Ex Portland Pitchfork irure mustache. Eutra fap before they sold out literally. Aliquip ugh bicycle rights actually mlkshk, seitan squid craft beer tempor.\"}],[{\"key\":\"question\",\"value\":\"Do You Ship Internationally?\"},{\"key\":\"answer\",\"value\":\"Hoodie tote bag mixtape tofu. Typewriter jean shorts wolf quinoa, messenger bag organic freegan cray.\"}],[{\"key\":\"question\",\"value\":\"How Long Will It Take To Get My Package?\"},{\"key\":\"answer\",\"value\":\"Swag slow-carb quinoa VHS typewriter pork belly brunch, paleo single-origin coffee Wes Anderson. Flexitarian Pitchfork forage, literally paleo fap pour-over. Wes Anderson Pinterest YOLO fanny pack meggings, deep v XOXO chambray sustainable slow-carb raw denim church-key fap chillwave Etsy. +1 typewriter kitsch, American Apparel tofu Banksy Vice.\"}],[{\"key\":\"question\",\"value\":\"What Payment Methods Are Accepted?\"},{\"key\":\"answer\",\"value\":\"Fashion axe DIY jean shorts, swag kale chips meh polaroid kogi butcher Wes Anderson chambray next level semiotics gentrify yr. Voluptate photo booth fugiat Vice. Austin sed Williamsburg, ea labore raw denim voluptate cred proident mixtape excepteur mustache. Twee chia photo booth readymade food truck, hoodie roof party swag keytar PBR DIY.\"}],[{\"key\":\"question\",\"value\":\"Is Buying On-Line Safe?\"},{\"key\":\"answer\",\"value\":\"Art party authentic freegan semiotics jean shorts chia cred. Neutra Austin roof party Brooklyn, synth Thundercats swag 8-bit photo booth. Plaid letterpress leggings craft beer meh ethical Pinterest.\"}]]]',1,'Botble\\Ecommerce\\Models\\Product','2023-11-15 03:05:54','2023-11-15 03:05:54'),(2,'faq_schema_config','[[[{\"key\":\"question\",\"value\":\"What Shipping Methods Are Available?\"},{\"key\":\"answer\",\"value\":\"Ex Portland Pitchfork irure mustache. Eutra fap before they sold out literally. Aliquip ugh bicycle rights actually mlkshk, seitan squid craft beer tempor.\"}],[{\"key\":\"question\",\"value\":\"Do You Ship Internationally?\"},{\"key\":\"answer\",\"value\":\"Hoodie tote bag mixtape tofu. Typewriter jean shorts wolf quinoa, messenger bag organic freegan cray.\"}],[{\"key\":\"question\",\"value\":\"How Long Will It Take To Get My Package?\"},{\"key\":\"answer\",\"value\":\"Swag slow-carb quinoa VHS typewriter pork belly brunch, paleo single-origin coffee Wes Anderson. Flexitarian Pitchfork forage, literally paleo fap pour-over. Wes Anderson Pinterest YOLO fanny pack meggings, deep v XOXO chambray sustainable slow-carb raw denim church-key fap chillwave Etsy. +1 typewriter kitsch, American Apparel tofu Banksy Vice.\"}],[{\"key\":\"question\",\"value\":\"What Payment Methods Are Accepted?\"},{\"key\":\"answer\",\"value\":\"Fashion axe DIY jean shorts, swag kale chips meh polaroid kogi butcher Wes Anderson chambray next level semiotics gentrify yr. Voluptate photo booth fugiat Vice. Austin sed Williamsburg, ea labore raw denim voluptate cred proident mixtape excepteur mustache. Twee chia photo booth readymade food truck, hoodie roof party swag keytar PBR DIY.\"}],[{\"key\":\"question\",\"value\":\"Is Buying On-Line Safe?\"},{\"key\":\"answer\",\"value\":\"Art party authentic freegan semiotics jean shorts chia cred. Neutra Austin roof party Brooklyn, synth Thundercats swag 8-bit photo booth. Plaid letterpress leggings craft beer meh ethical Pinterest.\"}]]]',2,'Botble\\Ecommerce\\Models\\Product','2023-11-15 03:05:54','2023-11-15 03:05:54'),(3,'faq_schema_config','[[[{\"key\":\"question\",\"value\":\"What Shipping Methods Are Available?\"},{\"key\":\"answer\",\"value\":\"Ex Portland Pitchfork irure mustache. Eutra fap before they sold out literally. Aliquip ugh bicycle rights actually mlkshk, seitan squid craft beer tempor.\"}],[{\"key\":\"question\",\"value\":\"Do You Ship Internationally?\"},{\"key\":\"answer\",\"value\":\"Hoodie tote bag mixtape tofu. Typewriter jean shorts wolf quinoa, messenger bag organic freegan cray.\"}],[{\"key\":\"question\",\"value\":\"How Long Will It Take To Get My Package?\"},{\"key\":\"answer\",\"value\":\"Swag slow-carb quinoa VHS typewriter pork belly brunch, paleo single-origin coffee Wes Anderson. Flexitarian Pitchfork forage, literally paleo fap pour-over. Wes Anderson Pinterest YOLO fanny pack meggings, deep v XOXO chambray sustainable slow-carb raw denim church-key fap chillwave Etsy. +1 typewriter kitsch, American Apparel tofu Banksy Vice.\"}],[{\"key\":\"question\",\"value\":\"What Payment Methods Are Accepted?\"},{\"key\":\"answer\",\"value\":\"Fashion axe DIY jean shorts, swag kale chips meh polaroid kogi butcher Wes Anderson chambray next level semiotics gentrify yr. Voluptate photo booth fugiat Vice. Austin sed Williamsburg, ea labore raw denim voluptate cred proident mixtape excepteur mustache. Twee chia photo booth readymade food truck, hoodie roof party swag keytar PBR DIY.\"}],[{\"key\":\"question\",\"value\":\"Is Buying On-Line Safe?\"},{\"key\":\"answer\",\"value\":\"Art party authentic freegan semiotics jean shorts chia cred. Neutra Austin roof party Brooklyn, synth Thundercats swag 8-bit photo booth. Plaid letterpress leggings craft beer meh ethical Pinterest.\"}]]]',3,'Botble\\Ecommerce\\Models\\Product','2023-11-15 03:05:54','2023-11-15 03:05:54'),(4,'faq_schema_config','[[[{\"key\":\"question\",\"value\":\"What Shipping Methods Are Available?\"},{\"key\":\"answer\",\"value\":\"Ex Portland Pitchfork irure mustache. Eutra fap before they sold out literally. Aliquip ugh bicycle rights actually mlkshk, seitan squid craft beer tempor.\"}],[{\"key\":\"question\",\"value\":\"Do You Ship Internationally?\"},{\"key\":\"answer\",\"value\":\"Hoodie tote bag mixtape tofu. Typewriter jean shorts wolf quinoa, messenger bag organic freegan cray.\"}],[{\"key\":\"question\",\"value\":\"How Long Will It Take To Get My Package?\"},{\"key\":\"answer\",\"value\":\"Swag slow-carb quinoa VHS typewriter pork belly brunch, paleo single-origin coffee Wes Anderson. Flexitarian Pitchfork forage, literally paleo fap pour-over. Wes Anderson Pinterest YOLO fanny pack meggings, deep v XOXO chambray sustainable slow-carb raw denim church-key fap chillwave Etsy. +1 typewriter kitsch, American Apparel tofu Banksy Vice.\"}],[{\"key\":\"question\",\"value\":\"What Payment Methods Are Accepted?\"},{\"key\":\"answer\",\"value\":\"Fashion axe DIY jean shorts, swag kale chips meh polaroid kogi butcher Wes Anderson chambray next level semiotics gentrify yr. Voluptate photo booth fugiat Vice. Austin sed Williamsburg, ea labore raw denim voluptate cred proident mixtape excepteur mustache. Twee chia photo booth readymade food truck, hoodie roof party swag keytar PBR DIY.\"}],[{\"key\":\"question\",\"value\":\"Is Buying On-Line Safe?\"},{\"key\":\"answer\",\"value\":\"Art party authentic freegan semiotics jean shorts chia cred. Neutra Austin roof party Brooklyn, synth Thundercats swag 8-bit photo booth. Plaid letterpress leggings craft beer meh ethical Pinterest.\"}]]]',4,'Botble\\Ecommerce\\Models\\Product','2023-11-15 03:05:54','2023-11-15 03:05:54'),(5,'faq_schema_config','[[[{\"key\":\"question\",\"value\":\"What Shipping Methods Are Available?\"},{\"key\":\"answer\",\"value\":\"Ex Portland Pitchfork irure mustache. Eutra fap before they sold out literally. Aliquip ugh bicycle rights actually mlkshk, seitan squid craft beer tempor.\"}],[{\"key\":\"question\",\"value\":\"Do You Ship Internationally?\"},{\"key\":\"answer\",\"value\":\"Hoodie tote bag mixtape tofu. Typewriter jean shorts wolf quinoa, messenger bag organic freegan cray.\"}],[{\"key\":\"question\",\"value\":\"How Long Will It Take To Get My Package?\"},{\"key\":\"answer\",\"value\":\"Swag slow-carb quinoa VHS typewriter pork belly brunch, paleo single-origin coffee Wes Anderson. Flexitarian Pitchfork forage, literally paleo fap pour-over. Wes Anderson Pinterest YOLO fanny pack meggings, deep v XOXO chambray sustainable slow-carb raw denim church-key fap chillwave Etsy. +1 typewriter kitsch, American Apparel tofu Banksy Vice.\"}],[{\"key\":\"question\",\"value\":\"What Payment Methods Are Accepted?\"},{\"key\":\"answer\",\"value\":\"Fashion axe DIY jean shorts, swag kale chips meh polaroid kogi butcher Wes Anderson chambray next level semiotics gentrify yr. Voluptate photo booth fugiat Vice. Austin sed Williamsburg, ea labore raw denim voluptate cred proident mixtape excepteur mustache. Twee chia photo booth readymade food truck, hoodie roof party swag keytar PBR DIY.\"}],[{\"key\":\"question\",\"value\":\"Is Buying On-Line Safe?\"},{\"key\":\"answer\",\"value\":\"Art party authentic freegan semiotics jean shorts chia cred. Neutra Austin roof party Brooklyn, synth Thundercats swag 8-bit photo booth. Plaid letterpress leggings craft beer meh ethical Pinterest.\"}]]]',5,'Botble\\Ecommerce\\Models\\Product','2023-11-15 03:05:54','2023-11-15 03:05:54'),(6,'faq_schema_config','[[[{\"key\":\"question\",\"value\":\"What Shipping Methods Are Available?\"},{\"key\":\"answer\",\"value\":\"Ex Portland Pitchfork irure mustache. Eutra fap before they sold out literally. Aliquip ugh bicycle rights actually mlkshk, seitan squid craft beer tempor.\"}],[{\"key\":\"question\",\"value\":\"Do You Ship Internationally?\"},{\"key\":\"answer\",\"value\":\"Hoodie tote bag mixtape tofu. Typewriter jean shorts wolf quinoa, messenger bag organic freegan cray.\"}],[{\"key\":\"question\",\"value\":\"How Long Will It Take To Get My Package?\"},{\"key\":\"answer\",\"value\":\"Swag slow-carb quinoa VHS typewriter pork belly brunch, paleo single-origin coffee Wes Anderson. Flexitarian Pitchfork forage, literally paleo fap pour-over. Wes Anderson Pinterest YOLO fanny pack meggings, deep v XOXO chambray sustainable slow-carb raw denim church-key fap chillwave Etsy. +1 typewriter kitsch, American Apparel tofu Banksy Vice.\"}],[{\"key\":\"question\",\"value\":\"What Payment Methods Are Accepted?\"},{\"key\":\"answer\",\"value\":\"Fashion axe DIY jean shorts, swag kale chips meh polaroid kogi butcher Wes Anderson chambray next level semiotics gentrify yr. Voluptate photo booth fugiat Vice. Austin sed Williamsburg, ea labore raw denim voluptate cred proident mixtape excepteur mustache. Twee chia photo booth readymade food truck, hoodie roof party swag keytar PBR DIY.\"}],[{\"key\":\"question\",\"value\":\"Is Buying On-Line Safe?\"},{\"key\":\"answer\",\"value\":\"Art party authentic freegan semiotics jean shorts chia cred. Neutra Austin roof party Brooklyn, synth Thundercats swag 8-bit photo booth. Plaid letterpress leggings craft beer meh ethical Pinterest.\"}]]]',6,'Botble\\Ecommerce\\Models\\Product','2023-11-15 03:05:54','2023-11-15 03:05:54'),(7,'faq_schema_config','[[[{\"key\":\"question\",\"value\":\"What Shipping Methods Are Available?\"},{\"key\":\"answer\",\"value\":\"Ex Portland Pitchfork irure mustache. Eutra fap before they sold out literally. Aliquip ugh bicycle rights actually mlkshk, seitan squid craft beer tempor.\"}],[{\"key\":\"question\",\"value\":\"Do You Ship Internationally?\"},{\"key\":\"answer\",\"value\":\"Hoodie tote bag mixtape tofu. Typewriter jean shorts wolf quinoa, messenger bag organic freegan cray.\"}],[{\"key\":\"question\",\"value\":\"How Long Will It Take To Get My Package?\"},{\"key\":\"answer\",\"value\":\"Swag slow-carb quinoa VHS typewriter pork belly brunch, paleo single-origin coffee Wes Anderson. Flexitarian Pitchfork forage, literally paleo fap pour-over. Wes Anderson Pinterest YOLO fanny pack meggings, deep v XOXO chambray sustainable slow-carb raw denim church-key fap chillwave Etsy. +1 typewriter kitsch, American Apparel tofu Banksy Vice.\"}],[{\"key\":\"question\",\"value\":\"What Payment Methods Are Accepted?\"},{\"key\":\"answer\",\"value\":\"Fashion axe DIY jean shorts, swag kale chips meh polaroid kogi butcher Wes Anderson chambray next level semiotics gentrify yr. Voluptate photo booth fugiat Vice. Austin sed Williamsburg, ea labore raw denim voluptate cred proident mixtape excepteur mustache. Twee chia photo booth readymade food truck, hoodie roof party swag keytar PBR DIY.\"}],[{\"key\":\"question\",\"value\":\"Is Buying On-Line Safe?\"},{\"key\":\"answer\",\"value\":\"Art party authentic freegan semiotics jean shorts chia cred. Neutra Austin roof party Brooklyn, synth Thundercats swag 8-bit photo booth. Plaid letterpress leggings craft beer meh ethical Pinterest.\"}]]]',7,'Botble\\Ecommerce\\Models\\Product','2023-11-15 03:05:54','2023-11-15 03:05:54'),(8,'faq_schema_config','[[[{\"key\":\"question\",\"value\":\"What Shipping Methods Are Available?\"},{\"key\":\"answer\",\"value\":\"Ex Portland Pitchfork irure mustache. Eutra fap before they sold out literally. Aliquip ugh bicycle rights actually mlkshk, seitan squid craft beer tempor.\"}],[{\"key\":\"question\",\"value\":\"Do You Ship Internationally?\"},{\"key\":\"answer\",\"value\":\"Hoodie tote bag mixtape tofu. Typewriter jean shorts wolf quinoa, messenger bag organic freegan cray.\"}],[{\"key\":\"question\",\"value\":\"How Long Will It Take To Get My Package?\"},{\"key\":\"answer\",\"value\":\"Swag slow-carb quinoa VHS typewriter pork belly brunch, paleo single-origin coffee Wes Anderson. Flexitarian Pitchfork forage, literally paleo fap pour-over. Wes Anderson Pinterest YOLO fanny pack meggings, deep v XOXO chambray sustainable slow-carb raw denim church-key fap chillwave Etsy. +1 typewriter kitsch, American Apparel tofu Banksy Vice.\"}],[{\"key\":\"question\",\"value\":\"What Payment Methods Are Accepted?\"},{\"key\":\"answer\",\"value\":\"Fashion axe DIY jean shorts, swag kale chips meh polaroid kogi butcher Wes Anderson chambray next level semiotics gentrify yr. Voluptate photo booth fugiat Vice. Austin sed Williamsburg, ea labore raw denim voluptate cred proident mixtape excepteur mustache. Twee chia photo booth readymade food truck, hoodie roof party swag keytar PBR DIY.\"}],[{\"key\":\"question\",\"value\":\"Is Buying On-Line Safe?\"},{\"key\":\"answer\",\"value\":\"Art party authentic freegan semiotics jean shorts chia cred. Neutra Austin roof party Brooklyn, synth Thundercats swag 8-bit photo booth. Plaid letterpress leggings craft beer meh ethical Pinterest.\"}]]]',8,'Botble\\Ecommerce\\Models\\Product','2023-11-15 03:05:54','2023-11-15 03:05:54'),(9,'image','[\"flash-sales\\/1.jpg\"]',1,'Botble\\Ecommerce\\Models\\FlashSale','2023-11-15 03:05:59','2023-11-15 03:05:59'),(10,'image','[\"flash-sales\\/2.jpg\"]',2,'Botble\\Ecommerce\\Models\\FlashSale','2023-11-15 03:05:59','2023-11-15 03:05:59'),(11,'button_text','[\"Shop now\"]',1,'Botble\\SimpleSlider\\Models\\SimpleSliderItem','2023-11-15 03:05:59','2023-11-15 03:05:59'),(12,'button_text','[\"Discover now\"]',2,'Botble\\SimpleSlider\\Models\\SimpleSliderItem','2023-11-15 03:05:59','2023-11-15 03:05:59'),(13,'button_text','[\"Shop now\"]',3,'Botble\\SimpleSlider\\Models\\SimpleSliderItem','2023-11-15 03:05:59','2023-11-15 03:05:59');
/*!40000 ALTER TABLE `meta_boxes` ENABLE KEYS */;
UNLOCK TABLES;

--
-- Table structure for table `migrations`
--

DROP TABLE IF EXISTS `migrations`;
/*!40101 SET @saved_cs_client     = @@character_set_client */;
/*!50503 SET character_set_client = utf8mb4 */;
CREATE TABLE `migrations` (
  `id` int unsigned NOT NULL AUTO_INCREMENT,
  `migration` varchar(191) COLLATE utf8mb4_unicode_ci NOT NULL,
  `batch` int NOT NULL,
  PRIMARY KEY (`id`)
) ENGINE=InnoDB AUTO_INCREMENT=139 DEFAULT CHARSET=utf8mb4 COLLATE=utf8mb4_unicode_ci;
/*!40101 SET character_set_client = @saved_cs_client */;

--
-- Dumping data for table `migrations`
--

LOCK TABLES `migrations` WRITE;
/*!40000 ALTER TABLE `migrations` DISABLE KEYS */;
INSERT INTO `migrations` VALUES (1,'2013_04_09_032329_create_base_tables',1),(2,'2013_04_09_062329_create_revisions_table',1),(3,'2014_10_12_000000_create_users_table',1),(4,'2014_10_12_100000_create_password_reset_tokens_table',1),(5,'2016_06_10_230148_create_acl_tables',1),(6,'2016_06_14_230857_create_menus_table',1),(7,'2016_06_28_221418_create_pages_table',1),(8,'2016_10_05_074239_create_setting_table',1),(9,'2016_11_28_032840_create_dashboard_widget_tables',1),(10,'2016_12_16_084601_create_widgets_table',1),(11,'2017_05_09_070343_create_media_tables',1),(12,'2017_11_03_070450_create_slug_table',1),(13,'2019_01_05_053554_create_jobs_table',1),(14,'2019_08_19_000000_create_failed_jobs_table',1),(15,'2019_12_14_000001_create_personal_access_tokens_table',1),(16,'2022_04_20_100851_add_index_to_media_table',1),(17,'2022_04_20_101046_add_index_to_menu_table',1),(18,'2022_07_10_034813_move_lang_folder_to_root',1),(19,'2022_08_04_051940_add_missing_column_expires_at',1),(20,'2022_09_01_000001_create_admin_notifications_tables',1),(21,'2022_10_14_024629_drop_column_is_featured',1),(22,'2022_11_18_063357_add_missing_timestamp_in_table_settings',1),(23,'2022_12_02_093615_update_slug_index_columns',1),(24,'2023_01_30_024431_add_alt_to_media_table',1),(25,'2023_02_16_042611_drop_table_password_resets',1),(26,'2023_04_23_005903_add_column_permissions_to_admin_notifications',1),(27,'2023_05_10_075124_drop_column_id_in_role_users_table',1),(28,'2023_08_21_090810_make_page_content_nullable',1),(29,'2023_09_14_021936_update_index_for_slugs_table',1),(30,'2015_06_29_025744_create_audit_history',2),(31,'2023_11_14_033417_change_request_column_in_table_audit_histories',2),(32,'2015_06_18_033822_create_blog_table',3),(33,'2021_02_16_092633_remove_default_value_for_author_type',3),(34,'2021_12_03_030600_create_blog_translations',3),(35,'2022_04_19_113923_add_index_to_table_posts',3),(36,'2023_08_29_074620_make_column_author_id_nullable',3),(37,'2016_06_17_091537_create_contacts_table',4),(38,'2020_03_05_041139_create_ecommerce_tables',5),(39,'2021_01_01_044147_ecommerce_create_flash_sale_table',5),(40,'2021_01_17_082713_add_column_is_featured_to_product_collections_table',5),(41,'2021_01_18_024333_add_zip_code_into_table_customer_addresses',5),(42,'2021_02_18_073505_update_table_ec_reviews',5),(43,'2021_03_10_024419_add_column_confirmed_at_to_table_ec_customers',5),(44,'2021_03_10_025153_change_column_tax_amount',5),(45,'2021_03_20_033103_add_column_availability_to_table_ec_products',5),(46,'2021_04_28_074008_ecommerce_create_product_label_table',5),(47,'2021_05_31_173037_ecommerce_create_ec_products_translations',5),(48,'2021_08_17_105016_remove_column_currency_id_in_some_tables',5),(49,'2021_08_30_142128_add_images_column_to_ec_reviews_table',5),(50,'2021_10_04_030050_add_column_created_by_to_table_ec_products',5),(51,'2021_10_05_122616_add_status_column_to_ec_customers_table',5),(52,'2021_11_03_025806_nullable_phone_number_in_ec_customer_addresses',5),(53,'2021_11_23_071403_correct_languages_for_product_variations',5),(54,'2021_11_28_031808_add_product_tags_translations',5),(55,'2021_12_01_031123_add_featured_image_to_ec_products',5),(56,'2022_01_01_033107_update_table_ec_shipments',5),(57,'2022_02_16_042457_improve_product_attribute_sets',5),(58,'2022_03_22_075758_correct_product_name',5),(59,'2022_04_19_113334_add_index_to_ec_products',5),(60,'2022_04_28_144405_remove_unused_table',5),(61,'2022_05_05_115015_create_ec_customer_recently_viewed_products_table',5),(62,'2022_05_18_143720_add_index_to_table_ec_product_categories',5),(63,'2022_06_16_095633_add_index_to_some_tables',5),(64,'2022_06_30_035148_create_order_referrals_table',5),(65,'2022_07_24_153815_add_completed_at_to_ec_orders_table',5),(66,'2022_08_14_032836_create_ec_order_returns_table',5),(67,'2022_08_14_033554_create_ec_order_return_items_table',5),(68,'2022_08_15_040324_add_billing_address',5),(69,'2022_08_30_091114_support_digital_products_table',5),(70,'2022_09_13_095744_create_options_table',5),(71,'2022_09_13_104347_create_option_value_table',5),(72,'2022_10_05_163518_alter_table_ec_order_product',5),(73,'2022_10_12_041517_create_invoices_table',5),(74,'2022_10_12_142226_update_orders_table',5),(75,'2022_10_13_024916_update_table_order_returns',5),(76,'2022_10_21_030830_update_columns_in_ec_shipments_table',5),(77,'2022_10_28_021046_update_columns_in_ec_shipments_table',5),(78,'2022_11_16_034522_update_type_column_in_ec_shipping_rules_table',5),(79,'2022_11_19_041643_add_ec_tax_product_table',5),(80,'2022_12_12_063830_update_tax_defadult_in_ec_tax_products_table',5),(81,'2022_12_17_041532_fix_address_in_order_invoice',5),(82,'2022_12_26_070329_create_ec_product_views_table',5),(83,'2023_01_04_033051_fix_product_categories',5),(84,'2023_01_09_050400_add_ec_global_options_translations_table',5),(85,'2023_01_10_093754_add_missing_option_value_id',5),(86,'2023_01_17_082713_add_column_barcode_and_cost_per_item_to_product_table',5),(87,'2023_01_26_021854_add_ec_customer_used_coupons_table',5),(88,'2023_02_08_015900_update_options_column_in_ec_order_product_table',5),(89,'2023_02_27_095752_remove_duplicate_reviews',5),(90,'2023_03_20_115757_add_user_type_column_to_ec_shipment_histories_table',5),(91,'2023_04_21_082427_create_ec_product_categorizables_table',5),(92,'2023_05_03_011331_add_missing_column_price_into_invoice_items_table',5),(93,'2023_05_17_025812_fix_invoice_issue',5),(94,'2023_05_26_073140_move_option_make_phone_field_optional_at_checkout_page_to_mandatory_fields',5),(95,'2023_05_27_144611_fix_exchange_rate_setting',5),(96,'2023_06_22_084331_add_generate_license_code_to_ec_products_table',5),(97,'2023_06_30_042512_create_ec_order_tax_information_table',5),(98,'2023_07_14_022724_remove_column_id_from_ec_product_collection_products',5),(99,'2023_08_09_012940_remove_column_status_in_ec_product_attributes',5),(100,'2023_08_15_064505_create_ec_tax_rules_table',5),(101,'2023_08_21_021819_make_column_address_in_ec_customer_addresses_nullable',5),(102,'2023_08_22_094114_drop_unique_for_barcode',5),(103,'2023_08_30_031811_add_apply_via_url_column_to_ec_discounts_table',5),(104,'2023_09_07_094312_add_index_to_product_sku_and_translations',5),(105,'2023_09_19_024955_create_discount_product_categories_table',5),(106,'2023_10_17_070728_add_icon_and_icon_image_to_product_categories_table',5),(107,'2018_07_09_221238_create_faq_table',6),(108,'2021_12_03_082134_create_faq_translations',6),(109,'2016_10_13_150201_create_galleries_table',7),(110,'2021_12_03_082953_create_gallery_translations',7),(111,'2022_04_30_034048_create_gallery_meta_translations_table',7),(112,'2023_08_29_075308_make_column_user_id_nullable',7),(113,'2016_10_03_032336_create_languages_table',8),(114,'2023_09_14_022423_add_index_for_language_table',8),(115,'2021_10_25_021023_fix-priority-load-for-language-advanced',9),(116,'2021_12_03_075608_create_page_translations',9),(117,'2023_07_06_011444_create_slug_translations_table',9),(118,'2019_11_18_061011_create_country_table',10),(119,'2021_12_03_084118_create_location_translations',10),(120,'2021_12_03_094518_migrate_old_location_data',10),(121,'2021_12_10_034440_switch_plugin_location_to_use_language_advanced',10),(122,'2022_01_16_085908_improve_plugin_location',10),(123,'2022_08_04_052122_delete_location_backup_tables',10),(124,'2023_04_23_061847_increase_state_translations_abbreviation_column',10),(125,'2023_07_26_041451_add_more_columns_to_location_table',10),(126,'2023_07_27_041451_add_more_columns_to_location_translation_table',10),(127,'2023_08_15_073307_drop_unique_in_states_cities_translations',10),(128,'2023_10_21_065016_make_state_id_in_table_cities_nullable',10),(129,'2017_10_24_154832_create_newsletter_table',11),(130,'2017_05_18_080441_create_payment_tables',12),(131,'2021_03_27_144913_add_customer_type_into_table_payments',12),(132,'2021_05_24_034720_make_column_currency_nullable',12),(133,'2021_08_09_161302_add_metadata_column_to_payments_table',12),(134,'2021_10_19_020859_update_metadata_field',12),(135,'2022_06_28_151901_activate_paypal_stripe_plugin',12),(136,'2022_07_07_153354_update_charge_id_in_table_payments',12),(137,'2017_07_11_140018_create_simple_slider_table',13),(138,'2016_10_07_193005_create_translations_table',14);
/*!40000 ALTER TABLE `migrations` ENABLE KEYS */;
UNLOCK TABLES;

--
-- Table structure for table `newsletters`
--

DROP TABLE IF EXISTS `newsletters`;
/*!40101 SET @saved_cs_client     = @@character_set_client */;
/*!50503 SET character_set_client = utf8mb4 */;
CREATE TABLE `newsletters` (
  `id` bigint unsigned NOT NULL AUTO_INCREMENT,
  `email` varchar(120) COLLATE utf8mb4_unicode_ci NOT NULL,
  `name` varchar(120) COLLATE utf8mb4_unicode_ci DEFAULT NULL,
  `status` varchar(60) COLLATE utf8mb4_unicode_ci NOT NULL DEFAULT 'subscribed',
  `created_at` timestamp NULL DEFAULT NULL,
  `updated_at` timestamp NULL DEFAULT NULL,
  PRIMARY KEY (`id`)
) ENGINE=InnoDB DEFAULT CHARSET=utf8mb4 COLLATE=utf8mb4_unicode_ci;
/*!40101 SET character_set_client = @saved_cs_client */;

--
-- Dumping data for table `newsletters`
--

LOCK TABLES `newsletters` WRITE;
/*!40000 ALTER TABLE `newsletters` DISABLE KEYS */;
/*!40000 ALTER TABLE `newsletters` ENABLE KEYS */;
UNLOCK TABLES;

--
-- Table structure for table `pages`
--

DROP TABLE IF EXISTS `pages`;
/*!40101 SET @saved_cs_client     = @@character_set_client */;
/*!50503 SET character_set_client = utf8mb4 */;
CREATE TABLE `pages` (
  `id` bigint unsigned NOT NULL AUTO_INCREMENT,
  `name` varchar(120) COLLATE utf8mb4_unicode_ci NOT NULL,
  `content` longtext COLLATE utf8mb4_unicode_ci,
  `user_id` bigint unsigned DEFAULT NULL,
  `image` varchar(255) COLLATE utf8mb4_unicode_ci DEFAULT NULL,
  `template` varchar(60) COLLATE utf8mb4_unicode_ci DEFAULT NULL,
  `description` varchar(400) COLLATE utf8mb4_unicode_ci DEFAULT NULL,
  `status` varchar(60) COLLATE utf8mb4_unicode_ci NOT NULL DEFAULT 'published',
  `created_at` timestamp NULL DEFAULT NULL,
  `updated_at` timestamp NULL DEFAULT NULL,
  PRIMARY KEY (`id`),
  KEY `pages_user_id_index` (`user_id`)
) ENGINE=InnoDB AUTO_INCREMENT=6 DEFAULT CHARSET=utf8mb4 COLLATE=utf8mb4_unicode_ci;
/*!40101 SET character_set_client = @saved_cs_client */;

--
-- Dumping data for table `pages`
--

LOCK TABLES `pages` WRITE;
/*!40000 ALTER TABLE `pages` DISABLE KEYS */;
INSERT INTO `pages` VALUES (1,'Homepage','<div>[simple-slider key=\"home-slider\"][/simple-slider]</div><div>[featured-product-categories title=\"Top Categories\" subtitle=\"Lorem ipsum dolor sit amet, consectetur adipiscing elit. Phasellus blandit massa enim Nullam nunc varius.\"][/featured-product-categories]</div><div>[product-collections title=\"A change of Season\" subtitle=\"Update your wardrobe with new seasonal trend\"][/product-collections]</div><div>[flash-sale title=\"Deal of the day\" subtitle=\"Best Deals For You\" show_popup=\"yes\"][/flash-sale]</div><div>[featured-products title=\"Our Picks For You\" subtitle=\"Always find the best ways for you\" limit=\"8\"][/featured-products]</div><div>[trending-products title=\"Trending Products\" subtitle=\"Products on trending\" limit=\"4\"][/trending-products]</div><div>[featured-brands title=\"Our Brands\"][/featured-brands]</div><div>[news title=\"Visit Our Blog\" subtitle=\"Our Blog updated the newest trend of the world regularly\"][/news]</div><div>[theme-galleries title=\"@ OUR GALLERIES\" subtitle=\"Our latest fashion galleries images\" limit=\"8\"][/theme-galleries]</div><div>[site-features icon1=\"icon-truck\" title1=\"FREE SHIPPING\" subtitle1=\"Free shipping on all US order or order above $200\" icon2=\"icon-life-buoy\" title2=\"SUPPORT 24/7\" subtitle2=\"Contact us 24 hours a day, 7 days a week\" icon3=\"icon-refresh-ccw\" title3=\"30 DAYS RETURN\" subtitle3=\"Simply return it within 30 days for an exchange\" icon4=\"icon-shield\" title4=\"100% PAYMENT SECURE\" subtitle4=\"We ensure secure payment with PEV\"][/site-features]</div>',1,NULL,'homepage',NULL,'published','2023-11-15 03:06:01','2023-11-15 03:06:01'),(2,'Blog','<p style=\"text-align: center\">We always share fashion tips with the hope you guys will find the best style for yourself.<br />Besides, we update the fashion trend as soon as we can.<br />Enjoy your journey!</p>',1,NULL,'default',NULL,'published','2023-11-15 03:06:01','2023-11-15 03:06:01'),(3,'Contact','<p>[contact-form][/contact-form]</p>',1,NULL,'default',NULL,'published','2023-11-15 03:06:01','2023-11-15 03:06:01'),(4,'Cookie Policy','<h3>EU Cookie Consent</h3><p>To use this website we are using Cookies and collecting some data. To be compliant with the EU GDPR we give you to choose if you allow us to use certain Cookies and to collect some Data.</p><h4>Essential Data</h4><p>The Essential Data is needed to run the Site you are visiting technically. You can not deactivate them.</p><p>- Session Cookie: PHP uses a Cookie to identify user sessions. Without this Cookie the Website is not working.</p><p>- XSRF-Token Cookie: Laravel automatically generates a CSRF \"token\" for each active user session managed by the application. This token is used to verify that the authenticated user is the one actually making the requests to the application.</p>',1,NULL,'default',NULL,'published','2023-11-15 03:06:01','2023-11-15 03:06:01'),(5,'FAQs','<div>[faqs][/faqs]</div>',1,NULL,'default',NULL,'published','2023-11-15 03:06:01','2023-11-15 03:06:01');
/*!40000 ALTER TABLE `pages` ENABLE KEYS */;
UNLOCK TABLES;

--
-- Table structure for table `pages_translations`
--

DROP TABLE IF EXISTS `pages_translations`;
/*!40101 SET @saved_cs_client     = @@character_set_client */;
/*!50503 SET character_set_client = utf8mb4 */;
CREATE TABLE `pages_translations` (
  `lang_code` varchar(20) COLLATE utf8mb4_unicode_ci NOT NULL,
  `pages_id` bigint unsigned NOT NULL,
  `name` varchar(255) COLLATE utf8mb4_unicode_ci DEFAULT NULL,
  `description` varchar(400) COLLATE utf8mb4_unicode_ci DEFAULT NULL,
  `content` longtext COLLATE utf8mb4_unicode_ci,
  PRIMARY KEY (`lang_code`,`pages_id`)
) ENGINE=InnoDB DEFAULT CHARSET=utf8mb4 COLLATE=utf8mb4_unicode_ci;
/*!40101 SET character_set_client = @saved_cs_client */;

--
-- Dumping data for table `pages_translations`
--

LOCK TABLES `pages_translations` WRITE;
/*!40000 ALTER TABLE `pages_translations` DISABLE KEYS */;
/*!40000 ALTER TABLE `pages_translations` ENABLE KEYS */;
UNLOCK TABLES;

--
-- Table structure for table `password_reset_tokens`
--

DROP TABLE IF EXISTS `password_reset_tokens`;
/*!40101 SET @saved_cs_client     = @@character_set_client */;
/*!50503 SET character_set_client = utf8mb4 */;
CREATE TABLE `password_reset_tokens` (
  `email` varchar(191) COLLATE utf8mb4_unicode_ci NOT NULL,
  `token` varchar(191) COLLATE utf8mb4_unicode_ci NOT NULL,
  `created_at` timestamp NULL DEFAULT NULL,
  PRIMARY KEY (`email`)
) ENGINE=InnoDB DEFAULT CHARSET=utf8mb4 COLLATE=utf8mb4_unicode_ci;
/*!40101 SET character_set_client = @saved_cs_client */;

--
-- Dumping data for table `password_reset_tokens`
--

LOCK TABLES `password_reset_tokens` WRITE;
/*!40000 ALTER TABLE `password_reset_tokens` DISABLE KEYS */;
/*!40000 ALTER TABLE `password_reset_tokens` ENABLE KEYS */;
UNLOCK TABLES;

--
-- Table structure for table `payments`
--

DROP TABLE IF EXISTS `payments`;
/*!40101 SET @saved_cs_client     = @@character_set_client */;
/*!50503 SET character_set_client = utf8mb4 */;
CREATE TABLE `payments` (
  `id` bigint unsigned NOT NULL AUTO_INCREMENT,
  `currency` varchar(120) COLLATE utf8mb4_unicode_ci DEFAULT NULL,
  `user_id` bigint unsigned NOT NULL DEFAULT '0',
  `charge_id` varchar(255) COLLATE utf8mb4_unicode_ci DEFAULT NULL,
  `payment_channel` varchar(60) COLLATE utf8mb4_unicode_ci DEFAULT NULL,
  `description` varchar(255) COLLATE utf8mb4_unicode_ci DEFAULT NULL,
  `amount` decimal(15,2) unsigned NOT NULL,
  `order_id` bigint unsigned DEFAULT NULL,
  `status` varchar(60) COLLATE utf8mb4_unicode_ci DEFAULT 'pending',
  `payment_type` varchar(191) COLLATE utf8mb4_unicode_ci DEFAULT 'confirm',
  `customer_id` bigint unsigned DEFAULT NULL,
  `refunded_amount` decimal(15,2) unsigned DEFAULT NULL,
  `refund_note` varchar(255) COLLATE utf8mb4_unicode_ci DEFAULT NULL,
  `created_at` timestamp NULL DEFAULT NULL,
  `updated_at` timestamp NULL DEFAULT NULL,
  `customer_type` varchar(255) COLLATE utf8mb4_unicode_ci DEFAULT NULL,
  `metadata` mediumtext COLLATE utf8mb4_unicode_ci,
  PRIMARY KEY (`id`)
) ENGINE=InnoDB AUTO_INCREMENT=21 DEFAULT CHARSET=utf8mb4 COLLATE=utf8mb4_unicode_ci;
/*!40101 SET character_set_client = @saved_cs_client */;

--
-- Dumping data for table `payments`
--

LOCK TABLES `payments` WRITE;
/*!40000 ALTER TABLE `payments` DISABLE KEYS */;
INSERT INTO `payments` VALUES (1,'USD',0,'GUALWL1PWJ','paypal',NULL,1132.00,1,'completed','confirm',8,NULL,NULL,'2023-11-15 03:05:58','2023-11-15 03:05:58','Botble\\Ecommerce\\Models\\Customer',NULL),(2,'USD',0,'W5BKPFGYUZ','sslcommerz',NULL,707.00,2,'completed','confirm',6,NULL,NULL,'2023-11-15 03:05:58','2023-11-15 03:05:58','Botble\\Ecommerce\\Models\\Customer',NULL),(3,'USD',0,'IST87MBGDI','bank_transfer',NULL,651.00,3,'pending','confirm',8,NULL,NULL,'2023-11-15 03:05:58','2023-11-15 03:05:58','Botble\\Ecommerce\\Models\\Customer',NULL),(4,'USD',0,'Y3XJM1IJWN','paystack',NULL,477.00,4,'completed','confirm',4,NULL,NULL,'2023-11-15 03:05:58','2023-11-15 03:05:58','Botble\\Ecommerce\\Models\\Customer',NULL),(5,'USD',0,'FXYQB0UKRC','cod',NULL,1221.00,5,'pending','confirm',10,NULL,NULL,'2023-11-15 03:05:58','2023-11-15 03:05:58','Botble\\Ecommerce\\Models\\Customer',NULL),(6,'USD',0,'CPBEQLM2UM','razorpay',NULL,411.00,6,'completed','confirm',9,NULL,NULL,'2023-11-15 03:05:58','2023-11-15 03:05:58','Botble\\Ecommerce\\Models\\Customer',NULL),(7,'USD',0,'6THSEFOISE','sslcommerz',NULL,405.00,7,'completed','confirm',2,NULL,NULL,'2023-11-15 03:05:58','2023-11-15 03:05:58','Botble\\Ecommerce\\Models\\Customer',NULL),(8,'USD',0,'U7DP0XQWVN','mollie',NULL,737.00,8,'completed','confirm',4,NULL,NULL,'2023-11-15 03:05:58','2023-11-15 03:05:58','Botble\\Ecommerce\\Models\\Customer',NULL),(9,'USD',0,'PKSPRY2HTP','cod',NULL,112.00,9,'pending','confirm',2,NULL,NULL,'2023-11-15 03:05:58','2023-11-15 03:05:58','Botble\\Ecommerce\\Models\\Customer',NULL),(10,'USD',0,'IZD7LWEIX8','bank_transfer',NULL,368.00,10,'pending','confirm',7,NULL,NULL,'2023-11-15 03:05:58','2023-11-15 03:05:58','Botble\\Ecommerce\\Models\\Customer',NULL),(11,'USD',0,'7I2TPEVME7','stripe',NULL,2061.00,11,'completed','confirm',5,NULL,NULL,'2023-11-15 03:05:58','2023-11-15 03:05:58','Botble\\Ecommerce\\Models\\Customer',NULL),(12,'USD',0,'DANJRO1BIR','paypal',NULL,260.00,12,'completed','confirm',7,NULL,NULL,'2023-11-15 03:05:58','2023-11-15 03:05:58','Botble\\Ecommerce\\Models\\Customer',NULL),(13,'USD',0,'KMSDCNVUZU','sslcommerz',NULL,1476.00,13,'completed','confirm',6,NULL,NULL,'2023-11-15 03:05:58','2023-11-15 03:05:58','Botble\\Ecommerce\\Models\\Customer',NULL),(14,'USD',0,'8BXDJZ3871','paystack',NULL,1656.00,14,'completed','confirm',4,NULL,NULL,'2023-11-15 03:05:58','2023-11-15 03:05:58','Botble\\Ecommerce\\Models\\Customer',NULL),(15,'USD',0,'ELO9UW5FR9','paystack',NULL,216.00,15,'completed','confirm',4,NULL,NULL,'2023-11-15 03:05:58','2023-11-15 03:05:58','Botble\\Ecommerce\\Models\\Customer',NULL),(16,'USD',0,'83JUJ2C3J5','bank_transfer',NULL,651.00,16,'pending','confirm',10,NULL,NULL,'2023-11-15 03:05:58','2023-11-15 03:05:58','Botble\\Ecommerce\\Models\\Customer',NULL),(17,'USD',0,'5IX1PU5TBR','paypal',NULL,1824.00,17,'completed','confirm',4,NULL,NULL,'2023-11-15 03:05:58','2023-11-15 03:05:58','Botble\\Ecommerce\\Models\\Customer',NULL),(18,'USD',0,'ANX4CKS8MZ','bank_transfer',NULL,747.00,18,'pending','confirm',8,NULL,NULL,'2023-11-15 03:05:59','2023-11-15 03:05:59','Botble\\Ecommerce\\Models\\Customer',NULL),(19,'USD',0,'RTEOEM0ZNP','stripe',NULL,651.00,19,'completed','confirm',10,NULL,NULL,'2023-11-15 03:05:59','2023-11-15 03:05:59','Botble\\Ecommerce\\Models\\Customer',NULL),(20,'USD',0,'FKDJIDIDXK','bank_transfer',NULL,738.00,20,'pending','confirm',3,NULL,NULL,'2023-11-15 03:05:59','2023-11-15 03:05:59','Botble\\Ecommerce\\Models\\Customer',NULL);
/*!40000 ALTER TABLE `payments` ENABLE KEYS */;
UNLOCK TABLES;

--
-- Table structure for table `personal_access_tokens`
--

DROP TABLE IF EXISTS `personal_access_tokens`;
/*!40101 SET @saved_cs_client     = @@character_set_client */;
/*!50503 SET character_set_client = utf8mb4 */;
CREATE TABLE `personal_access_tokens` (
  `id` bigint unsigned NOT NULL AUTO_INCREMENT,
  `tokenable_type` varchar(191) COLLATE utf8mb4_unicode_ci NOT NULL,
  `tokenable_id` bigint unsigned NOT NULL,
  `name` varchar(191) COLLATE utf8mb4_unicode_ci NOT NULL,
  `token` varchar(64) COLLATE utf8mb4_unicode_ci NOT NULL,
  `abilities` text COLLATE utf8mb4_unicode_ci,
  `last_used_at` timestamp NULL DEFAULT NULL,
  `expires_at` timestamp NULL DEFAULT NULL,
  `created_at` timestamp NULL DEFAULT NULL,
  `updated_at` timestamp NULL DEFAULT NULL,
  PRIMARY KEY (`id`),
  UNIQUE KEY `personal_access_tokens_token_unique` (`token`),
  KEY `personal_access_tokens_tokenable_type_tokenable_id_index` (`tokenable_type`,`tokenable_id`)
) ENGINE=InnoDB DEFAULT CHARSET=utf8mb4 COLLATE=utf8mb4_unicode_ci;
/*!40101 SET character_set_client = @saved_cs_client */;

--
-- Dumping data for table `personal_access_tokens`
--

LOCK TABLES `personal_access_tokens` WRITE;
/*!40000 ALTER TABLE `personal_access_tokens` DISABLE KEYS */;
/*!40000 ALTER TABLE `personal_access_tokens` ENABLE KEYS */;
UNLOCK TABLES;

--
-- Table structure for table `post_categories`
--

DROP TABLE IF EXISTS `post_categories`;
/*!40101 SET @saved_cs_client     = @@character_set_client */;
/*!50503 SET character_set_client = utf8mb4 */;
CREATE TABLE `post_categories` (
  `category_id` bigint unsigned NOT NULL,
  `post_id` bigint unsigned NOT NULL,
  KEY `post_categories_category_id_index` (`category_id`),
  KEY `post_categories_post_id_index` (`post_id`)
) ENGINE=InnoDB DEFAULT CHARSET=utf8mb4 COLLATE=utf8mb4_unicode_ci;
/*!40101 SET character_set_client = @saved_cs_client */;

--
-- Dumping data for table `post_categories`
--

LOCK TABLES `post_categories` WRITE;
/*!40000 ALTER TABLE `post_categories` DISABLE KEYS */;
INSERT INTO `post_categories` VALUES (2,1),(4,1),(1,2),(4,2),(1,3),(4,3),(1,4),(3,4),(2,5),(4,5),(1,6),(3,6),(2,7),(3,7),(1,8),(3,8),(2,9),(4,9),(1,10),(4,10),(1,11),(4,11);
/*!40000 ALTER TABLE `post_categories` ENABLE KEYS */;
UNLOCK TABLES;

--
-- Table structure for table `post_tags`
--

DROP TABLE IF EXISTS `post_tags`;
/*!40101 SET @saved_cs_client     = @@character_set_client */;
/*!50503 SET character_set_client = utf8mb4 */;
CREATE TABLE `post_tags` (
  `tag_id` bigint unsigned NOT NULL,
  `post_id` bigint unsigned NOT NULL,
  KEY `post_tags_tag_id_index` (`tag_id`),
  KEY `post_tags_post_id_index` (`post_id`)
) ENGINE=InnoDB DEFAULT CHARSET=utf8mb4 COLLATE=utf8mb4_unicode_ci;
/*!40101 SET character_set_client = @saved_cs_client */;

--
-- Dumping data for table `post_tags`
--

LOCK TABLES `post_tags` WRITE;
/*!40000 ALTER TABLE `post_tags` DISABLE KEYS */;
INSERT INTO `post_tags` VALUES (1,1),(2,1),(3,1),(4,1),(5,1),(1,2),(2,2),(3,2),(4,2),(5,2),(1,3),(2,3),(3,3),(4,3),(5,3),(1,4),(2,4),(3,4),(4,4),(5,4),(1,5),(2,5),(3,5),(4,5),(5,5),(1,6),(2,6),(3,6),(4,6),(5,6),(1,7),(2,7),(3,7),(4,7),(5,7),(1,8),(2,8),(3,8),(4,8),(5,8),(1,9),(2,9),(3,9),(4,9),(5,9),(1,10),(2,10),(3,10),(4,10),(5,10),(1,11),(2,11),(3,11),(4,11),(5,11);
/*!40000 ALTER TABLE `post_tags` ENABLE KEYS */;
UNLOCK TABLES;

--
-- Table structure for table `posts`
--

DROP TABLE IF EXISTS `posts`;
/*!40101 SET @saved_cs_client     = @@character_set_client */;
/*!50503 SET character_set_client = utf8mb4 */;
CREATE TABLE `posts` (
  `id` bigint unsigned NOT NULL AUTO_INCREMENT,
  `name` varchar(255) COLLATE utf8mb4_unicode_ci NOT NULL,
  `description` varchar(400) COLLATE utf8mb4_unicode_ci DEFAULT NULL,
  `content` longtext COLLATE utf8mb4_unicode_ci,
  `status` varchar(60) COLLATE utf8mb4_unicode_ci NOT NULL DEFAULT 'published',
  `author_id` bigint unsigned DEFAULT NULL,
  `author_type` varchar(255) COLLATE utf8mb4_unicode_ci NOT NULL DEFAULT 'Botble\\ACL\\Models\\User',
  `is_featured` tinyint unsigned NOT NULL DEFAULT '0',
  `image` varchar(255) COLLATE utf8mb4_unicode_ci DEFAULT NULL,
  `views` int unsigned NOT NULL DEFAULT '0',
  `format_type` varchar(30) COLLATE utf8mb4_unicode_ci DEFAULT NULL,
  `created_at` timestamp NULL DEFAULT NULL,
  `updated_at` timestamp NULL DEFAULT NULL,
  PRIMARY KEY (`id`),
  KEY `posts_status_index` (`status`),
  KEY `posts_author_id_index` (`author_id`),
  KEY `posts_author_type_index` (`author_type`),
  KEY `posts_created_at_index` (`created_at`)
) ENGINE=InnoDB AUTO_INCREMENT=12 DEFAULT CHARSET=utf8mb4 COLLATE=utf8mb4_unicode_ci;
/*!40101 SET character_set_client = @saved_cs_client */;

--
-- Dumping data for table `posts`
--

LOCK TABLES `posts` WRITE;
/*!40000 ALTER TABLE `posts` DISABLE KEYS */;
INSERT INTO `posts` VALUES (1,'4 Expert Tips On How To Choose The Right Men’s Wallet','You should pay more attention when you choose your wallets. There are a lot of them on the market with the different designs and styles. When you choose carefully, you would be able to buy a wallet that is catered to your needs. Not to mention that it will help to enhance your style significantly.','<p>I have seen many people underestimating the power of their wallets. To them, they are just a functional item they use to carry. As a result, they often end up with the wallets which are not really suitable for them.</p>\n\n<p>You should pay more attention when you choose your wallets. There are a lot of them on the market with the different designs and styles. When you choose carefully, you would be able to buy a wallet that is catered to your needs. Not to mention that it will help to enhance your style significantly.</p>\n\n<p style=\"text-align:center\"><img alt=\"f4\" src=\"/storage/news/1.jpg\" /></p>\n\n<p><br />\n&nbsp;</p>\n\n<p><strong><em>For all of the reason above, here are 7 expert tips to help you pick up the right men&rsquo;s wallet for you:</em></strong></p>\n\n<h4><strong>Number 1: Choose A Neat Wallet</strong></h4>\n\n<p>The wallet is an essential accessory that you should go simple. Simplicity is the best in this case. A simple and neat wallet with the plain color and even&nbsp;<strong>minimalist style</strong>&nbsp;is versatile. It can be used for both formal and casual events. In addition, that wallet will go well with most of the clothes in your wardrobe.</p>\n\n<p>Keep in mind that a wallet will tell other people about your personality and your fashion sense as much as other clothes you put on. Hence, don&rsquo;t go cheesy on your wallet or else people will think that you have a funny and particular style.</p>\n\n<p style=\"text-align:center\"><img alt=\"f5\" src=\"/storage/news/2.jpg\" /></p>\n\n<p><br />\n&nbsp;</p>\n<hr />\n<h4><strong>Number 2: Choose The Right Size For Your Wallet</strong></h4>\n\n<p>You should avoid having an over-sized wallet. Don&rsquo;t think that you need to buy a big wallet because you have a lot to carry with you. In addition, a fat wallet is very ugly. It will make it harder for you to slide the wallet into your trousers&rsquo; pocket. In addition, it will create a bulge and ruin your look.</p>\n\n<p>Before you go on to buy a new wallet, clean out your wallet and place all of the items from your wallet on a table. Throw away things that you would never need any more such as the old bills or the expired gift cards. Remember to check your wallet on a frequent basis to get rid of all of the old stuff that you don&rsquo;t need anymore.</p>\n\n<p style=\"text-align:center\"><img alt=\"f1\" src=\"/storage/news/3.jpg\" /></p>\n\n<p><br />\n&nbsp;</p>\n\n<hr />\n<h4><strong>Number 3: Don&rsquo;t Limit Your Options Of Materials</strong></h4>\n\n<p>The types and designs of wallets are not the only things that you should consider when you go out searching for your best wallet. You have more than 1 option of material rather than leather to choose from as well.</p>\n\n<p>You can experiment with other available options such as cotton, polyester and canvas. They all have their own pros and cons. As a result, they will be suitable for different needs and requirements. You should think about them all in order to choose the material which you would like the most.</p>\n\n<p style=\"text-align:center\"><img alt=\"f6\" height=\"375\" src=\"/storage/news/4.jpg\" /></p>\n\n<p><br />\n&nbsp;</p>\n\n<hr />\n<h4><strong>Number 4: Consider A Wallet As A Long Term Investment</strong></h4>\n\n<p>Your wallet is indeed an investment that you should consider spending a decent amount of time and effort on it. Another factor that you need to consider is how much you want to spend on your wallet. The price ranges of wallets on the market vary a great deal. You can find a wallet which is as cheap as about 5 to 7 dollars. On the other hand, you should expect to pay around 250 to 300 dollars for a high-quality wallet.</p>\n\n<p>In case you need a wallet to use for a long time, it is a good idea that you should invest a decent amount of money on a wallet. A high quality wallet from a reputational brand with the premium quality such as cowhide leather will last for a long time. In addition, it is an accessory to show off your fashion sense and your social status.</p>\n\n<p style=\"text-align:center\"><img alt=\"f2\" height=\"400\" src=\"/storage/news/5.jpg\" /></p>\n\n<p>&nbsp;</p>\n','published',NULL,'Botble\\ACL\\Models\\User',1,'news/1.jpg',1456,NULL,'2023-11-15 03:06:00','2023-11-15 03:06:00'),(2,'Sexy Clutches: How to Buy &amp; Wear a Designer Clutch Bag','You should pay more attention when you choose your wallets. There are a lot of them on the market with the different designs and styles. When you choose carefully, you would be able to buy a wallet that is catered to your needs. Not to mention that it will help to enhance your style significantly.','<p>I have seen many people underestimating the power of their wallets. To them, they are just a functional item they use to carry. As a result, they often end up with the wallets which are not really suitable for them.</p>\n\n<p>You should pay more attention when you choose your wallets. There are a lot of them on the market with the different designs and styles. When you choose carefully, you would be able to buy a wallet that is catered to your needs. Not to mention that it will help to enhance your style significantly.</p>\n\n<p style=\"text-align:center\"><img alt=\"f4\" src=\"/storage/news/1.jpg\" /></p>\n\n<p><br />\n&nbsp;</p>\n\n<p><strong><em>For all of the reason above, here are 7 expert tips to help you pick up the right men&rsquo;s wallet for you:</em></strong></p>\n\n<h4><strong>Number 1: Choose A Neat Wallet</strong></h4>\n\n<p>The wallet is an essential accessory that you should go simple. Simplicity is the best in this case. A simple and neat wallet with the plain color and even&nbsp;<strong>minimalist style</strong>&nbsp;is versatile. It can be used for both formal and casual events. In addition, that wallet will go well with most of the clothes in your wardrobe.</p>\n\n<p>Keep in mind that a wallet will tell other people about your personality and your fashion sense as much as other clothes you put on. Hence, don&rsquo;t go cheesy on your wallet or else people will think that you have a funny and particular style.</p>\n\n<p style=\"text-align:center\"><img alt=\"f5\" src=\"/storage/news/2.jpg\" /></p>\n\n<p><br />\n&nbsp;</p>\n<hr />\n<h4><strong>Number 2: Choose The Right Size For Your Wallet</strong></h4>\n\n<p>You should avoid having an over-sized wallet. Don&rsquo;t think that you need to buy a big wallet because you have a lot to carry with you. In addition, a fat wallet is very ugly. It will make it harder for you to slide the wallet into your trousers&rsquo; pocket. In addition, it will create a bulge and ruin your look.</p>\n\n<p>Before you go on to buy a new wallet, clean out your wallet and place all of the items from your wallet on a table. Throw away things that you would never need any more such as the old bills or the expired gift cards. Remember to check your wallet on a frequent basis to get rid of all of the old stuff that you don&rsquo;t need anymore.</p>\n\n<p style=\"text-align:center\"><img alt=\"f1\" src=\"/storage/news/3.jpg\" /></p>\n\n<p><br />\n&nbsp;</p>\n\n<hr />\n<h4><strong>Number 3: Don&rsquo;t Limit Your Options Of Materials</strong></h4>\n\n<p>The types and designs of wallets are not the only things that you should consider when you go out searching for your best wallet. You have more than 1 option of material rather than leather to choose from as well.</p>\n\n<p>You can experiment with other available options such as cotton, polyester and canvas. They all have their own pros and cons. As a result, they will be suitable for different needs and requirements. You should think about them all in order to choose the material which you would like the most.</p>\n\n<p style=\"text-align:center\"><img alt=\"f6\" height=\"375\" src=\"/storage/news/4.jpg\" /></p>\n\n<p><br />\n&nbsp;</p>\n\n<hr />\n<h4><strong>Number 4: Consider A Wallet As A Long Term Investment</strong></h4>\n\n<p>Your wallet is indeed an investment that you should consider spending a decent amount of time and effort on it. Another factor that you need to consider is how much you want to spend on your wallet. The price ranges of wallets on the market vary a great deal. You can find a wallet which is as cheap as about 5 to 7 dollars. On the other hand, you should expect to pay around 250 to 300 dollars for a high-quality wallet.</p>\n\n<p>In case you need a wallet to use for a long time, it is a good idea that you should invest a decent amount of money on a wallet. A high quality wallet from a reputational brand with the premium quality such as cowhide leather will last for a long time. In addition, it is an accessory to show off your fashion sense and your social status.</p>\n\n<p style=\"text-align:center\"><img alt=\"f2\" height=\"400\" src=\"/storage/news/5.jpg\" /></p>\n\n<p>&nbsp;</p>\n','published',NULL,'Botble\\ACL\\Models\\User',1,'news/2.jpg',1146,NULL,'2023-11-15 03:06:00','2023-11-15 03:06:00'),(3,'The Top 2020 Handbag Trends to Know','You should pay more attention when you choose your wallets. There are a lot of them on the market with the different designs and styles. When you choose carefully, you would be able to buy a wallet that is catered to your needs. Not to mention that it will help to enhance your style significantly.','<p>I have seen many people underestimating the power of their wallets. To them, they are just a functional item they use to carry. As a result, they often end up with the wallets which are not really suitable for them.</p>\n\n<p>You should pay more attention when you choose your wallets. There are a lot of them on the market with the different designs and styles. When you choose carefully, you would be able to buy a wallet that is catered to your needs. Not to mention that it will help to enhance your style significantly.</p>\n\n<p style=\"text-align:center\"><img alt=\"f4\" src=\"/storage/news/1.jpg\" /></p>\n\n<p><br />\n&nbsp;</p>\n\n<p><strong><em>For all of the reason above, here are 7 expert tips to help you pick up the right men&rsquo;s wallet for you:</em></strong></p>\n\n<h4><strong>Number 1: Choose A Neat Wallet</strong></h4>\n\n<p>The wallet is an essential accessory that you should go simple. Simplicity is the best in this case. A simple and neat wallet with the plain color and even&nbsp;<strong>minimalist style</strong>&nbsp;is versatile. It can be used for both formal and casual events. In addition, that wallet will go well with most of the clothes in your wardrobe.</p>\n\n<p>Keep in mind that a wallet will tell other people about your personality and your fashion sense as much as other clothes you put on. Hence, don&rsquo;t go cheesy on your wallet or else people will think that you have a funny and particular style.</p>\n\n<p style=\"text-align:center\"><img alt=\"f5\" src=\"/storage/news/2.jpg\" /></p>\n\n<p><br />\n&nbsp;</p>\n<hr />\n<h4><strong>Number 2: Choose The Right Size For Your Wallet</strong></h4>\n\n<p>You should avoid having an over-sized wallet. Don&rsquo;t think that you need to buy a big wallet because you have a lot to carry with you. In addition, a fat wallet is very ugly. It will make it harder for you to slide the wallet into your trousers&rsquo; pocket. In addition, it will create a bulge and ruin your look.</p>\n\n<p>Before you go on to buy a new wallet, clean out your wallet and place all of the items from your wallet on a table. Throw away things that you would never need any more such as the old bills or the expired gift cards. Remember to check your wallet on a frequent basis to get rid of all of the old stuff that you don&rsquo;t need anymore.</p>\n\n<p style=\"text-align:center\"><img alt=\"f1\" src=\"/storage/news/3.jpg\" /></p>\n\n<p><br />\n&nbsp;</p>\n\n<hr />\n<h4><strong>Number 3: Don&rsquo;t Limit Your Options Of Materials</strong></h4>\n\n<p>The types and designs of wallets are not the only things that you should consider when you go out searching for your best wallet. You have more than 1 option of material rather than leather to choose from as well.</p>\n\n<p>You can experiment with other available options such as cotton, polyester and canvas. They all have their own pros and cons. As a result, they will be suitable for different needs and requirements. You should think about them all in order to choose the material which you would like the most.</p>\n\n<p style=\"text-align:center\"><img alt=\"f6\" height=\"375\" src=\"/storage/news/4.jpg\" /></p>\n\n<p><br />\n&nbsp;</p>\n\n<hr />\n<h4><strong>Number 4: Consider A Wallet As A Long Term Investment</strong></h4>\n\n<p>Your wallet is indeed an investment that you should consider spending a decent amount of time and effort on it. Another factor that you need to consider is how much you want to spend on your wallet. The price ranges of wallets on the market vary a great deal. You can find a wallet which is as cheap as about 5 to 7 dollars. On the other hand, you should expect to pay around 250 to 300 dollars for a high-quality wallet.</p>\n\n<p>In case you need a wallet to use for a long time, it is a good idea that you should invest a decent amount of money on a wallet. A high quality wallet from a reputational brand with the premium quality such as cowhide leather will last for a long time. In addition, it is an accessory to show off your fashion sense and your social status.</p>\n\n<p style=\"text-align:center\"><img alt=\"f2\" height=\"400\" src=\"/storage/news/5.jpg\" /></p>\n\n<p>&nbsp;</p>\n','published',NULL,'Botble\\ACL\\Models\\User',1,'news/3.jpg',2250,NULL,'2023-11-15 03:06:00','2023-11-15 03:06:00'),(4,'How to Match the Color of Your Handbag With an Outfit','You should pay more attention when you choose your wallets. There are a lot of them on the market with the different designs and styles. When you choose carefully, you would be able to buy a wallet that is catered to your needs. Not to mention that it will help to enhance your style significantly.','<p>I have seen many people underestimating the power of their wallets. To them, they are just a functional item they use to carry. As a result, they often end up with the wallets which are not really suitable for them.</p>\n\n<p>You should pay more attention when you choose your wallets. There are a lot of them on the market with the different designs and styles. When you choose carefully, you would be able to buy a wallet that is catered to your needs. Not to mention that it will help to enhance your style significantly.</p>\n\n<p style=\"text-align:center\"><img alt=\"f4\" src=\"/storage/news/1.jpg\" /></p>\n\n<p><br />\n&nbsp;</p>\n\n<p><strong><em>For all of the reason above, here are 7 expert tips to help you pick up the right men&rsquo;s wallet for you:</em></strong></p>\n\n<h4><strong>Number 1: Choose A Neat Wallet</strong></h4>\n\n<p>The wallet is an essential accessory that you should go simple. Simplicity is the best in this case. A simple and neat wallet with the plain color and even&nbsp;<strong>minimalist style</strong>&nbsp;is versatile. It can be used for both formal and casual events. In addition, that wallet will go well with most of the clothes in your wardrobe.</p>\n\n<p>Keep in mind that a wallet will tell other people about your personality and your fashion sense as much as other clothes you put on. Hence, don&rsquo;t go cheesy on your wallet or else people will think that you have a funny and particular style.</p>\n\n<p style=\"text-align:center\"><img alt=\"f5\" src=\"/storage/news/2.jpg\" /></p>\n\n<p><br />\n&nbsp;</p>\n<hr />\n<h4><strong>Number 2: Choose The Right Size For Your Wallet</strong></h4>\n\n<p>You should avoid having an over-sized wallet. Don&rsquo;t think that you need to buy a big wallet because you have a lot to carry with you. In addition, a fat wallet is very ugly. It will make it harder for you to slide the wallet into your trousers&rsquo; pocket. In addition, it will create a bulge and ruin your look.</p>\n\n<p>Before you go on to buy a new wallet, clean out your wallet and place all of the items from your wallet on a table. Throw away things that you would never need any more such as the old bills or the expired gift cards. Remember to check your wallet on a frequent basis to get rid of all of the old stuff that you don&rsquo;t need anymore.</p>\n\n<p style=\"text-align:center\"><img alt=\"f1\" src=\"/storage/news/3.jpg\" /></p>\n\n<p><br />\n&nbsp;</p>\n\n<hr />\n<h4><strong>Number 3: Don&rsquo;t Limit Your Options Of Materials</strong></h4>\n\n<p>The types and designs of wallets are not the only things that you should consider when you go out searching for your best wallet. You have more than 1 option of material rather than leather to choose from as well.</p>\n\n<p>You can experiment with other available options such as cotton, polyester and canvas. They all have their own pros and cons. As a result, they will be suitable for different needs and requirements. You should think about them all in order to choose the material which you would like the most.</p>\n\n<p style=\"text-align:center\"><img alt=\"f6\" height=\"375\" src=\"/storage/news/4.jpg\" /></p>\n\n<p><br />\n&nbsp;</p>\n\n<hr />\n<h4><strong>Number 4: Consider A Wallet As A Long Term Investment</strong></h4>\n\n<p>Your wallet is indeed an investment that you should consider spending a decent amount of time and effort on it. Another factor that you need to consider is how much you want to spend on your wallet. The price ranges of wallets on the market vary a great deal. You can find a wallet which is as cheap as about 5 to 7 dollars. On the other hand, you should expect to pay around 250 to 300 dollars for a high-quality wallet.</p>\n\n<p>In case you need a wallet to use for a long time, it is a good idea that you should invest a decent amount of money on a wallet. A high quality wallet from a reputational brand with the premium quality such as cowhide leather will last for a long time. In addition, it is an accessory to show off your fashion sense and your social status.</p>\n\n<p style=\"text-align:center\"><img alt=\"f2\" height=\"400\" src=\"/storage/news/5.jpg\" /></p>\n\n<p>&nbsp;</p>\n','published',NULL,'Botble\\ACL\\Models\\User',1,'news/4.jpg',197,NULL,'2023-11-15 03:06:00','2023-11-15 03:06:00'),(5,'How to Care for Leather Bags','You should pay more attention when you choose your wallets. There are a lot of them on the market with the different designs and styles. When you choose carefully, you would be able to buy a wallet that is catered to your needs. Not to mention that it will help to enhance your style significantly.','<p>I have seen many people underestimating the power of their wallets. To them, they are just a functional item they use to carry. As a result, they often end up with the wallets which are not really suitable for them.</p>\n\n<p>You should pay more attention when you choose your wallets. There are a lot of them on the market with the different designs and styles. When you choose carefully, you would be able to buy a wallet that is catered to your needs. Not to mention that it will help to enhance your style significantly.</p>\n\n<p style=\"text-align:center\"><img alt=\"f4\" src=\"/storage/news/1.jpg\" /></p>\n\n<p><br />\n&nbsp;</p>\n\n<p><strong><em>For all of the reason above, here are 7 expert tips to help you pick up the right men&rsquo;s wallet for you:</em></strong></p>\n\n<h4><strong>Number 1: Choose A Neat Wallet</strong></h4>\n\n<p>The wallet is an essential accessory that you should go simple. Simplicity is the best in this case. A simple and neat wallet with the plain color and even&nbsp;<strong>minimalist style</strong>&nbsp;is versatile. It can be used for both formal and casual events. In addition, that wallet will go well with most of the clothes in your wardrobe.</p>\n\n<p>Keep in mind that a wallet will tell other people about your personality and your fashion sense as much as other clothes you put on. Hence, don&rsquo;t go cheesy on your wallet or else people will think that you have a funny and particular style.</p>\n\n<p style=\"text-align:center\"><img alt=\"f5\" src=\"/storage/news/2.jpg\" /></p>\n\n<p><br />\n&nbsp;</p>\n<hr />\n<h4><strong>Number 2: Choose The Right Size For Your Wallet</strong></h4>\n\n<p>You should avoid having an over-sized wallet. Don&rsquo;t think that you need to buy a big wallet because you have a lot to carry with you. In addition, a fat wallet is very ugly. It will make it harder for you to slide the wallet into your trousers&rsquo; pocket. In addition, it will create a bulge and ruin your look.</p>\n\n<p>Before you go on to buy a new wallet, clean out your wallet and place all of the items from your wallet on a table. Throw away things that you would never need any more such as the old bills or the expired gift cards. Remember to check your wallet on a frequent basis to get rid of all of the old stuff that you don&rsquo;t need anymore.</p>\n\n<p style=\"text-align:center\"><img alt=\"f1\" src=\"/storage/news/3.jpg\" /></p>\n\n<p><br />\n&nbsp;</p>\n\n<hr />\n<h4><strong>Number 3: Don&rsquo;t Limit Your Options Of Materials</strong></h4>\n\n<p>The types and designs of wallets are not the only things that you should consider when you go out searching for your best wallet. You have more than 1 option of material rather than leather to choose from as well.</p>\n\n<p>You can experiment with other available options such as cotton, polyester and canvas. They all have their own pros and cons. As a result, they will be suitable for different needs and requirements. You should think about them all in order to choose the material which you would like the most.</p>\n\n<p style=\"text-align:center\"><img alt=\"f6\" height=\"375\" src=\"/storage/news/4.jpg\" /></p>\n\n<p><br />\n&nbsp;</p>\n\n<hr />\n<h4><strong>Number 4: Consider A Wallet As A Long Term Investment</strong></h4>\n\n<p>Your wallet is indeed an investment that you should consider spending a decent amount of time and effort on it. Another factor that you need to consider is how much you want to spend on your wallet. The price ranges of wallets on the market vary a great deal. You can find a wallet which is as cheap as about 5 to 7 dollars. On the other hand, you should expect to pay around 250 to 300 dollars for a high-quality wallet.</p>\n\n<p>In case you need a wallet to use for a long time, it is a good idea that you should invest a decent amount of money on a wallet. A high quality wallet from a reputational brand with the premium quality such as cowhide leather will last for a long time. In addition, it is an accessory to show off your fashion sense and your social status.</p>\n\n<p style=\"text-align:center\"><img alt=\"f2\" height=\"400\" src=\"/storage/news/5.jpg\" /></p>\n\n<p>&nbsp;</p>\n','published',NULL,'Botble\\ACL\\Models\\User',1,'news/5.jpg',2109,NULL,'2023-11-15 03:06:01','2023-11-15 03:06:01'),(6,'We\'re Crushing Hard on Summer\'s 10 Biggest Bag Trends','You should pay more attention when you choose your wallets. There are a lot of them on the market with the different designs and styles. When you choose carefully, you would be able to buy a wallet that is catered to your needs. Not to mention that it will help to enhance your style significantly.','<p>I have seen many people underestimating the power of their wallets. To them, they are just a functional item they use to carry. As a result, they often end up with the wallets which are not really suitable for them.</p>\n\n<p>You should pay more attention when you choose your wallets. There are a lot of them on the market with the different designs and styles. When you choose carefully, you would be able to buy a wallet that is catered to your needs. Not to mention that it will help to enhance your style significantly.</p>\n\n<p style=\"text-align:center\"><img alt=\"f4\" src=\"/storage/news/1.jpg\" /></p>\n\n<p><br />\n&nbsp;</p>\n\n<p><strong><em>For all of the reason above, here are 7 expert tips to help you pick up the right men&rsquo;s wallet for you:</em></strong></p>\n\n<h4><strong>Number 1: Choose A Neat Wallet</strong></h4>\n\n<p>The wallet is an essential accessory that you should go simple. Simplicity is the best in this case. A simple and neat wallet with the plain color and even&nbsp;<strong>minimalist style</strong>&nbsp;is versatile. It can be used for both formal and casual events. In addition, that wallet will go well with most of the clothes in your wardrobe.</p>\n\n<p>Keep in mind that a wallet will tell other people about your personality and your fashion sense as much as other clothes you put on. Hence, don&rsquo;t go cheesy on your wallet or else people will think that you have a funny and particular style.</p>\n\n<p style=\"text-align:center\"><img alt=\"f5\" src=\"/storage/news/2.jpg\" /></p>\n\n<p><br />\n&nbsp;</p>\n<hr />\n<h4><strong>Number 2: Choose The Right Size For Your Wallet</strong></h4>\n\n<p>You should avoid having an over-sized wallet. Don&rsquo;t think that you need to buy a big wallet because you have a lot to carry with you. In addition, a fat wallet is very ugly. It will make it harder for you to slide the wallet into your trousers&rsquo; pocket. In addition, it will create a bulge and ruin your look.</p>\n\n<p>Before you go on to buy a new wallet, clean out your wallet and place all of the items from your wallet on a table. Throw away things that you would never need any more such as the old bills or the expired gift cards. Remember to check your wallet on a frequent basis to get rid of all of the old stuff that you don&rsquo;t need anymore.</p>\n\n<p style=\"text-align:center\"><img alt=\"f1\" src=\"/storage/news/3.jpg\" /></p>\n\n<p><br />\n&nbsp;</p>\n\n<hr />\n<h4><strong>Number 3: Don&rsquo;t Limit Your Options Of Materials</strong></h4>\n\n<p>The types and designs of wallets are not the only things that you should consider when you go out searching for your best wallet. You have more than 1 option of material rather than leather to choose from as well.</p>\n\n<p>You can experiment with other available options such as cotton, polyester and canvas. They all have their own pros and cons. As a result, they will be suitable for different needs and requirements. You should think about them all in order to choose the material which you would like the most.</p>\n\n<p style=\"text-align:center\"><img alt=\"f6\" height=\"375\" src=\"/storage/news/4.jpg\" /></p>\n\n<p><br />\n&nbsp;</p>\n\n<hr />\n<h4><strong>Number 4: Consider A Wallet As A Long Term Investment</strong></h4>\n\n<p>Your wallet is indeed an investment that you should consider spending a decent amount of time and effort on it. Another factor that you need to consider is how much you want to spend on your wallet. The price ranges of wallets on the market vary a great deal. You can find a wallet which is as cheap as about 5 to 7 dollars. On the other hand, you should expect to pay around 250 to 300 dollars for a high-quality wallet.</p>\n\n<p>In case you need a wallet to use for a long time, it is a good idea that you should invest a decent amount of money on a wallet. A high quality wallet from a reputational brand with the premium quality such as cowhide leather will last for a long time. In addition, it is an accessory to show off your fashion sense and your social status.</p>\n\n<p style=\"text-align:center\"><img alt=\"f2\" height=\"400\" src=\"/storage/news/5.jpg\" /></p>\n\n<p>&nbsp;</p>\n','published',NULL,'Botble\\ACL\\Models\\User',1,'news/6.jpg',777,NULL,'2023-11-15 03:06:01','2023-11-15 03:06:01'),(7,'Essential Qualities of Highly Successful Music','You should pay more attention when you choose your wallets. There are a lot of them on the market with the different designs and styles. When you choose carefully, you would be able to buy a wallet that is catered to your needs. Not to mention that it will help to enhance your style significantly.','<p>I have seen many people underestimating the power of their wallets. To them, they are just a functional item they use to carry. As a result, they often end up with the wallets which are not really suitable for them.</p>\n\n<p>You should pay more attention when you choose your wallets. There are a lot of them on the market with the different designs and styles. When you choose carefully, you would be able to buy a wallet that is catered to your needs. Not to mention that it will help to enhance your style significantly.</p>\n\n<p style=\"text-align:center\"><img alt=\"f4\" src=\"/storage/news/1.jpg\" /></p>\n\n<p><br />\n&nbsp;</p>\n\n<p><strong><em>For all of the reason above, here are 7 expert tips to help you pick up the right men&rsquo;s wallet for you:</em></strong></p>\n\n<h4><strong>Number 1: Choose A Neat Wallet</strong></h4>\n\n<p>The wallet is an essential accessory that you should go simple. Simplicity is the best in this case. A simple and neat wallet with the plain color and even&nbsp;<strong>minimalist style</strong>&nbsp;is versatile. It can be used for both formal and casual events. In addition, that wallet will go well with most of the clothes in your wardrobe.</p>\n\n<p>Keep in mind that a wallet will tell other people about your personality and your fashion sense as much as other clothes you put on. Hence, don&rsquo;t go cheesy on your wallet or else people will think that you have a funny and particular style.</p>\n\n<p style=\"text-align:center\"><img alt=\"f5\" src=\"/storage/news/2.jpg\" /></p>\n\n<p><br />\n&nbsp;</p>\n<hr />\n<h4><strong>Number 2: Choose The Right Size For Your Wallet</strong></h4>\n\n<p>You should avoid having an over-sized wallet. Don&rsquo;t think that you need to buy a big wallet because you have a lot to carry with you. In addition, a fat wallet is very ugly. It will make it harder for you to slide the wallet into your trousers&rsquo; pocket. In addition, it will create a bulge and ruin your look.</p>\n\n<p>Before you go on to buy a new wallet, clean out your wallet and place all of the items from your wallet on a table. Throw away things that you would never need any more such as the old bills or the expired gift cards. Remember to check your wallet on a frequent basis to get rid of all of the old stuff that you don&rsquo;t need anymore.</p>\n\n<p style=\"text-align:center\"><img alt=\"f1\" src=\"/storage/news/3.jpg\" /></p>\n\n<p><br />\n&nbsp;</p>\n\n<hr />\n<h4><strong>Number 3: Don&rsquo;t Limit Your Options Of Materials</strong></h4>\n\n<p>The types and designs of wallets are not the only things that you should consider when you go out searching for your best wallet. You have more than 1 option of material rather than leather to choose from as well.</p>\n\n<p>You can experiment with other available options such as cotton, polyester and canvas. They all have their own pros and cons. As a result, they will be suitable for different needs and requirements. You should think about them all in order to choose the material which you would like the most.</p>\n\n<p style=\"text-align:center\"><img alt=\"f6\" height=\"375\" src=\"/storage/news/4.jpg\" /></p>\n\n<p><br />\n&nbsp;</p>\n\n<hr />\n<h4><strong>Number 4: Consider A Wallet As A Long Term Investment</strong></h4>\n\n<p>Your wallet is indeed an investment that you should consider spending a decent amount of time and effort on it. Another factor that you need to consider is how much you want to spend on your wallet. The price ranges of wallets on the market vary a great deal. You can find a wallet which is as cheap as about 5 to 7 dollars. On the other hand, you should expect to pay around 250 to 300 dollars for a high-quality wallet.</p>\n\n<p>In case you need a wallet to use for a long time, it is a good idea that you should invest a decent amount of money on a wallet. A high quality wallet from a reputational brand with the premium quality such as cowhide leather will last for a long time. In addition, it is an accessory to show off your fashion sense and your social status.</p>\n\n<p style=\"text-align:center\"><img alt=\"f2\" height=\"400\" src=\"/storage/news/5.jpg\" /></p>\n\n<p>&nbsp;</p>\n','published',NULL,'Botble\\ACL\\Models\\User',1,'news/7.jpg',1153,NULL,'2023-11-15 03:06:01','2023-11-15 03:06:01'),(8,'9 Things I Love About Shaving My Head','You should pay more attention when you choose your wallets. There are a lot of them on the market with the different designs and styles. When you choose carefully, you would be able to buy a wallet that is catered to your needs. Not to mention that it will help to enhance your style significantly.','<p>I have seen many people underestimating the power of their wallets. To them, they are just a functional item they use to carry. As a result, they often end up with the wallets which are not really suitable for them.</p>\n\n<p>You should pay more attention when you choose your wallets. There are a lot of them on the market with the different designs and styles. When you choose carefully, you would be able to buy a wallet that is catered to your needs. Not to mention that it will help to enhance your style significantly.</p>\n\n<p style=\"text-align:center\"><img alt=\"f4\" src=\"/storage/news/1.jpg\" /></p>\n\n<p><br />\n&nbsp;</p>\n\n<p><strong><em>For all of the reason above, here are 7 expert tips to help you pick up the right men&rsquo;s wallet for you:</em></strong></p>\n\n<h4><strong>Number 1: Choose A Neat Wallet</strong></h4>\n\n<p>The wallet is an essential accessory that you should go simple. Simplicity is the best in this case. A simple and neat wallet with the plain color and even&nbsp;<strong>minimalist style</strong>&nbsp;is versatile. It can be used for both formal and casual events. In addition, that wallet will go well with most of the clothes in your wardrobe.</p>\n\n<p>Keep in mind that a wallet will tell other people about your personality and your fashion sense as much as other clothes you put on. Hence, don&rsquo;t go cheesy on your wallet or else people will think that you have a funny and particular style.</p>\n\n<p style=\"text-align:center\"><img alt=\"f5\" src=\"/storage/news/2.jpg\" /></p>\n\n<p><br />\n&nbsp;</p>\n<hr />\n<h4><strong>Number 2: Choose The Right Size For Your Wallet</strong></h4>\n\n<p>You should avoid having an over-sized wallet. Don&rsquo;t think that you need to buy a big wallet because you have a lot to carry with you. In addition, a fat wallet is very ugly. It will make it harder for you to slide the wallet into your trousers&rsquo; pocket. In addition, it will create a bulge and ruin your look.</p>\n\n<p>Before you go on to buy a new wallet, clean out your wallet and place all of the items from your wallet on a table. Throw away things that you would never need any more such as the old bills or the expired gift cards. Remember to check your wallet on a frequent basis to get rid of all of the old stuff that you don&rsquo;t need anymore.</p>\n\n<p style=\"text-align:center\"><img alt=\"f1\" src=\"/storage/news/3.jpg\" /></p>\n\n<p><br />\n&nbsp;</p>\n\n<hr />\n<h4><strong>Number 3: Don&rsquo;t Limit Your Options Of Materials</strong></h4>\n\n<p>The types and designs of wallets are not the only things that you should consider when you go out searching for your best wallet. You have more than 1 option of material rather than leather to choose from as well.</p>\n\n<p>You can experiment with other available options such as cotton, polyester and canvas. They all have their own pros and cons. As a result, they will be suitable for different needs and requirements. You should think about them all in order to choose the material which you would like the most.</p>\n\n<p style=\"text-align:center\"><img alt=\"f6\" height=\"375\" src=\"/storage/news/4.jpg\" /></p>\n\n<p><br />\n&nbsp;</p>\n\n<hr />\n<h4><strong>Number 4: Consider A Wallet As A Long Term Investment</strong></h4>\n\n<p>Your wallet is indeed an investment that you should consider spending a decent amount of time and effort on it. Another factor that you need to consider is how much you want to spend on your wallet. The price ranges of wallets on the market vary a great deal. You can find a wallet which is as cheap as about 5 to 7 dollars. On the other hand, you should expect to pay around 250 to 300 dollars for a high-quality wallet.</p>\n\n<p>In case you need a wallet to use for a long time, it is a good idea that you should invest a decent amount of money on a wallet. A high quality wallet from a reputational brand with the premium quality such as cowhide leather will last for a long time. In addition, it is an accessory to show off your fashion sense and your social status.</p>\n\n<p style=\"text-align:center\"><img alt=\"f2\" height=\"400\" src=\"/storage/news/5.jpg\" /></p>\n\n<p>&nbsp;</p>\n','published',NULL,'Botble\\ACL\\Models\\User',1,'news/8.jpg',462,NULL,'2023-11-15 03:06:01','2023-11-15 03:06:01'),(9,'Why Teamwork Really Makes The Dream Work','You should pay more attention when you choose your wallets. There are a lot of them on the market with the different designs and styles. When you choose carefully, you would be able to buy a wallet that is catered to your needs. Not to mention that it will help to enhance your style significantly.','<p>I have seen many people underestimating the power of their wallets. To them, they are just a functional item they use to carry. As a result, they often end up with the wallets which are not really suitable for them.</p>\n\n<p>You should pay more attention when you choose your wallets. There are a lot of them on the market with the different designs and styles. When you choose carefully, you would be able to buy a wallet that is catered to your needs. Not to mention that it will help to enhance your style significantly.</p>\n\n<p style=\"text-align:center\"><img alt=\"f4\" src=\"/storage/news/1.jpg\" /></p>\n\n<p><br />\n&nbsp;</p>\n\n<p><strong><em>For all of the reason above, here are 7 expert tips to help you pick up the right men&rsquo;s wallet for you:</em></strong></p>\n\n<h4><strong>Number 1: Choose A Neat Wallet</strong></h4>\n\n<p>The wallet is an essential accessory that you should go simple. Simplicity is the best in this case. A simple and neat wallet with the plain color and even&nbsp;<strong>minimalist style</strong>&nbsp;is versatile. It can be used for both formal and casual events. In addition, that wallet will go well with most of the clothes in your wardrobe.</p>\n\n<p>Keep in mind that a wallet will tell other people about your personality and your fashion sense as much as other clothes you put on. Hence, don&rsquo;t go cheesy on your wallet or else people will think that you have a funny and particular style.</p>\n\n<p style=\"text-align:center\"><img alt=\"f5\" src=\"/storage/news/2.jpg\" /></p>\n\n<p><br />\n&nbsp;</p>\n<hr />\n<h4><strong>Number 2: Choose The Right Size For Your Wallet</strong></h4>\n\n<p>You should avoid having an over-sized wallet. Don&rsquo;t think that you need to buy a big wallet because you have a lot to carry with you. In addition, a fat wallet is very ugly. It will make it harder for you to slide the wallet into your trousers&rsquo; pocket. In addition, it will create a bulge and ruin your look.</p>\n\n<p>Before you go on to buy a new wallet, clean out your wallet and place all of the items from your wallet on a table. Throw away things that you would never need any more such as the old bills or the expired gift cards. Remember to check your wallet on a frequent basis to get rid of all of the old stuff that you don&rsquo;t need anymore.</p>\n\n<p style=\"text-align:center\"><img alt=\"f1\" src=\"/storage/news/3.jpg\" /></p>\n\n<p><br />\n&nbsp;</p>\n\n<hr />\n<h4><strong>Number 3: Don&rsquo;t Limit Your Options Of Materials</strong></h4>\n\n<p>The types and designs of wallets are not the only things that you should consider when you go out searching for your best wallet. You have more than 1 option of material rather than leather to choose from as well.</p>\n\n<p>You can experiment with other available options such as cotton, polyester and canvas. They all have their own pros and cons. As a result, they will be suitable for different needs and requirements. You should think about them all in order to choose the material which you would like the most.</p>\n\n<p style=\"text-align:center\"><img alt=\"f6\" height=\"375\" src=\"/storage/news/4.jpg\" /></p>\n\n<p><br />\n&nbsp;</p>\n\n<hr />\n<h4><strong>Number 4: Consider A Wallet As A Long Term Investment</strong></h4>\n\n<p>Your wallet is indeed an investment that you should consider spending a decent amount of time and effort on it. Another factor that you need to consider is how much you want to spend on your wallet. The price ranges of wallets on the market vary a great deal. You can find a wallet which is as cheap as about 5 to 7 dollars. On the other hand, you should expect to pay around 250 to 300 dollars for a high-quality wallet.</p>\n\n<p>In case you need a wallet to use for a long time, it is a good idea that you should invest a decent amount of money on a wallet. A high quality wallet from a reputational brand with the premium quality such as cowhide leather will last for a long time. In addition, it is an accessory to show off your fashion sense and your social status.</p>\n\n<p style=\"text-align:center\"><img alt=\"f2\" height=\"400\" src=\"/storage/news/5.jpg\" /></p>\n\n<p>&nbsp;</p>\n','published',NULL,'Botble\\ACL\\Models\\User',1,'news/9.jpg',357,NULL,'2023-11-15 03:06:01','2023-11-15 03:06:01'),(10,'The World Caters to Average People','You should pay more attention when you choose your wallets. There are a lot of them on the market with the different designs and styles. When you choose carefully, you would be able to buy a wallet that is catered to your needs. Not to mention that it will help to enhance your style significantly.','<p>I have seen many people underestimating the power of their wallets. To them, they are just a functional item they use to carry. As a result, they often end up with the wallets which are not really suitable for them.</p>\n\n<p>You should pay more attention when you choose your wallets. There are a lot of them on the market with the different designs and styles. When you choose carefully, you would be able to buy a wallet that is catered to your needs. Not to mention that it will help to enhance your style significantly.</p>\n\n<p style=\"text-align:center\"><img alt=\"f4\" src=\"/storage/news/1.jpg\" /></p>\n\n<p><br />\n&nbsp;</p>\n\n<p><strong><em>For all of the reason above, here are 7 expert tips to help you pick up the right men&rsquo;s wallet for you:</em></strong></p>\n\n<h4><strong>Number 1: Choose A Neat Wallet</strong></h4>\n\n<p>The wallet is an essential accessory that you should go simple. Simplicity is the best in this case. A simple and neat wallet with the plain color and even&nbsp;<strong>minimalist style</strong>&nbsp;is versatile. It can be used for both formal and casual events. In addition, that wallet will go well with most of the clothes in your wardrobe.</p>\n\n<p>Keep in mind that a wallet will tell other people about your personality and your fashion sense as much as other clothes you put on. Hence, don&rsquo;t go cheesy on your wallet or else people will think that you have a funny and particular style.</p>\n\n<p style=\"text-align:center\"><img alt=\"f5\" src=\"/storage/news/2.jpg\" /></p>\n\n<p><br />\n&nbsp;</p>\n<hr />\n<h4><strong>Number 2: Choose The Right Size For Your Wallet</strong></h4>\n\n<p>You should avoid having an over-sized wallet. Don&rsquo;t think that you need to buy a big wallet because you have a lot to carry with you. In addition, a fat wallet is very ugly. It will make it harder for you to slide the wallet into your trousers&rsquo; pocket. In addition, it will create a bulge and ruin your look.</p>\n\n<p>Before you go on to buy a new wallet, clean out your wallet and place all of the items from your wallet on a table. Throw away things that you would never need any more such as the old bills or the expired gift cards. Remember to check your wallet on a frequent basis to get rid of all of the old stuff that you don&rsquo;t need anymore.</p>\n\n<p style=\"text-align:center\"><img alt=\"f1\" src=\"/storage/news/3.jpg\" /></p>\n\n<p><br />\n&nbsp;</p>\n\n<hr />\n<h4><strong>Number 3: Don&rsquo;t Limit Your Options Of Materials</strong></h4>\n\n<p>The types and designs of wallets are not the only things that you should consider when you go out searching for your best wallet. You have more than 1 option of material rather than leather to choose from as well.</p>\n\n<p>You can experiment with other available options such as cotton, polyester and canvas. They all have their own pros and cons. As a result, they will be suitable for different needs and requirements. You should think about them all in order to choose the material which you would like the most.</p>\n\n<p style=\"text-align:center\"><img alt=\"f6\" height=\"375\" src=\"/storage/news/4.jpg\" /></p>\n\n<p><br />\n&nbsp;</p>\n\n<hr />\n<h4><strong>Number 4: Consider A Wallet As A Long Term Investment</strong></h4>\n\n<p>Your wallet is indeed an investment that you should consider spending a decent amount of time and effort on it. Another factor that you need to consider is how much you want to spend on your wallet. The price ranges of wallets on the market vary a great deal. You can find a wallet which is as cheap as about 5 to 7 dollars. On the other hand, you should expect to pay around 250 to 300 dollars for a high-quality wallet.</p>\n\n<p>In case you need a wallet to use for a long time, it is a good idea that you should invest a decent amount of money on a wallet. A high quality wallet from a reputational brand with the premium quality such as cowhide leather will last for a long time. In addition, it is an accessory to show off your fashion sense and your social status.</p>\n\n<p style=\"text-align:center\"><img alt=\"f2\" height=\"400\" src=\"/storage/news/5.jpg\" /></p>\n\n<p>&nbsp;</p>\n','published',NULL,'Botble\\ACL\\Models\\User',1,'news/10.jpg',1392,NULL,'2023-11-15 03:06:01','2023-11-15 03:06:01'),(11,'The litigants on the screen are not actors','You should pay more attention when you choose your wallets. There are a lot of them on the market with the different designs and styles. When you choose carefully, you would be able to buy a wallet that is catered to your needs. Not to mention that it will help to enhance your style significantly.','<p>I have seen many people underestimating the power of their wallets. To them, they are just a functional item they use to carry. As a result, they often end up with the wallets which are not really suitable for them.</p>\n\n<p>You should pay more attention when you choose your wallets. There are a lot of them on the market with the different designs and styles. When you choose carefully, you would be able to buy a wallet that is catered to your needs. Not to mention that it will help to enhance your style significantly.</p>\n\n<p style=\"text-align:center\"><img alt=\"f4\" src=\"/storage/news/1.jpg\" /></p>\n\n<p><br />\n&nbsp;</p>\n\n<p><strong><em>For all of the reason above, here are 7 expert tips to help you pick up the right men&rsquo;s wallet for you:</em></strong></p>\n\n<h4><strong>Number 1: Choose A Neat Wallet</strong></h4>\n\n<p>The wallet is an essential accessory that you should go simple. Simplicity is the best in this case. A simple and neat wallet with the plain color and even&nbsp;<strong>minimalist style</strong>&nbsp;is versatile. It can be used for both formal and casual events. In addition, that wallet will go well with most of the clothes in your wardrobe.</p>\n\n<p>Keep in mind that a wallet will tell other people about your personality and your fashion sense as much as other clothes you put on. Hence, don&rsquo;t go cheesy on your wallet or else people will think that you have a funny and particular style.</p>\n\n<p style=\"text-align:center\"><img alt=\"f5\" src=\"/storage/news/2.jpg\" /></p>\n\n<p><br />\n&nbsp;</p>\n<hr />\n<h4><strong>Number 2: Choose The Right Size For Your Wallet</strong></h4>\n\n<p>You should avoid having an over-sized wallet. Don&rsquo;t think that you need to buy a big wallet because you have a lot to carry with you. In addition, a fat wallet is very ugly. It will make it harder for you to slide the wallet into your trousers&rsquo; pocket. In addition, it will create a bulge and ruin your look.</p>\n\n<p>Before you go on to buy a new wallet, clean out your wallet and place all of the items from your wallet on a table. Throw away things that you would never need any more such as the old bills or the expired gift cards. Remember to check your wallet on a frequent basis to get rid of all of the old stuff that you don&rsquo;t need anymore.</p>\n\n<p style=\"text-align:center\"><img alt=\"f1\" src=\"/storage/news/3.jpg\" /></p>\n\n<p><br />\n&nbsp;</p>\n\n<hr />\n<h4><strong>Number 3: Don&rsquo;t Limit Your Options Of Materials</strong></h4>\n\n<p>The types and designs of wallets are not the only things that you should consider when you go out searching for your best wallet. You have more than 1 option of material rather than leather to choose from as well.</p>\n\n<p>You can experiment with other available options such as cotton, polyester and canvas. They all have their own pros and cons. As a result, they will be suitable for different needs and requirements. You should think about them all in order to choose the material which you would like the most.</p>\n\n<p style=\"text-align:center\"><img alt=\"f6\" height=\"375\" src=\"/storage/news/4.jpg\" /></p>\n\n<p><br />\n&nbsp;</p>\n\n<hr />\n<h4><strong>Number 4: Consider A Wallet As A Long Term Investment</strong></h4>\n\n<p>Your wallet is indeed an investment that you should consider spending a decent amount of time and effort on it. Another factor that you need to consider is how much you want to spend on your wallet. The price ranges of wallets on the market vary a great deal. You can find a wallet which is as cheap as about 5 to 7 dollars. On the other hand, you should expect to pay around 250 to 300 dollars for a high-quality wallet.</p>\n\n<p>In case you need a wallet to use for a long time, it is a good idea that you should invest a decent amount of money on a wallet. A high quality wallet from a reputational brand with the premium quality such as cowhide leather will last for a long time. In addition, it is an accessory to show off your fashion sense and your social status.</p>\n\n<p style=\"text-align:center\"><img alt=\"f2\" height=\"400\" src=\"/storage/news/5.jpg\" /></p>\n\n<p>&nbsp;</p>\n','published',NULL,'Botble\\ACL\\Models\\User',0,'news/11.jpg',752,NULL,'2023-11-15 03:06:01','2023-11-15 03:06:01');
/*!40000 ALTER TABLE `posts` ENABLE KEYS */;
UNLOCK TABLES;

--
-- Table structure for table `posts_translations`
--

DROP TABLE IF EXISTS `posts_translations`;
/*!40101 SET @saved_cs_client     = @@character_set_client */;
/*!50503 SET character_set_client = utf8mb4 */;
CREATE TABLE `posts_translations` (
  `lang_code` varchar(20) COLLATE utf8mb4_unicode_ci NOT NULL,
  `posts_id` bigint unsigned NOT NULL,
  `name` varchar(255) COLLATE utf8mb4_unicode_ci DEFAULT NULL,
  `description` varchar(400) COLLATE utf8mb4_unicode_ci DEFAULT NULL,
  `content` longtext COLLATE utf8mb4_unicode_ci,
  PRIMARY KEY (`lang_code`,`posts_id`)
) ENGINE=InnoDB DEFAULT CHARSET=utf8mb4 COLLATE=utf8mb4_unicode_ci;
/*!40101 SET character_set_client = @saved_cs_client */;

--
-- Dumping data for table `posts_translations`
--

LOCK TABLES `posts_translations` WRITE;
/*!40000 ALTER TABLE `posts_translations` DISABLE KEYS */;
/*!40000 ALTER TABLE `posts_translations` ENABLE KEYS */;
UNLOCK TABLES;

--
-- Table structure for table `revisions`
--

DROP TABLE IF EXISTS `revisions`;
/*!40101 SET @saved_cs_client     = @@character_set_client */;
/*!50503 SET character_set_client = utf8mb4 */;
CREATE TABLE `revisions` (
  `id` bigint unsigned NOT NULL AUTO_INCREMENT,
  `revisionable_type` varchar(191) COLLATE utf8mb4_unicode_ci NOT NULL,
  `revisionable_id` bigint unsigned NOT NULL,
  `user_id` bigint unsigned DEFAULT NULL,
  `key` varchar(191) COLLATE utf8mb4_unicode_ci NOT NULL,
  `old_value` text COLLATE utf8mb4_unicode_ci,
  `new_value` text COLLATE utf8mb4_unicode_ci,
  `created_at` timestamp NULL DEFAULT NULL,
  `updated_at` timestamp NULL DEFAULT NULL,
  PRIMARY KEY (`id`),
  KEY `revisions_revisionable_id_revisionable_type_index` (`revisionable_id`,`revisionable_type`)
) ENGINE=InnoDB DEFAULT CHARSET=utf8mb4 COLLATE=utf8mb4_unicode_ci;
/*!40101 SET character_set_client = @saved_cs_client */;

--
-- Dumping data for table `revisions`
--

LOCK TABLES `revisions` WRITE;
/*!40000 ALTER TABLE `revisions` DISABLE KEYS */;
/*!40000 ALTER TABLE `revisions` ENABLE KEYS */;
UNLOCK TABLES;

--
-- Table structure for table `role_users`
--

DROP TABLE IF EXISTS `role_users`;
/*!40101 SET @saved_cs_client     = @@character_set_client */;
/*!50503 SET character_set_client = utf8mb4 */;
CREATE TABLE `role_users` (
  `user_id` bigint unsigned NOT NULL,
  `role_id` bigint unsigned NOT NULL,
  `created_at` timestamp NULL DEFAULT NULL,
  `updated_at` timestamp NULL DEFAULT NULL,
  PRIMARY KEY (`user_id`,`role_id`),
  KEY `role_users_user_id_index` (`user_id`),
  KEY `role_users_role_id_index` (`role_id`)
) ENGINE=InnoDB DEFAULT CHARSET=utf8mb4 COLLATE=utf8mb4_unicode_ci;
/*!40101 SET character_set_client = @saved_cs_client */;

--
-- Dumping data for table `role_users`
--

LOCK TABLES `role_users` WRITE;
/*!40000 ALTER TABLE `role_users` DISABLE KEYS */;
/*!40000 ALTER TABLE `role_users` ENABLE KEYS */;
UNLOCK TABLES;

--
-- Table structure for table `roles`
--

DROP TABLE IF EXISTS `roles`;
/*!40101 SET @saved_cs_client     = @@character_set_client */;
/*!50503 SET character_set_client = utf8mb4 */;
CREATE TABLE `roles` (
  `id` bigint unsigned NOT NULL AUTO_INCREMENT,
  `slug` varchar(120) COLLATE utf8mb4_unicode_ci NOT NULL,
  `name` varchar(120) COLLATE utf8mb4_unicode_ci NOT NULL,
  `permissions` text COLLATE utf8mb4_unicode_ci,
  `description` varchar(255) COLLATE utf8mb4_unicode_ci DEFAULT NULL,
  `is_default` tinyint unsigned NOT NULL DEFAULT '0',
  `created_by` bigint unsigned NOT NULL,
  `updated_by` bigint unsigned NOT NULL,
  `created_at` timestamp NULL DEFAULT NULL,
  `updated_at` timestamp NULL DEFAULT NULL,
  PRIMARY KEY (`id`),
  UNIQUE KEY `roles_slug_unique` (`slug`),
  KEY `roles_created_by_index` (`created_by`),
  KEY `roles_updated_by_index` (`updated_by`)
) ENGINE=InnoDB AUTO_INCREMENT=2 DEFAULT CHARSET=utf8mb4 COLLATE=utf8mb4_unicode_ci;
/*!40101 SET character_set_client = @saved_cs_client */;

--
-- Dumping data for table `roles`
--

LOCK TABLES `roles` WRITE;
/*!40000 ALTER TABLE `roles` DISABLE KEYS */;
INSERT INTO `roles` VALUES (1,'admin','Admin','{\"users.index\":true,\"users.create\":true,\"users.edit\":true,\"users.destroy\":true,\"roles.index\":true,\"roles.create\":true,\"roles.edit\":true,\"roles.destroy\":true,\"core.system\":true,\"core.manage.license\":true,\"media.index\":true,\"files.index\":true,\"files.create\":true,\"files.edit\":true,\"files.trash\":true,\"files.destroy\":true,\"folders.index\":true,\"folders.create\":true,\"folders.edit\":true,\"folders.trash\":true,\"folders.destroy\":true,\"settings.options\":true,\"settings.email\":true,\"settings.media\":true,\"settings.cronjob\":true,\"menus.index\":true,\"menus.create\":true,\"menus.edit\":true,\"menus.destroy\":true,\"pages.index\":true,\"pages.create\":true,\"pages.edit\":true,\"pages.destroy\":true,\"plugins.index\":true,\"plugins.edit\":true,\"plugins.remove\":true,\"plugins.marketplace\":true,\"core.appearance\":true,\"theme.index\":true,\"theme.activate\":true,\"theme.remove\":true,\"theme.options\":true,\"theme.custom-css\":true,\"theme.custom-js\":true,\"theme.custom-html\":true,\"widgets.index\":true,\"analytics.general\":true,\"analytics.page\":true,\"analytics.browser\":true,\"analytics.referrer\":true,\"audit-log.index\":true,\"audit-log.destroy\":true,\"backups.index\":true,\"backups.create\":true,\"backups.restore\":true,\"backups.destroy\":true,\"plugins.blog\":true,\"posts.index\":true,\"posts.create\":true,\"posts.edit\":true,\"posts.destroy\":true,\"categories.index\":true,\"categories.create\":true,\"categories.edit\":true,\"categories.destroy\":true,\"tags.index\":true,\"tags.create\":true,\"tags.edit\":true,\"tags.destroy\":true,\"contacts.index\":true,\"contacts.edit\":true,\"contacts.destroy\":true,\"plugins.ecommerce\":true,\"ecommerce.settings\":true,\"ecommerce.report.index\":true,\"products.index\":true,\"products.create\":true,\"products.edit\":true,\"products.destroy\":true,\"products.duplicate\":true,\"product-categories.index\":true,\"product-categories.create\":true,\"product-categories.edit\":true,\"product-categories.destroy\":true,\"product-tag.index\":true,\"product-tag.create\":true,\"product-tag.edit\":true,\"product-tag.destroy\":true,\"brands.index\":true,\"brands.create\":true,\"brands.edit\":true,\"brands.destroy\":true,\"product-collections.index\":true,\"product-collections.create\":true,\"product-collections.edit\":true,\"product-collections.destroy\":true,\"product-attribute-sets.index\":true,\"product-attribute-sets.create\":true,\"product-attribute-sets.edit\":true,\"product-attribute-sets.destroy\":true,\"product-attributes.index\":true,\"product-attributes.create\":true,\"product-attributes.edit\":true,\"product-attributes.destroy\":true,\"tax.index\":true,\"tax.create\":true,\"tax.edit\":true,\"tax.destroy\":true,\"reviews.index\":true,\"reviews.destroy\":true,\"reviews.publish\":true,\"shipping_methods.index\":true,\"ecommerce.shipping-rule-items.index\":true,\"ecommerce.shipping-rule-items.create\":true,\"ecommerce.shipping-rule-items.edit\":true,\"ecommerce.shipping-rule-items.destroy\":true,\"ecommerce.shipping-rule-items.bulk-import\":true,\"ecommerce.shipments.index\":true,\"ecommerce.shipments.create\":true,\"ecommerce.shipments.edit\":true,\"ecommerce.shipments.destroy\":true,\"orders.index\":true,\"orders.create\":true,\"orders.edit\":true,\"orders.destroy\":true,\"discounts.index\":true,\"discounts.create\":true,\"discounts.edit\":true,\"discounts.destroy\":true,\"customers.index\":true,\"customers.create\":true,\"customers.edit\":true,\"customers.destroy\":true,\"flash-sale.index\":true,\"flash-sale.create\":true,\"flash-sale.edit\":true,\"flash-sale.destroy\":true,\"product-label.index\":true,\"product-label.create\":true,\"product-label.edit\":true,\"product-label.destroy\":true,\"ecommerce.import.products.index\":true,\"ecommerce.export.products.index\":true,\"order_returns.index\":true,\"order_returns.edit\":true,\"order_returns.destroy\":true,\"global-option.index\":true,\"global-option.create\":true,\"global-option.edit\":true,\"global-option.destroy\":true,\"ecommerce.invoice.index\":true,\"ecommerce.invoice.edit\":true,\"ecommerce.invoice.destroy\":true,\"ecommerce.invoice-template.index\":true,\"plugin.faq\":true,\"faq.index\":true,\"faq.create\":true,\"faq.edit\":true,\"faq.destroy\":true,\"faq_category.index\":true,\"faq_category.create\":true,\"faq_category.edit\":true,\"faq_category.destroy\":true,\"galleries.index\":true,\"galleries.create\":true,\"galleries.edit\":true,\"galleries.destroy\":true,\"languages.index\":true,\"languages.create\":true,\"languages.edit\":true,\"languages.destroy\":true,\"plugin.location\":true,\"country.index\":true,\"country.create\":true,\"country.edit\":true,\"country.destroy\":true,\"state.index\":true,\"state.create\":true,\"state.edit\":true,\"state.destroy\":true,\"city.index\":true,\"city.create\":true,\"city.edit\":true,\"city.destroy\":true,\"location.bulk-import.index\":true,\"location.export.index\":true,\"newsletter.index\":true,\"newsletter.destroy\":true,\"payment.index\":true,\"payments.settings\":true,\"payment.destroy\":true,\"simple-slider.index\":true,\"simple-slider.create\":true,\"simple-slider.edit\":true,\"simple-slider.destroy\":true,\"simple-slider-item.index\":true,\"simple-slider-item.create\":true,\"simple-slider-item.edit\":true,\"simple-slider-item.destroy\":true,\"social-login.settings\":true,\"plugins.translation\":true,\"translations.locales\":true,\"translations.theme-translations\":true,\"translations.index\":true}','Admin users role',1,2,2,'2023-11-15 03:06:00','2023-11-15 03:06:00');
/*!40000 ALTER TABLE `roles` ENABLE KEYS */;
UNLOCK TABLES;

--
-- Table structure for table `settings`
--

DROP TABLE IF EXISTS `settings`;
/*!40101 SET @saved_cs_client     = @@character_set_client */;
/*!50503 SET character_set_client = utf8mb4 */;
CREATE TABLE `settings` (
  `id` bigint unsigned NOT NULL AUTO_INCREMENT,
  `key` varchar(191) COLLATE utf8mb4_unicode_ci NOT NULL,
  `value` text COLLATE utf8mb4_unicode_ci,
  `created_at` timestamp NULL DEFAULT NULL,
  `updated_at` timestamp NULL DEFAULT NULL,
  PRIMARY KEY (`id`),
  UNIQUE KEY `settings_key_unique` (`key`)
) ENGINE=InnoDB AUTO_INCREMENT=64 DEFAULT CHARSET=utf8mb4 COLLATE=utf8mb4_unicode_ci;
/*!40101 SET character_set_client = @saved_cs_client */;

--
-- Dumping data for table `settings`
--

LOCK TABLES `settings` WRITE;
/*!40000 ALTER TABLE `settings` DISABLE KEYS */;
INSERT INTO `settings` VALUES (2,'api_enabled','0',NULL,'2023-11-15 03:06:01'),(3,'activated_plugins','[\"language\",\"language-advanced\",\"analytics\",\"audit-log\",\"backup\",\"blog\",\"captcha\",\"contact\",\"cookie-consent\",\"ecommerce\",\"faq\",\"gallery\",\"location\",\"newsletter\",\"payment\",\"paypal\",\"paystack\",\"razorpay\",\"shippo\",\"simple-slider\",\"social-login\",\"sslcommerz\",\"stripe\",\"translation\"]',NULL,'2023-11-15 03:06:01'),(8,'language_hide_default','1',NULL,'2023-11-15 03:06:01'),(10,'language_display','all',NULL,'2023-11-15 03:06:01'),(11,'language_hide_languages','[]',NULL,'2023-11-15 03:06:01'),(12,'media_random_hash','c4173a4c12da68a2bad9aaedef6511f0',NULL,NULL),(13,'payment_cod_status','1',NULL,NULL),(14,'payment_bank_transfer_status','1',NULL,NULL),(15,'theme','september',NULL,NULL),(16,'show_admin_bar','1',NULL,NULL),(17,'language_switcher_display','dropdown',NULL,NULL),(18,'admin_favicon','general/favicon.png',NULL,NULL),(19,'admin_logo','general/logo-light.png',NULL,NULL),(20,'permalink-botble-blog-models-post','blog',NULL,NULL),(21,'permalink-botble-blog-models-category','blog',NULL,NULL),(22,'payment_cod_description','Please pay money directly to the postman, if you choose cash on delivery method (COD).',NULL,NULL),(23,'payment_bank_transfer_description','Please send money to our bank account: ACB - 69270 213 19.',NULL,NULL),(24,'payment_stripe_payment_type','stripe_checkout',NULL,NULL),(25,'plugins_ecommerce_customer_new_order_status','0',NULL,NULL),(26,'plugins_ecommerce_admin_new_order_status','0',NULL,NULL),(27,'ecommerce_is_enabled_support_digital_products','1',NULL,NULL),(28,'ecommerce_load_countries_states_cities_from_location_plugin','0',NULL,NULL),(29,'payment_bank_transfer_display_bank_info_at_the_checkout_success_page','1',NULL,NULL),(30,'ecommerce_product_sku_format','HS-2443-[%S]',NULL,NULL),(31,'ecommerce_store_name','HASA SG',NULL,NULL),(32,'ecommerce_store_phone','18006268',NULL,NULL),(33,'ecommerce_store_address','North Link Building, 10 Admiralty Street',NULL,NULL),(34,'ecommerce_store_state','Singapore',NULL,NULL),(35,'ecommerce_store_city','Singapore',NULL,NULL),(36,'ecommerce_store_country','SG',NULL,NULL),(37,'theme-september-site_title','HASA',NULL,NULL),(38,'theme-september-seo_title','HASA - Multipurpose Laravel Fashion Shop',NULL,NULL),(39,'theme-september-seo_description','HASA is made specifically for a Fashion store, but also well suited for an electronics store, furniture store, etc. It’s clean and minimal. Every page is fully responsive, making your creation look good on any device.',NULL,NULL),(40,'theme-september-copyright','© 2023 Botble Technologies. All Rights Reserved.',NULL,NULL),(41,'theme-september-favicon','general/favicon.png',NULL,NULL),(42,'theme-september-logo','general/logo.png',NULL,NULL),(43,'theme-september-seo_og_image','general/open-graph-image.png',NULL,NULL),(44,'theme-september-address','North Link Building, 10 Admiralty Street, 757695 Singapore',NULL,NULL),(45,'theme-september-hotline','18006268',NULL,NULL),(46,'theme-september-email','sales@botble.com',NULL,NULL),(47,'theme-september-facebook','https://facebook.com',NULL,NULL),(48,'theme-september-twitter','https://twitter.com',NULL,NULL),(49,'theme-september-youtube','https://youtube.com',NULL,NULL),(50,'theme-september-linkedin','https://linkedin.com',NULL,NULL),(51,'theme-september-pinterest','https://pinterest.com',NULL,NULL),(52,'theme-september-instagram','https://instagram.com',NULL,NULL),(53,'theme-september-homepage_id','1',NULL,NULL),(54,'theme-september-blog_page_id','2',NULL,NULL),(55,'theme-september-cookie_consent_message','Your experience on this site will be improved by allowing cookies ',NULL,NULL),(56,'theme-september-cookie_consent_learn_more_url','https://hasa.test/cookie-policy',NULL,NULL),(57,'theme-september-cookie_consent_learn_more_text','Cookie Policy',NULL,NULL),(58,'theme-september-enabled_sticky_header','yes',NULL,NULL),(59,'theme-september-product_page_banner_title','Enjoy Shopping with us',NULL,NULL),(63,'theme-september-social_links','[[{\"key\":\"social-name\",\"value\":\"Facebook\"},{\"key\":\"social-icon\",\"value\":\"fa fa-facebook\"},{\"key\":\"social-url\",\"value\":\"https:\\/\\/facebook.com.com\"}],[{\"key\":\"social-name\",\"value\":\"Twitter\"},{\"key\":\"social-icon\",\"value\":\"fa fa-twitter\"},{\"key\":\"social-url\",\"value\":\"https:\\/\\/twitter.com\"}],[{\"key\":\"social-name\",\"value\":\"Instagram\"},{\"key\":\"social-icon\",\"value\":\"fa fa-instagram\"},{\"key\":\"social-url\",\"value\":\"https:\\/\\/instagram.com\"}],[{\"key\":\"social-name\",\"value\":\"Pinterest\"},{\"key\":\"social-icon\",\"value\":\"fa fa-pinterest\"},{\"key\":\"social-url\",\"value\":\"https:\\/\\/pinterest.com\"}],[{\"key\":\"social-name\",\"value\":\"Linkedin\"},{\"key\":\"social-icon\",\"value\":\"fa fa-linkedin\"},{\"key\":\"social-url\",\"value\":\"https:\\/\\/linkedin.com\"}],[{\"key\":\"social-name\",\"value\":\"Youtube\"},{\"key\":\"social-icon\",\"value\":\"fa fa-youtube\"},{\"key\":\"social-url\",\"value\":\"https:\\/\\/youtube.com\"}]]',NULL,NULL);
/*!40000 ALTER TABLE `settings` ENABLE KEYS */;
UNLOCK TABLES;

--
-- Table structure for table `simple_slider_items`
--

DROP TABLE IF EXISTS `simple_slider_items`;
/*!40101 SET @saved_cs_client     = @@character_set_client */;
/*!50503 SET character_set_client = utf8mb4 */;
CREATE TABLE `simple_slider_items` (
  `id` bigint unsigned NOT NULL AUTO_INCREMENT,
  `simple_slider_id` bigint unsigned NOT NULL,
  `title` varchar(255) COLLATE utf8mb4_unicode_ci DEFAULT NULL,
  `image` varchar(255) COLLATE utf8mb4_unicode_ci NOT NULL,
  `link` varchar(255) COLLATE utf8mb4_unicode_ci DEFAULT NULL,
  `description` text COLLATE utf8mb4_unicode_ci,
  `order` int unsigned NOT NULL DEFAULT '0',
  `created_at` timestamp NULL DEFAULT NULL,
  `updated_at` timestamp NULL DEFAULT NULL,
  PRIMARY KEY (`id`)
) ENGINE=InnoDB AUTO_INCREMENT=4 DEFAULT CHARSET=utf8mb4 COLLATE=utf8mb4_unicode_ci;
/*!40101 SET character_set_client = @saved_cs_client */;

--
-- Dumping data for table `simple_slider_items`
--

LOCK TABLES `simple_slider_items` WRITE;
/*!40000 ALTER TABLE `simple_slider_items` DISABLE KEYS */;
INSERT INTO `simple_slider_items` VALUES (1,1,'New Collection','sliders/1.jpg','/products','Save more with coupons &amp; up to 70% off',1,'2023-11-15 03:05:59','2023-11-15 03:05:59'),(2,1,'Big Deals','sliders/2.jpg','/products','Headphone, Gaming Laptop, PC and more...',2,'2023-11-15 03:05:59','2023-11-15 03:05:59'),(3,1,'Trending Collection','sliders/3.jpg','/products','Save more with coupons &amp; up to 20% off',3,'2023-11-15 03:05:59','2023-11-15 03:05:59');
/*!40000 ALTER TABLE `simple_slider_items` ENABLE KEYS */;
UNLOCK TABLES;

--
-- Table structure for table `simple_sliders`
--

DROP TABLE IF EXISTS `simple_sliders`;
/*!40101 SET @saved_cs_client     = @@character_set_client */;
/*!50503 SET character_set_client = utf8mb4 */;
CREATE TABLE `simple_sliders` (
  `id` bigint unsigned NOT NULL AUTO_INCREMENT,
  `name` varchar(120) COLLATE utf8mb4_unicode_ci NOT NULL,
  `key` varchar(120) COLLATE utf8mb4_unicode_ci NOT NULL,
  `description` varchar(255) COLLATE utf8mb4_unicode_ci DEFAULT NULL,
  `status` varchar(60) COLLATE utf8mb4_unicode_ci NOT NULL DEFAULT 'published',
  `created_at` timestamp NULL DEFAULT NULL,
  `updated_at` timestamp NULL DEFAULT NULL,
  PRIMARY KEY (`id`)
) ENGINE=InnoDB AUTO_INCREMENT=2 DEFAULT CHARSET=utf8mb4 COLLATE=utf8mb4_unicode_ci;
/*!40101 SET character_set_client = @saved_cs_client */;

--
-- Dumping data for table `simple_sliders`
--

LOCK TABLES `simple_sliders` WRITE;
/*!40000 ALTER TABLE `simple_sliders` DISABLE KEYS */;
INSERT INTO `simple_sliders` VALUES (1,'Home slider','home-slider',NULL,'published','2023-11-15 03:05:59','2023-11-15 03:05:59');
/*!40000 ALTER TABLE `simple_sliders` ENABLE KEYS */;
UNLOCK TABLES;

--
-- Table structure for table `slugs`
--

DROP TABLE IF EXISTS `slugs`;
/*!40101 SET @saved_cs_client     = @@character_set_client */;
/*!50503 SET character_set_client = utf8mb4 */;
CREATE TABLE `slugs` (
  `id` bigint unsigned NOT NULL AUTO_INCREMENT,
  `key` varchar(255) COLLATE utf8mb4_unicode_ci NOT NULL,
  `reference_id` bigint unsigned NOT NULL,
  `reference_type` varchar(255) COLLATE utf8mb4_unicode_ci NOT NULL,
  `prefix` varchar(120) COLLATE utf8mb4_unicode_ci DEFAULT '',
  `created_at` timestamp NULL DEFAULT NULL,
  `updated_at` timestamp NULL DEFAULT NULL,
  PRIMARY KEY (`id`),
  KEY `slugs_reference_id_index` (`reference_id`),
  KEY `slugs_key_index` (`key`),
  KEY `slugs_prefix_index` (`prefix`),
  KEY `slugs_reference_index` (`reference_id`,`reference_type`)
) ENGINE=InnoDB AUTO_INCREMENT=65 DEFAULT CHARSET=utf8mb4 COLLATE=utf8mb4_unicode_ci;
/*!40101 SET character_set_client = @saved_cs_client */;

--
-- Dumping data for table `slugs`
--

LOCK TABLES `slugs` WRITE;
/*!40000 ALTER TABLE `slugs` DISABLE KEYS */;
INSERT INTO `slugs` VALUES (1,'fashion-live',1,'Botble\\Ecommerce\\Models\\Brand','brands','2023-11-15 03:05:51','2023-11-15 03:05:51'),(2,'hand-crafted',2,'Botble\\Ecommerce\\Models\\Brand','brands','2023-11-15 03:05:51','2023-11-15 03:05:51'),(3,'mestonix',3,'Botble\\Ecommerce\\Models\\Brand','brands','2023-11-15 03:05:51','2023-11-15 03:05:51'),(4,'sunshine',4,'Botble\\Ecommerce\\Models\\Brand','brands','2023-11-15 03:05:51','2023-11-15 03:05:51'),(5,'pure',5,'Botble\\Ecommerce\\Models\\Brand','brands','2023-11-15 03:05:51','2023-11-15 03:05:51'),(6,'anfold',6,'Botble\\Ecommerce\\Models\\Brand','brands','2023-11-15 03:05:51','2023-11-15 03:05:51'),(7,'automotive',7,'Botble\\Ecommerce\\Models\\Brand','brands','2023-11-15 03:05:51','2023-11-15 03:05:51'),(8,'office-bags',1,'Botble\\Ecommerce\\Models\\ProductCategory','product-categories','2023-11-15 03:05:52','2023-11-15 03:05:52'),(9,'hand-bag',2,'Botble\\Ecommerce\\Models\\ProductCategory','product-categories','2023-11-15 03:05:52','2023-11-15 03:05:52'),(10,'woman',3,'Botble\\Ecommerce\\Models\\ProductCategory','product-categories','2023-11-15 03:05:52','2023-11-15 03:05:52'),(11,'woman-wallet',4,'Botble\\Ecommerce\\Models\\ProductCategory','product-categories','2023-11-15 03:05:52','2023-11-15 03:05:52'),(12,'denim',5,'Botble\\Ecommerce\\Models\\ProductCategory','product-categories','2023-11-15 03:05:52','2023-11-15 03:05:52'),(13,'dress',6,'Botble\\Ecommerce\\Models\\ProductCategory','product-categories','2023-11-15 03:05:52','2023-11-15 03:05:52'),(14,'backpack',7,'Botble\\Ecommerce\\Models\\ProductCategory','product-categories','2023-11-15 03:05:52','2023-11-15 03:05:52'),(15,'bags',8,'Botble\\Ecommerce\\Models\\ProductCategory','product-categories','2023-11-15 03:05:52','2023-11-15 03:05:52'),(16,'wallet',9,'Botble\\Ecommerce\\Models\\ProductCategory','product-categories','2023-11-15 03:05:52','2023-11-15 03:05:52'),(17,'men',10,'Botble\\Ecommerce\\Models\\ProductCategory','product-categories','2023-11-15 03:05:52','2023-11-15 03:05:52'),(18,'accessories',11,'Botble\\Ecommerce\\Models\\ProductCategory','product-categories','2023-11-15 03:05:52','2023-11-15 03:05:52'),(19,'men-wallet',12,'Botble\\Ecommerce\\Models\\ProductCategory','product-categories','2023-11-15 03:05:52','2023-11-15 03:05:52'),(20,'shoes',13,'Botble\\Ecommerce\\Models\\ProductCategory','product-categories','2023-11-15 03:05:52','2023-11-15 03:05:52'),(21,'wallet',1,'Botble\\Ecommerce\\Models\\ProductTag','product-tags','2023-11-15 03:05:52','2023-11-15 03:05:52'),(22,'bags',2,'Botble\\Ecommerce\\Models\\ProductTag','product-tags','2023-11-15 03:05:52','2023-11-15 03:05:52'),(23,'shoes',3,'Botble\\Ecommerce\\Models\\ProductTag','product-tags','2023-11-15 03:05:52','2023-11-15 03:05:52'),(24,'clothes',4,'Botble\\Ecommerce\\Models\\ProductTag','product-tags','2023-11-15 03:05:52','2023-11-15 03:05:52'),(25,'hand-bag',5,'Botble\\Ecommerce\\Models\\ProductTag','product-tags','2023-11-15 03:05:52','2023-11-15 03:05:52'),(26,'wallet-handmade',1,'Botble\\Ecommerce\\Models\\Product','products','2023-11-15 03:05:54','2023-11-15 03:05:54'),(27,'clutch-handmade',2,'Botble\\Ecommerce\\Models\\Product','products','2023-11-15 03:05:54','2023-11-15 03:05:54'),(28,'gucci-zip-around-wallet',3,'Botble\\Ecommerce\\Models\\Product','products','2023-11-15 03:05:54','2023-11-15 03:05:54'),(29,'snapshot-standard',4,'Botble\\Ecommerce\\Models\\Product','products','2023-11-15 03:05:54','2023-11-15 03:05:54'),(30,'joan-mini-camera-bag',5,'Botble\\Ecommerce\\Models\\Product','products','2023-11-15 03:05:54','2023-11-15 03:05:54'),(31,'cyan-boheme',6,'Botble\\Ecommerce\\Models\\Product','products','2023-11-15 03:05:54','2023-11-15 03:05:54'),(32,'the-marc-jacobs',7,'Botble\\Ecommerce\\Models\\Product','products','2023-11-15 03:05:54','2023-11-15 03:05:54'),(33,'round-cross-body-bag',8,'Botble\\Ecommerce\\Models\\Product','products','2023-11-15 03:05:54','2023-11-15 03:05:54'),(34,'ecommerce',1,'Botble\\Blog\\Models\\Category','blog','2023-11-15 03:06:00','2023-11-15 03:06:01'),(35,'fashion',2,'Botble\\Blog\\Models\\Category','blog','2023-11-15 03:06:00','2023-11-15 03:06:01'),(36,'electronic',3,'Botble\\Blog\\Models\\Category','blog','2023-11-15 03:06:00','2023-11-15 03:06:01'),(37,'commercial',4,'Botble\\Blog\\Models\\Category','blog','2023-11-15 03:06:00','2023-11-15 03:06:01'),(38,'general',1,'Botble\\Blog\\Models\\Tag','tag','2023-11-15 03:06:00','2023-11-15 03:06:00'),(39,'design',2,'Botble\\Blog\\Models\\Tag','tag','2023-11-15 03:06:00','2023-11-15 03:06:00'),(40,'fashion',3,'Botble\\Blog\\Models\\Tag','tag','2023-11-15 03:06:00','2023-11-15 03:06:00'),(41,'branding',4,'Botble\\Blog\\Models\\Tag','tag','2023-11-15 03:06:00','2023-11-15 03:06:00'),(42,'modern',5,'Botble\\Blog\\Models\\Tag','tag','2023-11-15 03:06:00','2023-11-15 03:06:00'),(43,'4-expert-tips-on-how-to-choose-the-right-mens-wallet',1,'Botble\\Blog\\Models\\Post','blog','2023-11-15 03:06:00','2023-11-15 03:06:01'),(44,'sexy-clutches-how-to-buy-wear-a-designer-clutch-bag',2,'Botble\\Blog\\Models\\Post','blog','2023-11-15 03:06:00','2023-11-15 03:06:01'),(45,'the-top-2020-handbag-trends-to-know',3,'Botble\\Blog\\Models\\Post','blog','2023-11-15 03:06:00','2023-11-15 03:06:01'),(46,'how-to-match-the-color-of-your-handbag-with-an-outfit',4,'Botble\\Blog\\Models\\Post','blog','2023-11-15 03:06:01','2023-11-15 03:06:01'),(47,'how-to-care-for-leather-bags',5,'Botble\\Blog\\Models\\Post','blog','2023-11-15 03:06:01','2023-11-15 03:06:01'),(48,'were-crushing-hard-on-summers-10-biggest-bag-trends',6,'Botble\\Blog\\Models\\Post','blog','2023-11-15 03:06:01','2023-11-15 03:06:01'),(49,'essential-qualities-of-highly-successful-music',7,'Botble\\Blog\\Models\\Post','blog','2023-11-15 03:06:01','2023-11-15 03:06:01'),(50,'9-things-i-love-about-shaving-my-head',8,'Botble\\Blog\\Models\\Post','blog','2023-11-15 03:06:01','2023-11-15 03:06:01'),(51,'why-teamwork-really-makes-the-dream-work',9,'Botble\\Blog\\Models\\Post','blog','2023-11-15 03:06:01','2023-11-15 03:06:01'),(52,'the-world-caters-to-average-people',10,'Botble\\Blog\\Models\\Post','blog','2023-11-15 03:06:01','2023-11-15 03:06:01'),(53,'the-litigants-on-the-screen-are-not-actors',11,'Botble\\Blog\\Models\\Post','blog','2023-11-15 03:06:01','2023-11-15 03:06:01'),(54,'homepage',1,'Botble\\Page\\Models\\Page','','2023-11-15 03:06:01','2023-11-15 03:06:01'),(55,'blog',2,'Botble\\Page\\Models\\Page','','2023-11-15 03:06:01','2023-11-15 03:06:01'),(56,'contact',3,'Botble\\Page\\Models\\Page','','2023-11-15 03:06:01','2023-11-15 03:06:01'),(57,'cookie-policy',4,'Botble\\Page\\Models\\Page','','2023-11-15 03:06:01','2023-11-15 03:06:01'),(58,'faqs',5,'Botble\\Page\\Models\\Page','','2023-11-15 03:06:01','2023-11-15 03:06:01'),(59,'men',1,'Botble\\Gallery\\Models\\Gallery','galleries','2023-11-15 03:06:01','2023-11-15 03:06:01'),(60,'women',2,'Botble\\Gallery\\Models\\Gallery','galleries','2023-11-15 03:06:01','2023-11-15 03:06:01'),(61,'accessories',3,'Botble\\Gallery\\Models\\Gallery','galleries','2023-11-15 03:06:01','2023-11-15 03:06:01'),(62,'shoes',4,'Botble\\Gallery\\Models\\Gallery','galleries','2023-11-15 03:06:01','2023-11-15 03:06:01'),(63,'denim',5,'Botble\\Gallery\\Models\\Gallery','galleries','2023-11-15 03:06:01','2023-11-15 03:06:01'),(64,'dress',6,'Botble\\Gallery\\Models\\Gallery','galleries','2023-11-15 03:06:01','2023-11-15 03:06:01');
/*!40000 ALTER TABLE `slugs` ENABLE KEYS */;
UNLOCK TABLES;

--
-- Table structure for table `slugs_translations`
--

DROP TABLE IF EXISTS `slugs_translations`;
/*!40101 SET @saved_cs_client     = @@character_set_client */;
/*!50503 SET character_set_client = utf8mb4 */;
CREATE TABLE `slugs_translations` (
  `lang_code` varchar(20) COLLATE utf8mb4_unicode_ci NOT NULL,
  `slugs_id` bigint unsigned NOT NULL,
  `key` varchar(255) COLLATE utf8mb4_unicode_ci DEFAULT NULL,
  `prefix` varchar(120) COLLATE utf8mb4_unicode_ci DEFAULT '',
  PRIMARY KEY (`lang_code`,`slugs_id`)
) ENGINE=InnoDB DEFAULT CHARSET=utf8mb4 COLLATE=utf8mb4_unicode_ci;
/*!40101 SET character_set_client = @saved_cs_client */;

--
-- Dumping data for table `slugs_translations`
--

LOCK TABLES `slugs_translations` WRITE;
/*!40000 ALTER TABLE `slugs_translations` DISABLE KEYS */;
/*!40000 ALTER TABLE `slugs_translations` ENABLE KEYS */;
UNLOCK TABLES;

--
-- Table structure for table `states`
--

DROP TABLE IF EXISTS `states`;
/*!40101 SET @saved_cs_client     = @@character_set_client */;
/*!50503 SET character_set_client = utf8mb4 */;
CREATE TABLE `states` (
  `id` bigint unsigned NOT NULL AUTO_INCREMENT,
  `name` varchar(120) COLLATE utf8mb4_unicode_ci NOT NULL,
  `slug` varchar(120) COLLATE utf8mb4_unicode_ci DEFAULT NULL,
  `abbreviation` varchar(10) COLLATE utf8mb4_unicode_ci DEFAULT NULL,
  `country_id` bigint unsigned DEFAULT NULL,
  `order` tinyint NOT NULL DEFAULT '0',
  `image` varchar(255) COLLATE utf8mb4_unicode_ci DEFAULT NULL,
  `is_default` tinyint unsigned NOT NULL DEFAULT '0',
  `status` varchar(60) COLLATE utf8mb4_unicode_ci NOT NULL DEFAULT 'published',
  `created_at` timestamp NULL DEFAULT NULL,
  `updated_at` timestamp NULL DEFAULT NULL,
  PRIMARY KEY (`id`),
  UNIQUE KEY `states_slug_unique` (`slug`)
) ENGINE=InnoDB DEFAULT CHARSET=utf8mb4 COLLATE=utf8mb4_unicode_ci;
/*!40101 SET character_set_client = @saved_cs_client */;

--
-- Dumping data for table `states`
--

LOCK TABLES `states` WRITE;
/*!40000 ALTER TABLE `states` DISABLE KEYS */;
/*!40000 ALTER TABLE `states` ENABLE KEYS */;
UNLOCK TABLES;

--
-- Table structure for table `states_translations`
--

DROP TABLE IF EXISTS `states_translations`;
/*!40101 SET @saved_cs_client     = @@character_set_client */;
/*!50503 SET character_set_client = utf8mb4 */;
CREATE TABLE `states_translations` (
  `lang_code` varchar(20) COLLATE utf8mb4_unicode_ci NOT NULL,
  `states_id` bigint unsigned NOT NULL,
  `name` varchar(120) COLLATE utf8mb4_unicode_ci DEFAULT NULL,
  `slug` varchar(120) COLLATE utf8mb4_unicode_ci DEFAULT NULL,
  `abbreviation` varchar(10) COLLATE utf8mb4_unicode_ci DEFAULT NULL,
  PRIMARY KEY (`lang_code`,`states_id`)
) ENGINE=InnoDB DEFAULT CHARSET=utf8mb4 COLLATE=utf8mb4_unicode_ci;
/*!40101 SET character_set_client = @saved_cs_client */;

--
-- Dumping data for table `states_translations`
--

LOCK TABLES `states_translations` WRITE;
/*!40000 ALTER TABLE `states_translations` DISABLE KEYS */;
/*!40000 ALTER TABLE `states_translations` ENABLE KEYS */;
UNLOCK TABLES;

--
-- Table structure for table `tags`
--

DROP TABLE IF EXISTS `tags`;
/*!40101 SET @saved_cs_client     = @@character_set_client */;
/*!50503 SET character_set_client = utf8mb4 */;
CREATE TABLE `tags` (
  `id` bigint unsigned NOT NULL AUTO_INCREMENT,
  `name` varchar(120) COLLATE utf8mb4_unicode_ci NOT NULL,
  `author_id` bigint unsigned DEFAULT NULL,
  `author_type` varchar(255) COLLATE utf8mb4_unicode_ci NOT NULL DEFAULT 'Botble\\ACL\\Models\\User',
  `description` varchar(400) COLLATE utf8mb4_unicode_ci DEFAULT '',
  `status` varchar(60) COLLATE utf8mb4_unicode_ci NOT NULL DEFAULT 'published',
  `created_at` timestamp NULL DEFAULT NULL,
  `updated_at` timestamp NULL DEFAULT NULL,
  PRIMARY KEY (`id`)
) ENGINE=InnoDB AUTO_INCREMENT=6 DEFAULT CHARSET=utf8mb4 COLLATE=utf8mb4_unicode_ci;
/*!40101 SET character_set_client = @saved_cs_client */;

--
-- Dumping data for table `tags`
--

LOCK TABLES `tags` WRITE;
/*!40000 ALTER TABLE `tags` DISABLE KEYS */;
INSERT INTO `tags` VALUES (1,'General',NULL,'Botble\\ACL\\Models\\User','','published','2023-11-15 03:06:00','2023-11-15 03:06:00'),(2,'Design',NULL,'Botble\\ACL\\Models\\User','','published','2023-11-15 03:06:00','2023-11-15 03:06:00'),(3,'Fashion',NULL,'Botble\\ACL\\Models\\User','','published','2023-11-15 03:06:00','2023-11-15 03:06:00'),(4,'Branding',NULL,'Botble\\ACL\\Models\\User','','published','2023-11-15 03:06:00','2023-11-15 03:06:00'),(5,'Modern',NULL,'Botble\\ACL\\Models\\User','','published','2023-11-15 03:06:00','2023-11-15 03:06:00');
/*!40000 ALTER TABLE `tags` ENABLE KEYS */;
UNLOCK TABLES;

--
-- Table structure for table `tags_translations`
--

DROP TABLE IF EXISTS `tags_translations`;
/*!40101 SET @saved_cs_client     = @@character_set_client */;
/*!50503 SET character_set_client = utf8mb4 */;
CREATE TABLE `tags_translations` (
  `lang_code` varchar(20) COLLATE utf8mb4_unicode_ci NOT NULL,
  `tags_id` bigint unsigned NOT NULL,
  `name` varchar(255) COLLATE utf8mb4_unicode_ci DEFAULT NULL,
  `description` varchar(400) COLLATE utf8mb4_unicode_ci DEFAULT NULL,
  PRIMARY KEY (`lang_code`,`tags_id`)
) ENGINE=InnoDB DEFAULT CHARSET=utf8mb4 COLLATE=utf8mb4_unicode_ci;
/*!40101 SET character_set_client = @saved_cs_client */;

--
-- Dumping data for table `tags_translations`
--

LOCK TABLES `tags_translations` WRITE;
/*!40000 ALTER TABLE `tags_translations` DISABLE KEYS */;
/*!40000 ALTER TABLE `tags_translations` ENABLE KEYS */;
UNLOCK TABLES;

--
-- Table structure for table `translations`
--

DROP TABLE IF EXISTS `translations`;
/*!40101 SET @saved_cs_client     = @@character_set_client */;
/*!50503 SET character_set_client = utf8mb4 */;
CREATE TABLE `translations` (
  `id` bigint unsigned NOT NULL AUTO_INCREMENT,
  `status` int NOT NULL DEFAULT '0',
  `locale` varchar(191) COLLATE utf8mb4_unicode_ci NOT NULL,
  `group` varchar(191) COLLATE utf8mb4_unicode_ci NOT NULL,
  `key` varchar(191) COLLATE utf8mb4_unicode_ci NOT NULL,
  `value` text COLLATE utf8mb4_unicode_ci,
  `created_at` timestamp NULL DEFAULT NULL,
  `updated_at` timestamp NULL DEFAULT NULL,
  PRIMARY KEY (`id`)
) ENGINE=InnoDB AUTO_INCREMENT=3324 DEFAULT CHARSET=utf8mb4 COLLATE=utf8mb4_unicode_ci;
/*!40101 SET character_set_client = @saved_cs_client */;

--
-- Dumping data for table `translations`
--

LOCK TABLES `translations` WRITE;
/*!40000 ALTER TABLE `translations` DISABLE KEYS */;
INSERT INTO `translations` VALUES (1,1,'en','auth','failed','These credentials do not match our records.','2023-11-15 03:06:02','2023-11-15 03:06:02'),(2,1,'en','auth','password','The provided password is incorrect.','2023-11-15 03:06:02','2023-11-15 03:06:02'),(3,1,'en','auth','throttle','Too many login attempts. Please try again in :seconds seconds.','2023-11-15 03:06:02','2023-11-15 03:06:02'),(4,1,'en','pagination','previous','&laquo; Previous','2023-11-15 03:06:02','2023-11-15 03:06:02'),(5,1,'en','pagination','next','Next &raquo;','2023-11-15 03:06:02','2023-11-15 03:06:02'),(6,1,'en','passwords','reset','Your password has been reset!','2023-11-15 03:06:02','2023-11-15 03:06:02'),(7,1,'en','passwords','sent','We have emailed your password reset link!','2023-11-15 03:06:02','2023-11-15 03:06:02'),(8,1,'en','passwords','throttled','Please wait before retrying.','2023-11-15 03:06:02','2023-11-15 03:06:02'),(9,1,'en','passwords','token','This password reset token is invalid.','2023-11-15 03:06:02','2023-11-15 03:06:02'),(10,1,'en','passwords','user','We can\'t find a user with that email address.','2023-11-15 03:06:02','2023-11-15 03:06:02'),(11,1,'en','validation','accepted','The :attribute must be accepted.','2023-11-15 03:06:02','2023-11-15 03:06:02'),(12,1,'en','validation','accepted_if','The :attribute must be accepted when :other is :value.','2023-11-15 03:06:02','2023-11-15 03:06:02'),(13,1,'en','validation','active_url','The :attribute is not a valid URL.','2023-11-15 03:06:02','2023-11-15 03:06:02'),(14,1,'en','validation','after','The :attribute must be a date after :date.','2023-11-15 03:06:02','2023-11-15 03:06:02'),(15,1,'en','validation','after_or_equal','The :attribute must be a date after or equal to :date.','2023-11-15 03:06:02','2023-11-15 03:06:02'),(16,1,'en','validation','alpha','The :attribute must only contain letters.','2023-11-15 03:06:02','2023-11-15 03:06:02'),(17,1,'en','validation','alpha_dash','The :attribute must only contain letters, numbers, dashes and underscores.','2023-11-15 03:06:02','2023-11-15 03:06:02'),(18,1,'en','validation','alpha_num','The :attribute must only contain letters and numbers.','2023-11-15 03:06:02','2023-11-15 03:06:02'),(19,1,'en','validation','array','The :attribute must be an array.','2023-11-15 03:06:02','2023-11-15 03:06:02'),(20,1,'en','validation','ascii','The :attribute field must only contain single-byte alphanumeric characters and symbols.','2023-11-15 03:06:02','2023-11-15 03:06:02'),(21,1,'en','validation','before','The :attribute must be a date before :date.','2023-11-15 03:06:02','2023-11-15 03:06:02'),(22,1,'en','validation','before_or_equal','The :attribute must be a date before or equal to :date.','2023-11-15 03:06:02','2023-11-15 03:06:02'),(23,1,'en','validation','between.array','The :attribute must have between :min and :max items.','2023-11-15 03:06:02','2023-11-15 03:06:02'),(24,1,'en','validation','between.file','The :attribute must be between :min and :max kilobytes.','2023-11-15 03:06:02','2023-11-15 03:06:02'),(25,1,'en','validation','between.numeric','The :attribute must be between :min and :max.','2023-11-15 03:06:02','2023-11-15 03:06:02'),(26,1,'en','validation','between.string','The :attribute must be between :min and :max characters.','2023-11-15 03:06:02','2023-11-15 03:06:02'),(27,1,'en','validation','boolean','The :attribute field must be true or false.','2023-11-15 03:06:02','2023-11-15 03:06:02'),(28,1,'en','validation','can','The :attribute field contains an unauthorized value.','2023-11-15 03:06:02','2023-11-15 03:06:02'),(29,1,'en','validation','confirmed','The :attribute confirmation does not match.','2023-11-15 03:06:02','2023-11-15 03:06:02'),(30,1,'en','validation','current_password','The password is incorrect.','2023-11-15 03:06:02','2023-11-15 03:06:02'),(31,1,'en','validation','date','The :attribute is not a valid date.','2023-11-15 03:06:02','2023-11-15 03:06:02'),(32,1,'en','validation','date_equals','The :attribute must be a date equal to :date.','2023-11-15 03:06:02','2023-11-15 03:06:02'),(33,1,'en','validation','date_format','The :attribute does not match the format :format.','2023-11-15 03:06:02','2023-11-15 03:06:02'),(34,1,'en','validation','decimal','The :attribute field must have :decimal decimal places.','2023-11-15 03:06:02','2023-11-15 03:06:02'),(35,1,'en','validation','declined','The :attribute must be declined.','2023-11-15 03:06:02','2023-11-15 03:06:02'),(36,1,'en','validation','declined_if','The :attribute must be declined when :other is :value.','2023-11-15 03:06:02','2023-11-15 03:06:02'),(37,1,'en','validation','different','The :attribute and :other must be different.','2023-11-15 03:06:02','2023-11-15 03:06:02'),(38,1,'en','validation','digits','The :attribute must be :digits digits.','2023-11-15 03:06:02','2023-11-15 03:06:02'),(39,1,'en','validation','digits_between','The :attribute must be between :min and :max digits.','2023-11-15 03:06:02','2023-11-15 03:06:02'),(40,1,'en','validation','dimensions','The :attribute has invalid image dimensions.','2023-11-15 03:06:02','2023-11-15 03:06:02'),(41,1,'en','validation','distinct','The :attribute field has a duplicate value.','2023-11-15 03:06:02','2023-11-15 03:06:02'),(42,1,'en','validation','doesnt_end_with','The :attribute field must not end with one of the following: :values.','2023-11-15 03:06:02','2023-11-15 03:06:02'),(43,1,'en','validation','doesnt_start_with','The :attribute may not start with one of the following: :values.','2023-11-15 03:06:02','2023-11-15 03:06:02'),(44,1,'en','validation','email','The :attribute must be a valid email address.','2023-11-15 03:06:02','2023-11-15 03:06:02'),(45,1,'en','validation','ends_with','The :attribute must end with one of the following: :values.','2023-11-15 03:06:02','2023-11-15 03:06:02'),(46,1,'en','validation','enum','The selected :attribute is invalid.','2023-11-15 03:06:02','2023-11-15 03:06:02'),(47,1,'en','validation','exists','The selected :attribute is invalid.','2023-11-15 03:06:02','2023-11-15 03:06:02'),(48,1,'en','validation','file','The :attribute must be a file.','2023-11-15 03:06:02','2023-11-15 03:06:02'),(49,1,'en','validation','filled','The :attribute field must have a value.','2023-11-15 03:06:02','2023-11-15 03:06:02'),(50,1,'en','validation','gt.array','The :attribute must have more than :value items.','2023-11-15 03:06:02','2023-11-15 03:06:02'),(51,1,'en','validation','gt.file','The :attribute must be greater than :value kilobytes.','2023-11-15 03:06:02','2023-11-15 03:06:02'),(52,1,'en','validation','gt.numeric','The :attribute must be greater than :value.','2023-11-15 03:06:02','2023-11-15 03:06:02'),(53,1,'en','validation','gt.string','The :attribute must be greater than :value characters.','2023-11-15 03:06:02','2023-11-15 03:06:02'),(54,1,'en','validation','gte.array','The :attribute must have :value items or more.','2023-11-15 03:06:02','2023-11-15 03:06:02'),(55,1,'en','validation','gte.file','The :attribute must be greater than or equal to :value kilobytes.','2023-11-15 03:06:02','2023-11-15 03:06:02'),(56,1,'en','validation','gte.numeric','The :attribute must be greater than or equal to :value.','2023-11-15 03:06:02','2023-11-15 03:06:02'),(57,1,'en','validation','gte.string','The :attribute must be greater than or equal to :value characters.','2023-11-15 03:06:02','2023-11-15 03:06:02'),(58,1,'en','validation','image','The :attribute must be an image.','2023-11-15 03:06:02','2023-11-15 03:06:02'),(59,1,'en','validation','in','The selected :attribute is invalid.','2023-11-15 03:06:02','2023-11-15 03:06:02'),(60,1,'en','validation','in_array','The :attribute field does not exist in :other.','2023-11-15 03:06:02','2023-11-15 03:06:02'),(61,1,'en','validation','integer','The :attribute must be an integer.','2023-11-15 03:06:02','2023-11-15 03:06:02'),(62,1,'en','validation','ip','The :attribute must be a valid IP address.','2023-11-15 03:06:02','2023-11-15 03:06:02'),(63,1,'en','validation','ipv4','The :attribute must be a valid IPv4 address.','2023-11-15 03:06:02','2023-11-15 03:06:02'),(64,1,'en','validation','ipv6','The :attribute must be a valid IPv6 address.','2023-11-15 03:06:02','2023-11-15 03:06:02'),(65,1,'en','validation','json','The :attribute must be a valid JSON string.','2023-11-15 03:06:02','2023-11-15 03:06:02'),(66,1,'en','validation','lowercase','The :attribute field must be lowercase.','2023-11-15 03:06:02','2023-11-15 03:06:02'),(67,1,'en','validation','lt.array','The :attribute must have less than :value items.','2023-11-15 03:06:02','2023-11-15 03:06:02'),(68,1,'en','validation','lt.file','The :attribute must be less than :value kilobytes.','2023-11-15 03:06:02','2023-11-15 03:06:02'),(69,1,'en','validation','lt.numeric','The :attribute must be less than :value.','2023-11-15 03:06:02','2023-11-15 03:06:02'),(70,1,'en','validation','lt.string','The :attribute must be less than :value characters.','2023-11-15 03:06:02','2023-11-15 03:06:02'),(71,1,'en','validation','lte.array','The :attribute must not have more than :value items.','2023-11-15 03:06:02','2023-11-15 03:06:02'),(72,1,'en','validation','lte.file','The :attribute must be less than or equal to :value kilobytes.','2023-11-15 03:06:02','2023-11-15 03:06:02'),(73,1,'en','validation','lte.numeric','The :attribute must be less than or equal to :value.','2023-11-15 03:06:02','2023-11-15 03:06:02'),(74,1,'en','validation','lte.string','The :attribute must be less than or equal to :value characters.','2023-11-15 03:06:02','2023-11-15 03:06:02'),(75,1,'en','validation','mac_address','The :attribute must be a valid MAC address.','2023-11-15 03:06:02','2023-11-15 03:06:02'),(76,1,'en','validation','max.array','The :attribute must not have more than :max items.','2023-11-15 03:06:02','2023-11-15 03:06:02'),(77,1,'en','validation','max.file','The :attribute must not be greater than :max kilobytes.','2023-11-15 03:06:02','2023-11-15 03:06:02'),(78,1,'en','validation','max.numeric','The :attribute must not be greater than :max.','2023-11-15 03:06:02','2023-11-15 03:06:02'),(79,1,'en','validation','max.string','The :attribute must not be greater than :max characters.','2023-11-15 03:06:02','2023-11-15 03:06:02'),(80,1,'en','validation','max_digits','The :attribute field must not have more than :max digits.','2023-11-15 03:06:02','2023-11-15 03:06:02'),(81,1,'en','validation','mimes','The :attribute must be a file of type: :values.','2023-11-15 03:06:02','2023-11-15 03:06:02'),(82,1,'en','validation','mimetypes','The :attribute must be a file of type: :values.','2023-11-15 03:06:02','2023-11-15 03:06:02'),(83,1,'en','validation','min.array','The :attribute must have at least :min items.','2023-11-15 03:06:02','2023-11-15 03:06:02'),(84,1,'en','validation','min.file','The :attribute must be at least :min kilobytes.','2023-11-15 03:06:02','2023-11-15 03:06:02'),(85,1,'en','validation','min.numeric','The :attribute must be at least :min.','2023-11-15 03:06:02','2023-11-15 03:06:02'),(86,1,'en','validation','min.string','The :attribute must be at least :min characters.','2023-11-15 03:06:02','2023-11-15 03:06:02'),(87,1,'en','validation','min_digits','The :attribute field must have at least :min digits.','2023-11-15 03:06:02','2023-11-15 03:06:02'),(88,1,'en','validation','missing','The :attribute field must be missing.','2023-11-15 03:06:02','2023-11-15 03:06:02'),(89,1,'en','validation','missing_if','The :attribute field must be missing when :other is :value.','2023-11-15 03:06:02','2023-11-15 03:06:02'),(90,1,'en','validation','missing_unless','The :attribute field must be missing unless :other is :value.','2023-11-15 03:06:02','2023-11-15 03:06:02'),(91,1,'en','validation','missing_with','The :attribute field must be missing when :values is present.','2023-11-15 03:06:02','2023-11-15 03:06:02'),(92,1,'en','validation','missing_with_all','The :attribute field must be missing when :values are present.','2023-11-15 03:06:02','2023-11-15 03:06:02'),(93,1,'en','validation','multiple_of','The :attribute must be a multiple of :value.','2023-11-15 03:06:02','2023-11-15 03:06:02'),(94,1,'en','validation','not_in','The selected :attribute is invalid.','2023-11-15 03:06:02','2023-11-15 03:06:02'),(95,1,'en','validation','not_regex','The :attribute format is invalid.','2023-11-15 03:06:02','2023-11-15 03:06:02'),(96,1,'en','validation','numeric','The :attribute must be a number.','2023-11-15 03:06:02','2023-11-15 03:06:02'),(97,1,'en','validation','password.letters','The :attribute must contain at least one letter.','2023-11-15 03:06:02','2023-11-15 03:06:02'),(98,1,'en','validation','password.mixed','The :attribute must contain at least one uppercase and one lowercase letter.','2023-11-15 03:06:02','2023-11-15 03:06:02'),(99,1,'en','validation','password.numbers','The :attribute must contain at least one number.','2023-11-15 03:06:02','2023-11-15 03:06:02'),(100,1,'en','validation','password.symbols','The :attribute must contain at least one symbol.','2023-11-15 03:06:02','2023-11-15 03:06:02'),(101,1,'en','validation','password.uncompromised','The given :attribute has appeared in a data leak. Please choose a different :attribute.','2023-11-15 03:06:02','2023-11-15 03:06:02'),(102,1,'en','validation','present','The :attribute field must be present.','2023-11-15 03:06:02','2023-11-15 03:06:02'),(103,1,'en','validation','present_if','The :attribute field must be present when :other is :value.','2023-11-15 03:06:02','2023-11-15 03:06:02'),(104,1,'en','validation','present_unless','The :attribute field must be present unless :other is :value.','2023-11-15 03:06:02','2023-11-15 03:06:02'),(105,1,'en','validation','present_with','The :attribute field must be present when :values is present.','2023-11-15 03:06:02','2023-11-15 03:06:02'),(106,1,'en','validation','present_with_all','The :attribute field must be present when :values are present.','2023-11-15 03:06:02','2023-11-15 03:06:02'),(107,1,'en','validation','prohibited','The :attribute field is prohibited.','2023-11-15 03:06:02','2023-11-15 03:06:02'),(108,1,'en','validation','prohibited_if','The :attribute field is prohibited when :other is :value.','2023-11-15 03:06:02','2023-11-15 03:06:02'),(109,1,'en','validation','prohibited_unless','The :attribute field is prohibited unless :other is in :values.','2023-11-15 03:06:02','2023-11-15 03:06:02'),(110,1,'en','validation','prohibits','The :attribute field prohibits :other from being present.','2023-11-15 03:06:02','2023-11-15 03:06:02'),(111,1,'en','validation','regex','The :attribute format is invalid.','2023-11-15 03:06:02','2023-11-15 03:06:02'),(112,1,'en','validation','required','The :attribute field is required.','2023-11-15 03:06:02','2023-11-15 03:06:02'),(113,1,'en','validation','required_array_keys','The :attribute field must contain entries for: :values.','2023-11-15 03:06:02','2023-11-15 03:06:02'),(114,1,'en','validation','required_if','The :attribute field is required when :other is :value.','2023-11-15 03:06:02','2023-11-15 03:06:02'),(115,1,'en','validation','required_if_accepted','The :attribute field is required when :other is accepted.','2023-11-15 03:06:02','2023-11-15 03:06:02'),(116,1,'en','validation','required_unless','The :attribute field is required unless :other is in :values.','2023-11-15 03:06:02','2023-11-15 03:06:02'),(117,1,'en','validation','required_with','The :attribute field is required when :values is present.','2023-11-15 03:06:02','2023-11-15 03:06:02'),(118,1,'en','validation','required_with_all','The :attribute field is required when :values are present.','2023-11-15 03:06:02','2023-11-15 03:06:02'),(119,1,'en','validation','required_without','The :attribute field is required when :values is not present.','2023-11-15 03:06:02','2023-11-15 03:06:02'),(120,1,'en','validation','required_without_all','The :attribute field is required when none of :values are present.','2023-11-15 03:06:02','2023-11-15 03:06:02'),(121,1,'en','validation','same','The :attribute and :other must match.','2023-11-15 03:06:02','2023-11-15 03:06:02'),(122,1,'en','validation','size.array','The :attribute must contain :size items.','2023-11-15 03:06:02','2023-11-15 03:06:02'),(123,1,'en','validation','size.file','The :attribute must be :size kilobytes.','2023-11-15 03:06:02','2023-11-15 03:06:02'),(124,1,'en','validation','size.numeric','The :attribute must be :size.','2023-11-15 03:06:02','2023-11-15 03:06:02'),(125,1,'en','validation','size.string','The :attribute must be :size characters.','2023-11-15 03:06:02','2023-11-15 03:06:02'),(126,1,'en','validation','starts_with','The :attribute must start with one of the following: :values.','2023-11-15 03:06:02','2023-11-15 03:06:02'),(127,1,'en','validation','string','The :attribute must be a string.','2023-11-15 03:06:02','2023-11-15 03:06:02'),(128,1,'en','validation','timezone','The :attribute must be a valid timezone.','2023-11-15 03:06:02','2023-11-15 03:06:02'),(129,1,'en','validation','unique','The :attribute has already been taken.','2023-11-15 03:06:02','2023-11-15 03:06:02'),(130,1,'en','validation','uploaded','The :attribute failed to upload.','2023-11-15 03:06:02','2023-11-15 03:06:02'),(131,1,'en','validation','uppercase','The :attribute field must be uppercase.','2023-11-15 03:06:02','2023-11-15 03:06:02'),(132,1,'en','validation','url','The :attribute must be a valid URL.','2023-11-15 03:06:02','2023-11-15 03:06:02'),(133,1,'en','validation','ulid','The :attribute field must be a valid ULID.','2023-11-15 03:06:02','2023-11-15 03:06:02'),(134,1,'en','validation','uuid','The :attribute must be a valid UUID.','2023-11-15 03:06:02','2023-11-15 03:06:02'),(135,1,'en','validation','custom.attribute-name.rule-name','custom-message','2023-11-15 03:06:02','2023-11-15 03:06:02'),(136,1,'en','core/acl/auth','login.username','Email/Username','2023-11-15 03:06:02','2023-11-15 03:06:02'),(137,1,'en','core/acl/auth','login.email','Email','2023-11-15 03:06:02','2023-11-15 03:06:02'),(138,1,'en','core/acl/auth','login.password','Password','2023-11-15 03:06:02','2023-11-15 03:06:02'),(139,1,'en','core/acl/auth','login.title','User Login','2023-11-15 03:06:02','2023-11-15 03:06:02'),(140,1,'en','core/acl/auth','login.remember','Remember me?','2023-11-15 03:06:02','2023-11-15 03:06:02'),(141,1,'en','core/acl/auth','login.login','Sign in','2023-11-15 03:06:02','2023-11-15 03:06:02'),(142,1,'en','core/acl/auth','login.placeholder.username','Please enter your username','2023-11-15 03:06:02','2023-11-15 03:06:02'),(143,1,'en','core/acl/auth','login.placeholder.email','Please enter your email','2023-11-15 03:06:02','2023-11-15 03:06:02'),(144,1,'en','core/acl/auth','login.success','Login successfully!','2023-11-15 03:06:02','2023-11-15 03:06:02'),(145,1,'en','core/acl/auth','login.fail','Wrong username or password.','2023-11-15 03:06:02','2023-11-15 03:06:02'),(146,1,'en','core/acl/auth','login.not_active','Your account has not been activated yet!','2023-11-15 03:06:02','2023-11-15 03:06:02'),(147,1,'en','core/acl/auth','login.banned','This account is banned.','2023-11-15 03:06:02','2023-11-15 03:06:02'),(148,1,'en','core/acl/auth','login.logout_success','Logout successfully!','2023-11-15 03:06:02','2023-11-15 03:06:02'),(149,1,'en','core/acl/auth','login.dont_have_account','You don\'t have account on this system, please contact administrator for more information!','2023-11-15 03:06:02','2023-11-15 03:06:02'),(150,1,'en','core/acl/auth','forgot_password.title','Forgot Password','2023-11-15 03:06:02','2023-11-15 03:06:02'),(151,1,'en','core/acl/auth','forgot_password.message','<p>Have you forgotten your password?</p><p>Please enter your email account. System will send a email with active link to reset your password.</p>','2023-11-15 03:06:02','2023-11-15 03:06:02'),(152,1,'en','core/acl/auth','forgot_password.submit','Submit','2023-11-15 03:06:02','2023-11-15 03:06:02'),(153,1,'en','core/acl/auth','reset.new_password','New password','2023-11-15 03:06:02','2023-11-15 03:06:02'),(154,1,'en','core/acl/auth','reset.password_confirmation','Confirm new password','2023-11-15 03:06:02','2023-11-15 03:06:02'),(155,1,'en','core/acl/auth','reset.email','Email','2023-11-15 03:06:02','2023-11-15 03:06:02'),(156,1,'en','core/acl/auth','reset.title','Reset your password','2023-11-15 03:06:02','2023-11-15 03:06:02'),(157,1,'en','core/acl/auth','reset.update','Update','2023-11-15 03:06:02','2023-11-15 03:06:02'),(158,1,'en','core/acl/auth','reset.wrong_token','This link is invalid or expired. Please try using reset form again.','2023-11-15 03:06:02','2023-11-15 03:06:02'),(159,1,'en','core/acl/auth','reset.user_not_found','This username is not exist.','2023-11-15 03:06:02','2023-11-15 03:06:02'),(160,1,'en','core/acl/auth','reset.success','Reset password successfully!','2023-11-15 03:06:02','2023-11-15 03:06:02'),(161,1,'en','core/acl/auth','reset.fail','Token is invalid, the reset password link has been expired!','2023-11-15 03:06:02','2023-11-15 03:06:02'),(162,1,'en','core/acl/auth','reset.reset.title','Email reset password','2023-11-15 03:06:02','2023-11-15 03:06:02'),(163,1,'en','core/acl/auth','reset.send.success','A email was sent to your email account. Please check and complete this action.','2023-11-15 03:06:02','2023-11-15 03:06:02'),(164,1,'en','core/acl/auth','reset.send.fail','Can not send email in this time. Please try again later.','2023-11-15 03:06:02','2023-11-15 03:06:02'),(165,1,'en','core/acl/auth','reset.new-password','New password','2023-11-15 03:06:02','2023-11-15 03:06:02'),(166,1,'en','core/acl/auth','email.reminder.title','Email reset password','2023-11-15 03:06:02','2023-11-15 03:06:02'),(167,1,'en','core/acl/auth','password_confirmation','Password confirm','2023-11-15 03:06:02','2023-11-15 03:06:02'),(168,1,'en','core/acl/auth','failed','Failed','2023-11-15 03:06:02','2023-11-15 03:06:02'),(169,1,'en','core/acl/auth','throttle','Throttle','2023-11-15 03:06:02','2023-11-15 03:06:02'),(170,1,'en','core/acl/auth','not_member','Not a member yet?','2023-11-15 03:06:02','2023-11-15 03:06:02'),(171,1,'en','core/acl/auth','register_now','Register now','2023-11-15 03:06:02','2023-11-15 03:06:02'),(172,1,'en','core/acl/auth','lost_your_password','Lost your password?','2023-11-15 03:06:02','2023-11-15 03:06:02'),(173,1,'en','core/acl/auth','login_title','Admin','2023-11-15 03:06:02','2023-11-15 03:06:02'),(174,1,'en','core/acl/auth','login_via_social','Login with social networks','2023-11-15 03:06:02','2023-11-15 03:06:02'),(175,1,'en','core/acl/auth','back_to_login','Back to login page','2023-11-15 03:06:02','2023-11-15 03:06:02'),(176,1,'en','core/acl/auth','sign_in_below','Sign In Below','2023-11-15 03:06:02','2023-11-15 03:06:02'),(177,1,'en','core/acl/auth','languages','Languages','2023-11-15 03:06:02','2023-11-15 03:06:02'),(178,1,'en','core/acl/auth','reset_password','Reset Password','2023-11-15 03:06:02','2023-11-15 03:06:02'),(179,1,'en','core/acl/auth','settings.email.title','ACL','2023-11-15 03:06:02','2023-11-15 03:06:02'),(180,1,'en','core/acl/auth','settings.email.description','ACL email configuration','2023-11-15 03:06:02','2023-11-15 03:06:02'),(181,1,'en','core/acl/permissions','notices.role_in_use','Cannot delete this role, it is still in use!','2023-11-15 03:06:02','2023-11-15 03:06:02'),(182,1,'en','core/acl/permissions','notices.role_delete_belong_user','You are not able to delete this role; it belongs to someone else!','2023-11-15 03:06:02','2023-11-15 03:06:02'),(183,1,'en','core/acl/permissions','notices.role_edit_belong_user','You are not able to edit this role; it belongs to someone else!','2023-11-15 03:06:02','2023-11-15 03:06:02'),(184,1,'en','core/acl/permissions','notices.delete_global_role','You are not allowed to delete global roles!','2023-11-15 03:06:02','2023-11-15 03:06:02'),(185,1,'en','core/acl/permissions','notices.delete_success','The selected role was deleted successfully!','2023-11-15 03:06:03','2023-11-15 03:06:03'),(186,1,'en','core/acl/permissions','notices.modified_success','The selected role was modified successfully!','2023-11-15 03:06:03','2023-11-15 03:06:03'),(187,1,'en','core/acl/permissions','notices.create_success','The new role was successfully created','2023-11-15 03:06:03','2023-11-15 03:06:03'),(188,1,'en','core/acl/permissions','notices.duplicated_success','The selected role was duplicated successfully','2023-11-15 03:06:03','2023-11-15 03:06:03'),(189,1,'en','core/acl/permissions','notices.no_select','Please select at least one record to take this action!','2023-11-15 03:06:03','2023-11-15 03:06:03'),(190,1,'en','core/acl/permissions','notices.not_found','Role not found','2023-11-15 03:06:03','2023-11-15 03:06:03'),(191,1,'en','core/acl/permissions','name','Name','2023-11-15 03:06:03','2023-11-15 03:06:03'),(192,1,'en','core/acl/permissions','current_role','Current Role','2023-11-15 03:06:03','2023-11-15 03:06:03'),(193,1,'en','core/acl/permissions','no_role_assigned','No role assigned','2023-11-15 03:06:03','2023-11-15 03:06:03'),(194,1,'en','core/acl/permissions','role_assigned','Assigned Role','2023-11-15 03:06:03','2023-11-15 03:06:03'),(195,1,'en','core/acl/permissions','create_role','Create New Role','2023-11-15 03:06:03','2023-11-15 03:06:03'),(196,1,'en','core/acl/permissions','role_name','Name','2023-11-15 03:06:03','2023-11-15 03:06:03'),(197,1,'en','core/acl/permissions','role_description','Description','2023-11-15 03:06:03','2023-11-15 03:06:03'),(198,1,'en','core/acl/permissions','permission_flags','Permission Flags','2023-11-15 03:06:03','2023-11-15 03:06:03'),(199,1,'en','core/acl/permissions','cancel','Cancel','2023-11-15 03:06:03','2023-11-15 03:06:03'),(200,1,'en','core/acl/permissions','reset','Reset','2023-11-15 03:06:03','2023-11-15 03:06:03'),(201,1,'en','core/acl/permissions','save','Save','2023-11-15 03:06:03','2023-11-15 03:06:03'),(202,1,'en','core/acl/permissions','global_role_msg','This is a global role and cannot be modified.  You can use the Duplicate button to make a copy of this role that you can then modify.','2023-11-15 03:06:03','2023-11-15 03:06:03'),(203,1,'en','core/acl/permissions','details','Details \":name\"','2023-11-15 03:06:03','2023-11-15 03:06:03'),(204,1,'en','core/acl/permissions','duplicate','Duplicate','2023-11-15 03:06:03','2023-11-15 03:06:03'),(205,1,'en','core/acl/permissions','all','All Permissions','2023-11-15 03:06:03','2023-11-15 03:06:03'),(206,1,'en','core/acl/permissions','list_role','List Roles','2023-11-15 03:06:03','2023-11-15 03:06:03'),(207,1,'en','core/acl/permissions','created_on','Created On','2023-11-15 03:06:03','2023-11-15 03:06:03'),(208,1,'en','core/acl/permissions','created_by','Created By','2023-11-15 03:06:03','2023-11-15 03:06:03'),(209,1,'en','core/acl/permissions','actions','Actions','2023-11-15 03:06:03','2023-11-15 03:06:03'),(210,1,'en','core/acl/permissions','role_in_use','Cannot delete this role, it is still in use!','2023-11-15 03:06:03','2023-11-15 03:06:03'),(211,1,'en','core/acl/permissions','role_delete_belong_user','You are not able to delete this role; it belongs to someone else!','2023-11-15 03:06:03','2023-11-15 03:06:03'),(212,1,'en','core/acl/permissions','delete_global_role','Can not delete global role','2023-11-15 03:06:03','2023-11-15 03:06:03'),(213,1,'en','core/acl/permissions','delete_success','Delete role successfully','2023-11-15 03:06:03','2023-11-15 03:06:03'),(214,1,'en','core/acl/permissions','no_select','Please select at least one role to take this action!','2023-11-15 03:06:03','2023-11-15 03:06:03'),(215,1,'en','core/acl/permissions','not_found','No role found!','2023-11-15 03:06:03','2023-11-15 03:06:03'),(216,1,'en','core/acl/permissions','role_edit_belong_user','You are not able to edit this role; it belongs to someone else!','2023-11-15 03:06:03','2023-11-15 03:06:03'),(217,1,'en','core/acl/permissions','modified_success','Modified successfully','2023-11-15 03:06:03','2023-11-15 03:06:03'),(218,1,'en','core/acl/permissions','create_success','Create successfully','2023-11-15 03:06:03','2023-11-15 03:06:03'),(219,1,'en','core/acl/permissions','duplicated_success','Duplicated successfully','2023-11-15 03:06:03','2023-11-15 03:06:03'),(220,1,'en','core/acl/permissions','options','Options','2023-11-15 03:06:03','2023-11-15 03:06:03'),(221,1,'en','core/acl/permissions','access_denied_message','You are not allowed to do this action','2023-11-15 03:06:03','2023-11-15 03:06:03'),(222,1,'en','core/acl/permissions','roles','Roles','2023-11-15 03:06:03','2023-11-15 03:06:03'),(223,1,'en','core/acl/permissions','role_permission','Roles and Permissions','2023-11-15 03:06:03','2023-11-15 03:06:03'),(224,1,'en','core/acl/permissions','user_management','User Management','2023-11-15 03:06:03','2023-11-15 03:06:03'),(225,1,'en','core/acl/permissions','super_user_management','Super User Management','2023-11-15 03:06:03','2023-11-15 03:06:03'),(226,1,'en','core/acl/permissions','action_unauthorized','This action is unauthorized.','2023-11-15 03:06:03','2023-11-15 03:06:03'),(227,1,'en','core/acl/users','delete_user_logged_in','Can\'t delete this user. This user is logged on!','2023-11-15 03:06:03','2023-11-15 03:06:03'),(228,1,'en','core/acl/users','no_select','Please select at least one record to take this action!','2023-11-15 03:06:03','2023-11-15 03:06:03'),(229,1,'en','core/acl/users','lock_user_logged_in','Can\'t lock this user. This user is logged on!','2023-11-15 03:06:03','2023-11-15 03:06:03'),(230,1,'en','core/acl/users','update_success','Update status successfully!','2023-11-15 03:06:03','2023-11-15 03:06:03'),(231,1,'en','core/acl/users','save_setting_failed','Something went wrong when save your setting','2023-11-15 03:06:03','2023-11-15 03:06:03'),(232,1,'en','core/acl/users','not_found','User not found','2023-11-15 03:06:03','2023-11-15 03:06:03'),(233,1,'en','core/acl/users','email_exist','That email address already belongs to an existing account','2023-11-15 03:06:03','2023-11-15 03:06:03'),(234,1,'en','core/acl/users','username_exist','That username address already belongs to an existing account','2023-11-15 03:06:03','2023-11-15 03:06:03'),(235,1,'en','core/acl/users','update_profile_success','Your profile changes were successfully saved','2023-11-15 03:06:03','2023-11-15 03:06:03'),(236,1,'en','core/acl/users','password_update_success','Password successfully changed','2023-11-15 03:06:03','2023-11-15 03:06:03'),(237,1,'en','core/acl/users','current_password_not_valid','Current password is not valid','2023-11-15 03:06:03','2023-11-15 03:06:03'),(238,1,'en','core/acl/users','user_exist_in','User is already a member','2023-11-15 03:06:03','2023-11-15 03:06:03'),(239,1,'en','core/acl/users','email','Email','2023-11-15 03:06:03','2023-11-15 03:06:03'),(240,1,'en','core/acl/users','role','Role','2023-11-15 03:06:03','2023-11-15 03:06:03'),(241,1,'en','core/acl/users','username','Username','2023-11-15 03:06:03','2023-11-15 03:06:03'),(242,1,'en','core/acl/users','last_name','Last Name','2023-11-15 03:06:03','2023-11-15 03:06:03'),(243,1,'en','core/acl/users','first_name','First Name','2023-11-15 03:06:03','2023-11-15 03:06:03'),(244,1,'en','core/acl/users','message','Message','2023-11-15 03:06:03','2023-11-15 03:06:03'),(245,1,'en','core/acl/users','cancel_btn','Cancel','2023-11-15 03:06:03','2023-11-15 03:06:03'),(246,1,'en','core/acl/users','change_password','Change password','2023-11-15 03:06:03','2023-11-15 03:06:03'),(247,1,'en','core/acl/users','current_password','Current password','2023-11-15 03:06:03','2023-11-15 03:06:03'),(248,1,'en','core/acl/users','new_password','New Password','2023-11-15 03:06:03','2023-11-15 03:06:03'),(249,1,'en','core/acl/users','confirm_new_password','Confirm New Password','2023-11-15 03:06:03','2023-11-15 03:06:03'),(250,1,'en','core/acl/users','password','Password','2023-11-15 03:06:03','2023-11-15 03:06:03'),(251,1,'en','core/acl/users','save','Save','2023-11-15 03:06:03','2023-11-15 03:06:03'),(252,1,'en','core/acl/users','cannot_delete','User could not be deleted','2023-11-15 03:06:03','2023-11-15 03:06:03'),(253,1,'en','core/acl/users','deleted','User deleted','2023-11-15 03:06:03','2023-11-15 03:06:03'),(254,1,'en','core/acl/users','last_login','Last Login','2023-11-15 03:06:03','2023-11-15 03:06:03'),(255,1,'en','core/acl/users','error_update_profile_image','Error when update profile image','2023-11-15 03:06:03','2023-11-15 03:06:03'),(256,1,'en','core/acl/users','email_reminder_template','<h3>Hello :name</h3><p>The system has received a request to restore the password for your account, to complete this task please click the link below.</p><p><a href=\":link\">Reset password now</a></p><p>If not you ask recover password, please ignore this email.</p><p>This email is valid for 60 minutes after receiving the email.</p>','2023-11-15 03:06:03','2023-11-15 03:06:03'),(257,1,'en','core/acl/users','change_profile_image','Change Profile Image','2023-11-15 03:06:03','2023-11-15 03:06:03'),(258,1,'en','core/acl/users','new_image','New Image','2023-11-15 03:06:03','2023-11-15 03:06:03'),(259,1,'en','core/acl/users','loading','Loading','2023-11-15 03:06:03','2023-11-15 03:06:03'),(260,1,'en','core/acl/users','close','Close','2023-11-15 03:06:03','2023-11-15 03:06:03'),(261,1,'en','core/acl/users','update','Update','2023-11-15 03:06:03','2023-11-15 03:06:03'),(262,1,'en','core/acl/users','read_image_failed','Failed to read the image file','2023-11-15 03:06:03','2023-11-15 03:06:03'),(263,1,'en','core/acl/users','users','Users','2023-11-15 03:06:03','2023-11-15 03:06:03'),(264,1,'en','core/acl/users','update_avatar_success','Update profile image successfully!','2023-11-15 03:06:03','2023-11-15 03:06:03'),(265,1,'en','core/acl/users','info.title','User profile','2023-11-15 03:06:03','2023-11-15 03:06:03'),(266,1,'en','core/acl/users','info.first_name','First Name','2023-11-15 03:06:03','2023-11-15 03:06:03'),(267,1,'en','core/acl/users','info.last_name','Last Name','2023-11-15 03:06:03','2023-11-15 03:06:03'),(268,1,'en','core/acl/users','total_users','Total users','2023-11-15 03:06:03','2023-11-15 03:06:03'),(269,1,'en','core/acl/users','statuses.activated','Activated','2023-11-15 03:06:03','2023-11-15 03:06:03'),(270,1,'en','core/acl/users','statuses.deactivated','Deactivated','2023-11-15 03:06:03','2023-11-15 03:06:03'),(271,1,'en','core/acl/users','make_super','Make super','2023-11-15 03:06:03','2023-11-15 03:06:03'),(272,1,'en','core/acl/users','remove_super','Remove super','2023-11-15 03:06:03','2023-11-15 03:06:03'),(273,1,'en','core/acl/users','is_super','Is super?','2023-11-15 03:06:03','2023-11-15 03:06:03'),(274,1,'en','core/acl/users','email_placeholder','Ex: example@gmail.com','2023-11-15 03:06:03','2023-11-15 03:06:03'),(275,1,'en','core/acl/users','password_confirmation','Re-type password','2023-11-15 03:06:03','2023-11-15 03:06:03'),(276,1,'en','core/acl/users','select_role','Select role','2023-11-15 03:06:03','2023-11-15 03:06:03'),(277,1,'en','core/acl/users','create_new_user','Create a new user','2023-11-15 03:06:03','2023-11-15 03:06:03'),(278,1,'en','core/acl/users','cannot_delete_super_user','Permission denied. Cannot delete a super user!','2023-11-15 03:06:03','2023-11-15 03:06:03'),(279,1,'en','core/acl/users','assigned_role','Assigned Role','2023-11-15 03:06:03','2023-11-15 03:06:03'),(280,1,'en','core/acl/users','no_role_assigned','No role assigned','2023-11-15 03:06:03','2023-11-15 03:06:03'),(281,1,'en','core/acl/users','view_user_profile','View user\'s profile','2023-11-15 03:06:03','2023-11-15 03:06:03'),(282,1,'en','core/base/base','yes','Yes','2023-11-15 03:06:03','2023-11-15 03:06:03'),(283,1,'en','core/base/base','no','No','2023-11-15 03:06:03','2023-11-15 03:06:03'),(284,1,'en','core/base/base','is_default','Is default?','2023-11-15 03:06:03','2023-11-15 03:06:03'),(285,1,'en','core/base/base','proc_close_disabled_error','Function proc_close() is disabled. Please contact your hosting provider to enable\n    it. Or you can add to .env: CAN_EXECUTE_COMMAND=false to disable this feature.','2023-11-15 03:06:03','2023-11-15 03:06:03'),(286,1,'en','core/base/base','email_template.header','Email template header','2023-11-15 03:06:03','2023-11-15 03:06:03'),(287,1,'en','core/base/base','email_template.footer','Email template footer','2023-11-15 03:06:03','2023-11-15 03:06:03'),(288,1,'en','core/base/base','email_template.site_title','Site title','2023-11-15 03:06:03','2023-11-15 03:06:03'),(289,1,'en','core/base/base','email_template.site_url','Site URL','2023-11-15 03:06:03','2023-11-15 03:06:03'),(290,1,'en','core/base/base','email_template.site_logo','Site Logo','2023-11-15 03:06:03','2023-11-15 03:06:03'),(291,1,'en','core/base/base','email_template.date_time','Current date time','2023-11-15 03:06:03','2023-11-15 03:06:03'),(292,1,'en','core/base/base','email_template.date_year','Current year','2023-11-15 03:06:03','2023-11-15 03:06:03'),(293,1,'en','core/base/base','email_template.site_admin_email','Site admin email','2023-11-15 03:06:03','2023-11-15 03:06:03'),(294,1,'en','core/base/base','email_template.twig.tag.apply','The apply tag allows you to apply Twig filters','2023-11-15 03:06:03','2023-11-15 03:06:03'),(295,1,'en','core/base/base','email_template.twig.tag.for','Loop over each item in a sequence','2023-11-15 03:06:03','2023-11-15 03:06:03'),(296,1,'en','core/base/base','email_template.twig.tag.if','The if statement in Twig is comparable with the if statements of PHP','2023-11-15 03:06:03','2023-11-15 03:06:03'),(297,1,'en','core/base/base','change_image','Change image','2023-11-15 03:06:03','2023-11-15 03:06:03'),(298,1,'en','core/base/base','delete_image','Delete image','2023-11-15 03:06:03','2023-11-15 03:06:03'),(299,1,'en','core/base/base','preview_image','Preview image','2023-11-15 03:06:03','2023-11-15 03:06:03'),(300,1,'en','core/base/base','image','Image','2023-11-15 03:06:03','2023-11-15 03:06:03'),(301,1,'en','core/base/base','using_button','Using button','2023-11-15 03:06:03','2023-11-15 03:06:03'),(302,1,'en','core/base/base','select_image','Select image','2023-11-15 03:06:03','2023-11-15 03:06:03'),(303,1,'en','core/base/base','to_add_more_image','to add more images','2023-11-15 03:06:03','2023-11-15 03:06:03'),(304,1,'en','core/base/base','add_image','Add image','2023-11-15 03:06:03','2023-11-15 03:06:03'),(305,1,'en','core/base/base','tools','Tools','2023-11-15 03:06:03','2023-11-15 03:06:03'),(306,1,'en','core/base/cache','cache_management','Cache management','2023-11-15 03:06:03','2023-11-15 03:06:03'),(307,1,'en','core/base/cache','cache_commands','Clear cache commands','2023-11-15 03:06:03','2023-11-15 03:06:03'),(308,1,'en','core/base/cache','commands.clear_cms_cache.title','Clear all CMS cache','2023-11-15 03:06:03','2023-11-15 03:06:03'),(309,1,'en','core/base/cache','commands.clear_cms_cache.description','Clear CMS caching: database caching, static blocks... Run this command when you don\'t see the changes after updating data.','2023-11-15 03:06:03','2023-11-15 03:06:03'),(310,1,'en','core/base/cache','commands.clear_cms_cache.success_msg','Cache cleaned','2023-11-15 03:06:03','2023-11-15 03:06:03'),(311,1,'en','core/base/cache','commands.refresh_compiled_views.title','Refresh compiled views','2023-11-15 03:06:03','2023-11-15 03:06:03'),(312,1,'en','core/base/cache','commands.refresh_compiled_views.description','Clear compiled views to make views up to date.','2023-11-15 03:06:03','2023-11-15 03:06:03'),(313,1,'en','core/base/cache','commands.refresh_compiled_views.success_msg','Cache view refreshed','2023-11-15 03:06:03','2023-11-15 03:06:03'),(314,1,'en','core/base/cache','commands.clear_config_cache.title','Clear config cache','2023-11-15 03:06:03','2023-11-15 03:06:03'),(315,1,'en','core/base/cache','commands.clear_config_cache.description','You might need to refresh the config caching when you change something on production environment.','2023-11-15 03:06:03','2023-11-15 03:06:03'),(316,1,'en','core/base/cache','commands.clear_config_cache.success_msg','Config cache cleaned','2023-11-15 03:06:03','2023-11-15 03:06:03'),(317,1,'en','core/base/cache','commands.clear_route_cache.title','Clear route cache','2023-11-15 03:06:03','2023-11-15 03:06:03'),(318,1,'en','core/base/cache','commands.clear_route_cache.description','Clear cache routing.','2023-11-15 03:06:03','2023-11-15 03:06:03'),(319,1,'en','core/base/cache','commands.clear_route_cache.success_msg','The route cache has been cleaned','2023-11-15 03:06:03','2023-11-15 03:06:03'),(320,1,'en','core/base/cache','commands.clear_log.title','Clear log','2023-11-15 03:06:03','2023-11-15 03:06:03'),(321,1,'en','core/base/cache','commands.clear_log.description','Clear system log files','2023-11-15 03:06:03','2023-11-15 03:06:03'),(322,1,'en','core/base/cache','commands.clear_log.success_msg','The system log has been cleaned','2023-11-15 03:06:03','2023-11-15 03:06:03'),(323,1,'en','core/base/enums','statuses.draft','Draft','2023-11-15 03:06:03','2023-11-15 03:06:03'),(324,1,'en','core/base/enums','statuses.pending','Pending','2023-11-15 03:06:03','2023-11-15 03:06:03'),(325,1,'en','core/base/enums','statuses.published','Published','2023-11-15 03:06:03','2023-11-15 03:06:03'),(326,1,'en','core/base/enums','system_updater_steps.download','Download update files','2023-11-15 03:06:03','2023-11-15 03:06:03'),(327,1,'en','core/base/enums','system_updater_steps.update_files','Update system files','2023-11-15 03:06:03','2023-11-15 03:06:03'),(328,1,'en','core/base/enums','system_updater_steps.update_database','Update databases','2023-11-15 03:06:03','2023-11-15 03:06:03'),(329,1,'en','core/base/enums','system_updater_steps.publish_core_assets','Publish core assets','2023-11-15 03:06:03','2023-11-15 03:06:03'),(330,1,'en','core/base/enums','system_updater_steps.publish_packages_assets','Publish packages assets','2023-11-15 03:06:03','2023-11-15 03:06:03'),(331,1,'en','core/base/enums','system_updater_steps.clean_up','Clean up system update files','2023-11-15 03:06:03','2023-11-15 03:06:03'),(332,1,'en','core/base/enums','system_updater_steps.done','System updated successfully','2023-11-15 03:06:03','2023-11-15 03:06:03'),(333,1,'en','core/base/enums','system_updater_steps.messages.download','Downloading update files...','2023-11-15 03:06:03','2023-11-15 03:06:03'),(334,1,'en','core/base/enums','system_updater_steps.messages.update_files','Updating system files...','2023-11-15 03:06:03','2023-11-15 03:06:03'),(335,1,'en','core/base/enums','system_updater_steps.messages.update_database','Updating databases...','2023-11-15 03:06:03','2023-11-15 03:06:03'),(336,1,'en','core/base/enums','system_updater_steps.messages.publish_core_assets','Publishing core assets...','2023-11-15 03:06:03','2023-11-15 03:06:03'),(337,1,'en','core/base/enums','system_updater_steps.messages.publish_packages_assets','Publishing packages assets...','2023-11-15 03:06:03','2023-11-15 03:06:03'),(338,1,'en','core/base/enums','system_updater_steps.messages.clean_up','Cleaning up system update files...','2023-11-15 03:06:03','2023-11-15 03:06:03'),(339,1,'en','core/base/enums','system_updater_steps.messages.done','Done! Your browser will be refreshed in 30 seconds.','2023-11-15 03:06:04','2023-11-15 03:06:04'),(340,1,'en','core/base/enums','system_updater_steps.failed_messages.download','Could not download update files','2023-11-15 03:06:04','2023-11-15 03:06:04'),(341,1,'en','core/base/enums','system_updater_steps.failed_messages.update_files','Could not update system files','2023-11-15 03:06:04','2023-11-15 03:06:04'),(342,1,'en','core/base/enums','system_updater_steps.failed_messages.update_database','Could not update databases','2023-11-15 03:06:04','2023-11-15 03:06:04'),(343,1,'en','core/base/enums','system_updater_steps.failed_messages.publish_core_assets','Could not publish core assets','2023-11-15 03:06:04','2023-11-15 03:06:04'),(344,1,'en','core/base/enums','system_updater_steps.failed_messages.publish_packages_assets','Could not publish packages assets','2023-11-15 03:06:04','2023-11-15 03:06:04'),(345,1,'en','core/base/enums','system_updater_steps.failed_messages.clean_up','Could not clean up system update files','2023-11-15 03:06:04','2023-11-15 03:06:04'),(346,1,'en','core/base/enums','system_updater_steps.success_messages.download','Downloaded update files successfully.','2023-11-15 03:06:04','2023-11-15 03:06:04'),(347,1,'en','core/base/enums','system_updater_steps.success_messages.update_files','Updated system files successfully.','2023-11-15 03:06:04','2023-11-15 03:06:04'),(348,1,'en','core/base/enums','system_updater_steps.success_messages.update_database','Updated databases successfully.','2023-11-15 03:06:04','2023-11-15 03:06:04'),(349,1,'en','core/base/enums','system_updater_steps.success_messages.publish_core_assets','Published core assets successfully.','2023-11-15 03:06:04','2023-11-15 03:06:04'),(350,1,'en','core/base/enums','system_updater_steps.success_messages.publish_packages_assets','Published packages assets successfully.','2023-11-15 03:06:04','2023-11-15 03:06:04'),(351,1,'en','core/base/enums','system_updater_steps.success_messages.clean_up','Cleaned up system update files successfully.','2023-11-15 03:06:04','2023-11-15 03:06:04'),(352,1,'en','core/base/errors','401_title','Permission Denied','2023-11-15 03:06:04','2023-11-15 03:06:04'),(353,1,'en','core/base/errors','401_msg','<li>You have not been granted access to the section by the administrator.</li>\n	                <li>You may have the wrong account type.</li>\n	                <li>You are not authorized to view the requested resource.</li>\n	                <li>Your subscription may have expired.</li>','2023-11-15 03:06:04','2023-11-15 03:06:04'),(354,1,'en','core/base/errors','404_title','Page could not be found','2023-11-15 03:06:04','2023-11-15 03:06:04'),(355,1,'en','core/base/errors','404_msg','<li>The page you requested does not exist.</li>\n	                <li>The link you clicked is no longer.</li>\n	                <li>The page may have moved to a new location.</li>\n	                <li>An error may have occurred.</li>\n	                <li>You are not authorized to view the requested resource.</li>','2023-11-15 03:06:04','2023-11-15 03:06:04'),(356,1,'en','core/base/errors','500_title','Page could not be loaded','2023-11-15 03:06:04','2023-11-15 03:06:04'),(357,1,'en','core/base/errors','500_msg','<li>The page you requested does not exist.</li>\n	                <li>The link you clicked is no longer.</li>\n	                <li>The page may have moved to a new location.</li>\n	                <li>An error may have occurred.</li>\n	                <li>You are not authorized to view the requested resource.</li>','2023-11-15 03:06:04','2023-11-15 03:06:04'),(358,1,'en','core/base/errors','reasons','This may have occurred because of several reasons','2023-11-15 03:06:04','2023-11-15 03:06:04'),(359,1,'en','core/base/errors','try_again','Please try again in a few minutes, or alternatively return to the homepage by <a href=\":link\">clicking here</a>.','2023-11-15 03:06:04','2023-11-15 03:06:04'),(360,1,'en','core/base/errors','not_found','Not Found','2023-11-15 03:06:04','2023-11-15 03:06:04'),(361,1,'en','core/base/errors','results_not_found','Results not found!','2023-11-15 03:06:04','2023-11-15 03:06:04'),(362,1,'en','core/base/errors','error_when_sending_email','Error when sending email. Something wrong with your email settings in Admin → Settings → Email, please check your settings again.','2023-11-15 03:06:04','2023-11-15 03:06:04'),(363,1,'en','core/base/forms','choose_image','Choose image','2023-11-15 03:06:04','2023-11-15 03:06:04'),(364,1,'en','core/base/forms','actions','Actions','2023-11-15 03:06:04','2023-11-15 03:06:04'),(365,1,'en','core/base/forms','save','Save & Exit','2023-11-15 03:06:04','2023-11-15 03:06:04'),(366,1,'en','core/base/forms','save_and_continue','Save','2023-11-15 03:06:04','2023-11-15 03:06:04'),(367,1,'en','core/base/forms','image','Image','2023-11-15 03:06:04','2023-11-15 03:06:04'),(368,1,'en','core/base/forms','image_placeholder','Insert path of image or click upload button','2023-11-15 03:06:04','2023-11-15 03:06:04'),(369,1,'en','core/base/forms','create','Create','2023-11-15 03:06:04','2023-11-15 03:06:04'),(370,1,'en','core/base/forms','edit','Edit','2023-11-15 03:06:04','2023-11-15 03:06:04'),(371,1,'en','core/base/forms','permalink','Permalink','2023-11-15 03:06:04','2023-11-15 03:06:04'),(372,1,'en','core/base/forms','ok','OK','2023-11-15 03:06:04','2023-11-15 03:06:04'),(373,1,'en','core/base/forms','cancel','Cancel','2023-11-15 03:06:04','2023-11-15 03:06:04'),(374,1,'en','core/base/forms','character_remain','character(s) remain','2023-11-15 03:06:04','2023-11-15 03:06:04'),(375,1,'en','core/base/forms','template','Template','2023-11-15 03:06:04','2023-11-15 03:06:04'),(376,1,'en','core/base/forms','choose_file','Choose file','2023-11-15 03:06:04','2023-11-15 03:06:04'),(377,1,'en','core/base/forms','file','File','2023-11-15 03:06:04','2023-11-15 03:06:04'),(378,1,'en','core/base/forms','content','Content','2023-11-15 03:06:04','2023-11-15 03:06:04'),(379,1,'en','core/base/forms','description','Description','2023-11-15 03:06:04','2023-11-15 03:06:04'),(380,1,'en','core/base/forms','name','Name','2023-11-15 03:06:04','2023-11-15 03:06:04'),(381,1,'en','core/base/forms','slug','Slug','2023-11-15 03:06:04','2023-11-15 03:06:04'),(382,1,'en','core/base/forms','title','Title','2023-11-15 03:06:04','2023-11-15 03:06:04'),(383,1,'en','core/base/forms','value','Value','2023-11-15 03:06:04','2023-11-15 03:06:04'),(384,1,'en','core/base/forms','name_placeholder','Name','2023-11-15 03:06:04','2023-11-15 03:06:04'),(385,1,'en','core/base/forms','alias_placeholder','Alias','2023-11-15 03:06:04','2023-11-15 03:06:04'),(386,1,'en','core/base/forms','description_placeholder','Short description','2023-11-15 03:06:04','2023-11-15 03:06:04'),(387,1,'en','core/base/forms','parent','Parent','2023-11-15 03:06:04','2023-11-15 03:06:04'),(388,1,'en','core/base/forms','icon','Icon','2023-11-15 03:06:04','2023-11-15 03:06:04'),(389,1,'en','core/base/forms','icon_placeholder','Ex: fa fa-home','2023-11-15 03:06:04','2023-11-15 03:06:04'),(390,1,'en','core/base/forms','order_by','Order by','2023-11-15 03:06:04','2023-11-15 03:06:04'),(391,1,'en','core/base/forms','order_by_placeholder','Order by','2023-11-15 03:06:04','2023-11-15 03:06:04'),(392,1,'en','core/base/forms','is_featured','Is featured?','2023-11-15 03:06:04','2023-11-15 03:06:04'),(393,1,'en','core/base/forms','is_default','Is default?','2023-11-15 03:06:04','2023-11-15 03:06:04'),(394,1,'en','core/base/forms','update','Update','2023-11-15 03:06:04','2023-11-15 03:06:04'),(395,1,'en','core/base/forms','publish','Publish','2023-11-15 03:06:04','2023-11-15 03:06:04'),(396,1,'en','core/base/forms','remove_image','Remove image','2023-11-15 03:06:04','2023-11-15 03:06:04'),(397,1,'en','core/base/forms','remove_file','Remove file','2023-11-15 03:06:04','2023-11-15 03:06:04'),(398,1,'en','core/base/forms','order','Order','2023-11-15 03:06:04','2023-11-15 03:06:04'),(399,1,'en','core/base/forms','alias','Alias','2023-11-15 03:06:04','2023-11-15 03:06:04'),(400,1,'en','core/base/forms','basic_information','Basic information','2023-11-15 03:06:04','2023-11-15 03:06:04'),(401,1,'en','core/base/forms','short_code','Shortcode','2023-11-15 03:06:04','2023-11-15 03:06:04'),(402,1,'en','core/base/forms','add_short_code','Add a shortcode','2023-11-15 03:06:04','2023-11-15 03:06:04'),(403,1,'en','core/base/forms','add','Add','2023-11-15 03:06:04','2023-11-15 03:06:04'),(404,1,'en','core/base/forms','link','Link','2023-11-15 03:06:04','2023-11-15 03:06:04'),(405,1,'en','core/base/forms','show_hide_editor','Show/Hide Editor','2023-11-15 03:06:04','2023-11-15 03:06:04'),(406,1,'en','core/base/forms','basic_info_title','Basic information','2023-11-15 03:06:04','2023-11-15 03:06:04'),(407,1,'en','core/base/forms','expand_all','Expand all','2023-11-15 03:06:04','2023-11-15 03:06:04'),(408,1,'en','core/base/forms','collapse_all','Collapse all','2023-11-15 03:06:04','2023-11-15 03:06:04'),(409,1,'en','core/base/forms','view_new_tab','Open in new tab','2023-11-15 03:06:04','2023-11-15 03:06:04'),(410,1,'en','core/base/forms','view_preview_image','View preview image','2023-11-15 03:06:04','2023-11-15 03:06:04'),(411,1,'en','core/base/forms','edit_item','Edit \":name\"','2023-11-15 03:06:04','2023-11-15 03:06:04'),(412,1,'en','core/base/layouts','platform_admin','Platform Administration','2023-11-15 03:06:04','2023-11-15 03:06:04'),(413,1,'en','core/base/layouts','dashboard','Dashboard','2023-11-15 03:06:04','2023-11-15 03:06:04'),(414,1,'en','core/base/layouts','widgets','Widgets','2023-11-15 03:06:04','2023-11-15 03:06:04'),(415,1,'en','core/base/layouts','plugins','Plugins','2023-11-15 03:06:04','2023-11-15 03:06:04'),(416,1,'en','core/base/layouts','settings','Settings','2023-11-15 03:06:04','2023-11-15 03:06:04'),(417,1,'en','core/base/layouts','setting_general','General','2023-11-15 03:06:04','2023-11-15 03:06:04'),(418,1,'en','core/base/layouts','setting_email','Email','2023-11-15 03:06:04','2023-11-15 03:06:04'),(419,1,'en','core/base/layouts','system_information','System information','2023-11-15 03:06:04','2023-11-15 03:06:04'),(420,1,'en','core/base/layouts','theme','Theme','2023-11-15 03:06:04','2023-11-15 03:06:04'),(421,1,'en','core/base/layouts','copyright','Copyright :year &copy; :company. Version: <span>:version</span>','2023-11-15 03:06:04','2023-11-15 03:06:04'),(422,1,'en','core/base/layouts','profile','Profile','2023-11-15 03:06:04','2023-11-15 03:06:04'),(423,1,'en','core/base/layouts','logout','Logout','2023-11-15 03:06:04','2023-11-15 03:06:04'),(424,1,'en','core/base/layouts','no_search_result','No results found, please try with different keywords.','2023-11-15 03:06:04','2023-11-15 03:06:04'),(425,1,'en','core/base/layouts','home','Home','2023-11-15 03:06:04','2023-11-15 03:06:04'),(426,1,'en','core/base/layouts','search','Search','2023-11-15 03:06:04','2023-11-15 03:06:04'),(427,1,'en','core/base/layouts','add_new','Add new','2023-11-15 03:06:04','2023-11-15 03:06:04'),(428,1,'en','core/base/layouts','n_a','N/A','2023-11-15 03:06:04','2023-11-15 03:06:04'),(429,1,'en','core/base/layouts','page_loaded_time','Page loaded in','2023-11-15 03:06:04','2023-11-15 03:06:04'),(430,1,'en','core/base/layouts','view_website','View website','2023-11-15 03:06:04','2023-11-15 03:06:04'),(431,1,'en','core/base/notices','create_success_message','Created successfully','2023-11-15 03:06:04','2023-11-15 03:06:04'),(432,1,'en','core/base/notices','update_success_message','Updated successfully','2023-11-15 03:06:04','2023-11-15 03:06:04'),(433,1,'en','core/base/notices','delete_success_message','Deleted successfully','2023-11-15 03:06:04','2023-11-15 03:06:04'),(434,1,'en','core/base/notices','success_header','Success!','2023-11-15 03:06:04','2023-11-15 03:06:04'),(435,1,'en','core/base/notices','error_header','Error!','2023-11-15 03:06:04','2023-11-15 03:06:04'),(436,1,'en','core/base/notices','no_select','Please select at least one record to perform this action!','2023-11-15 03:06:04','2023-11-15 03:06:04'),(437,1,'en','core/base/notices','processing_request','We are processing your request.','2023-11-15 03:06:04','2023-11-15 03:06:04'),(438,1,'en','core/base/notices','error','Error!','2023-11-15 03:06:04','2023-11-15 03:06:04'),(439,1,'en','core/base/notices','success','Success!','2023-11-15 03:06:04','2023-11-15 03:06:04'),(440,1,'en','core/base/notices','info','Info!','2023-11-15 03:06:04','2023-11-15 03:06:04'),(441,1,'en','core/base/notices','enum.validate_message','The :attribute value you have entered is invalid.','2023-11-15 03:06:04','2023-11-15 03:06:04'),(442,1,'en','core/base/notifications','notifications','Notifications','2023-11-15 03:06:04','2023-11-15 03:06:04'),(443,1,'en','core/base/notifications','mark_as_read','Mark as read','2023-11-15 03:06:04','2023-11-15 03:06:04'),(444,1,'en','core/base/notifications','clear','Clear','2023-11-15 03:06:04','2023-11-15 03:06:04'),(445,1,'en','core/base/notifications','no_notification_here','No notifications here','2023-11-15 03:06:04','2023-11-15 03:06:04'),(446,1,'en','core/base/notifications','please_check_again_later','Please check again later','2023-11-15 03:06:04','2023-11-15 03:06:04'),(447,1,'en','core/base/notifications','view_more','View more...','2023-11-15 03:06:04','2023-11-15 03:06:04'),(448,1,'en','core/base/notifications','view','View','2023-11-15 03:06:04','2023-11-15 03:06:04'),(449,1,'en','core/base/notifications','show_more','Show more','2023-11-15 03:06:04','2023-11-15 03:06:04'),(450,1,'en','core/base/notifications','show_less','Show less','2023-11-15 03:06:04','2023-11-15 03:06:04'),(451,1,'en','core/base/system','no_select','Please select at least one record to take this action!','2023-11-15 03:06:04','2023-11-15 03:06:04'),(452,1,'en','core/base/system','cannot_find_user','Unable to find specified user','2023-11-15 03:06:04','2023-11-15 03:06:04'),(453,1,'en','core/base/system','supper_revoked','Super user access revoked','2023-11-15 03:06:04','2023-11-15 03:06:04'),(454,1,'en','core/base/system','cannot_revoke_yourself','Can not revoke supper user access permission yourself!','2023-11-15 03:06:04','2023-11-15 03:06:04'),(455,1,'en','core/base/system','cant_remove_supper','You don\'t has permission to remove this super user','2023-11-15 03:06:04','2023-11-15 03:06:04'),(456,1,'en','core/base/system','cant_find_user_with_email','Unable to find user with specified email address','2023-11-15 03:06:04','2023-11-15 03:06:04'),(457,1,'en','core/base/system','supper_granted','Super user access granted','2023-11-15 03:06:04','2023-11-15 03:06:04'),(458,1,'en','core/base/system','delete_log_success','Delete log file successfully!','2023-11-15 03:06:04','2023-11-15 03:06:04'),(459,1,'en','core/base/system','get_member_success','Member list retrieved successfully','2023-11-15 03:06:04','2023-11-15 03:06:04'),(460,1,'en','core/base/system','error_occur','The following errors occurred','2023-11-15 03:06:04','2023-11-15 03:06:04'),(461,1,'en','core/base/system','user_management','User Management','2023-11-15 03:06:04','2023-11-15 03:06:04'),(462,1,'en','core/base/system','user_management_description','Manage users.','2023-11-15 03:06:04','2023-11-15 03:06:04'),(463,1,'en','core/base/system','role_and_permission','Roles and Permissions','2023-11-15 03:06:04','2023-11-15 03:06:04'),(464,1,'en','core/base/system','role_and_permission_description','Manage the available roles.','2023-11-15 03:06:04','2023-11-15 03:06:04'),(465,1,'en','core/base/system','user.list_super','List Super Users','2023-11-15 03:06:04','2023-11-15 03:06:04'),(466,1,'en','core/base/system','user.email','Email','2023-11-15 03:06:04','2023-11-15 03:06:04'),(467,1,'en','core/base/system','user.last_login','Last Login','2023-11-15 03:06:04','2023-11-15 03:06:04'),(468,1,'en','core/base/system','user.username','Username','2023-11-15 03:06:04','2023-11-15 03:06:04'),(469,1,'en','core/base/system','user.add_user','Add Super User','2023-11-15 03:06:04','2023-11-15 03:06:04'),(470,1,'en','core/base/system','user.cancel','Cancel','2023-11-15 03:06:04','2023-11-15 03:06:04'),(471,1,'en','core/base/system','user.create','Create','2023-11-15 03:06:04','2023-11-15 03:06:04'),(472,1,'en','core/base/system','options.features','Feature Access Control','2023-11-15 03:06:04','2023-11-15 03:06:04'),(473,1,'en','core/base/system','options.feature_description','Manage the available.','2023-11-15 03:06:04','2023-11-15 03:06:04'),(474,1,'en','core/base/system','options.manage_super','Super User Management','2023-11-15 03:06:04','2023-11-15 03:06:04'),(475,1,'en','core/base/system','options.manage_super_description','Add/remove super users.','2023-11-15 03:06:05','2023-11-15 03:06:05'),(476,1,'en','core/base/system','options.info','System information','2023-11-15 03:06:05','2023-11-15 03:06:05'),(477,1,'en','core/base/system','options.info_description','All information about current system configuration.','2023-11-15 03:06:05','2023-11-15 03:06:05'),(478,1,'en','core/base/system','info.title','System information','2023-11-15 03:06:05','2023-11-15 03:06:05'),(479,1,'en','core/base/system','info.cache','Cache','2023-11-15 03:06:05','2023-11-15 03:06:05'),(480,1,'en','core/base/system','info.locale','Active locale','2023-11-15 03:06:05','2023-11-15 03:06:05'),(481,1,'en','core/base/system','info.environment','Environment','2023-11-15 03:06:05','2023-11-15 03:06:05'),(482,1,'en','core/base/system','disabled_in_demo_mode','You cannot do it in demo mode!','2023-11-15 03:06:05','2023-11-15 03:06:05'),(483,1,'en','core/base/system','report_description','Please share this information for troubleshooting','2023-11-15 03:06:05','2023-11-15 03:06:05'),(484,1,'en','core/base/system','get_system_report','Get System Report','2023-11-15 03:06:05','2023-11-15 03:06:05'),(485,1,'en','core/base/system','system_environment','System Environment','2023-11-15 03:06:05','2023-11-15 03:06:05'),(486,1,'en','core/base/system','framework_version','Framework Version','2023-11-15 03:06:05','2023-11-15 03:06:05'),(487,1,'en','core/base/system','timezone','Timezone','2023-11-15 03:06:05','2023-11-15 03:06:05'),(488,1,'en','core/base/system','debug_mode','Debug Mode','2023-11-15 03:06:05','2023-11-15 03:06:05'),(489,1,'en','core/base/system','debug_mode_off','Debug Mode Off','2023-11-15 03:06:05','2023-11-15 03:06:05'),(490,1,'en','core/base/system','storage_dir_writable','Storage Dir Writable','2023-11-15 03:06:05','2023-11-15 03:06:05'),(491,1,'en','core/base/system','cache_dir_writable','Cache Dir Writable','2023-11-15 03:06:05','2023-11-15 03:06:05'),(492,1,'en','core/base/system','app_size','App Size','2023-11-15 03:06:05','2023-11-15 03:06:05'),(493,1,'en','core/base/system','server_environment','Server Environment','2023-11-15 03:06:05','2023-11-15 03:06:05'),(494,1,'en','core/base/system','php_version','PHP Version','2023-11-15 03:06:05','2023-11-15 03:06:05'),(495,1,'en','core/base/system','php_version_error','PHP must be >= :version','2023-11-15 03:06:05','2023-11-15 03:06:05'),(496,1,'en','core/base/system','server_software','Server Software','2023-11-15 03:06:05','2023-11-15 03:06:05'),(497,1,'en','core/base/system','server_os','Server OS','2023-11-15 03:06:05','2023-11-15 03:06:05'),(498,1,'en','core/base/system','database','Database','2023-11-15 03:06:05','2023-11-15 03:06:05'),(499,1,'en','core/base/system','ssl_installed','SSL Installed','2023-11-15 03:06:05','2023-11-15 03:06:05'),(500,1,'en','core/base/system','cache_driver','Cache Driver','2023-11-15 03:06:05','2023-11-15 03:06:05'),(501,1,'en','core/base/system','session_driver','Session Driver','2023-11-15 03:06:05','2023-11-15 03:06:05'),(502,1,'en','core/base/system','queue_connection','Queue Connection','2023-11-15 03:06:05','2023-11-15 03:06:05'),(503,1,'en','core/base/system','mbstring_ext','Mbstring Ext','2023-11-15 03:06:05','2023-11-15 03:06:05'),(504,1,'en','core/base/system','openssl_ext','OpenSSL Ext','2023-11-15 03:06:05','2023-11-15 03:06:05'),(505,1,'en','core/base/system','pdo_ext','PDO Ext','2023-11-15 03:06:05','2023-11-15 03:06:05'),(506,1,'en','core/base/system','curl_ext','CURL Ext','2023-11-15 03:06:05','2023-11-15 03:06:05'),(507,1,'en','core/base/system','exif_ext','Exif Ext','2023-11-15 03:06:05','2023-11-15 03:06:05'),(508,1,'en','core/base/system','file_info_ext','File info Ext','2023-11-15 03:06:05','2023-11-15 03:06:05'),(509,1,'en','core/base/system','tokenizer_ext','Tokenizer Ext','2023-11-15 03:06:05','2023-11-15 03:06:05'),(510,1,'en','core/base/system','extra_stats','Extra Stats','2023-11-15 03:06:05','2023-11-15 03:06:05'),(511,1,'en','core/base/system','installed_packages','Installed packages and their version numbers','2023-11-15 03:06:05','2023-11-15 03:06:05'),(512,1,'en','core/base/system','extra_information','Extra Information','2023-11-15 03:06:05','2023-11-15 03:06:05'),(513,1,'en','core/base/system','copy_report','Copy Report','2023-11-15 03:06:05','2023-11-15 03:06:05'),(514,1,'en','core/base/system','package_name','Package Name','2023-11-15 03:06:05','2023-11-15 03:06:05'),(515,1,'en','core/base/system','dependency_name','Dependency Name','2023-11-15 03:06:05','2023-11-15 03:06:05'),(516,1,'en','core/base/system','version','Version','2023-11-15 03:06:05','2023-11-15 03:06:05'),(517,1,'en','core/base/system','cms_version','CMS Version','2023-11-15 03:06:05','2023-11-15 03:06:05'),(518,1,'en','core/base/system','imagick_or_gd_ext','Imagick/GD Ext','2023-11-15 03:06:05','2023-11-15 03:06:05'),(519,1,'en','core/base/system','updater','System Updater','2023-11-15 03:06:05','2023-11-15 03:06:05'),(520,1,'en','core/base/system','zip','Zip Ext','2023-11-15 03:06:05','2023-11-15 03:06:05'),(521,1,'en','core/base/system','iconv','Iconv Ext','2023-11-15 03:06:05','2023-11-15 03:06:05'),(522,1,'en','core/base/system','memory_limit','Memory limit','2023-11-15 03:06:05','2023-11-15 03:06:05'),(523,1,'en','core/base/system','max_execution_time','Max execution time (s)','2023-11-15 03:06:05','2023-11-15 03:06:05'),(524,1,'en','core/base/system','allow_url_fopen_enabled','allow_url_fopen enabled','2023-11-15 03:06:05','2023-11-15 03:06:05'),(525,1,'en','core/base/system','cleanup.title','Cleanup System','2023-11-15 03:06:05','2023-11-15 03:06:05'),(526,1,'en','core/base/system','cleanup.table.name','Table Name','2023-11-15 03:06:05','2023-11-15 03:06:05'),(527,1,'en','core/base/system','cleanup.table.count','Records','2023-11-15 03:06:05','2023-11-15 03:06:05'),(528,1,'en','core/base/system','cleanup.backup_alert','Please backup your database and script files before cleanup, it will clear your data in database.','2023-11-15 03:06:05','2023-11-15 03:06:05'),(529,1,'en','core/base/system','cleanup.messenger_choose_without_table','Please choose to ignore tables that do not want to be cleaned','2023-11-15 03:06:05','2023-11-15 03:06:05'),(530,1,'en','core/base/system','cleanup.messenger_confirm_cleanup','Are you sure you want to database cleanup action, it will clear your data in database?','2023-11-15 03:06:05','2023-11-15 03:06:05'),(531,1,'en','core/base/system','cleanup.submit_button','Cleanup','2023-11-15 03:06:05','2023-11-15 03:06:05'),(532,1,'en','core/base/system','cleanup.success_message','Cleaned data successfully','2023-11-15 03:06:05','2023-11-15 03:06:05'),(533,1,'en','core/base/system','cleanup.not_enabled_yet','This featured is not enabled yet. <br />Please add into .env: <code>CMS_ENABLED_CLEANUP_DATABASE=true</code> to enable this feature!','2023-11-15 03:06:05','2023-11-15 03:06:05'),(534,1,'en','core/base/tables','id','ID','2023-11-15 03:06:05','2023-11-15 03:06:05'),(535,1,'en','core/base/tables','name','Name','2023-11-15 03:06:05','2023-11-15 03:06:05'),(536,1,'en','core/base/tables','slug','Slug','2023-11-15 03:06:05','2023-11-15 03:06:05'),(537,1,'en','core/base/tables','title','Title','2023-11-15 03:06:05','2023-11-15 03:06:05'),(538,1,'en','core/base/tables','order_by','Order By','2023-11-15 03:06:05','2023-11-15 03:06:05'),(539,1,'en','core/base/tables','order','Order','2023-11-15 03:06:05','2023-11-15 03:06:05'),(540,1,'en','core/base/tables','status','Status','2023-11-15 03:06:05','2023-11-15 03:06:05'),(541,1,'en','core/base/tables','created_at','Created At','2023-11-15 03:06:05','2023-11-15 03:06:05'),(542,1,'en','core/base/tables','updated_at','Updated At','2023-11-15 03:06:05','2023-11-15 03:06:05'),(543,1,'en','core/base/tables','description','Description','2023-11-15 03:06:05','2023-11-15 03:06:05'),(544,1,'en','core/base/tables','operations','Operations','2023-11-15 03:06:05','2023-11-15 03:06:05'),(545,1,'en','core/base/tables','url','URL','2023-11-15 03:06:05','2023-11-15 03:06:05'),(546,1,'en','core/base/tables','author','Author','2023-11-15 03:06:05','2023-11-15 03:06:05'),(547,1,'en','core/base/tables','notes','Notes','2023-11-15 03:06:05','2023-11-15 03:06:05'),(548,1,'en','core/base/tables','column','Column','2023-11-15 03:06:05','2023-11-15 03:06:05'),(549,1,'en','core/base/tables','origin','Origin','2023-11-15 03:06:05','2023-11-15 03:06:05'),(550,1,'en','core/base/tables','after_change','After changes','2023-11-15 03:06:05','2023-11-15 03:06:05'),(551,1,'en','core/base/tables','views','Views','2023-11-15 03:06:05','2023-11-15 03:06:05'),(552,1,'en','core/base/tables','browser','Browser','2023-11-15 03:06:05','2023-11-15 03:06:05'),(553,1,'en','core/base/tables','session','Session','2023-11-15 03:06:05','2023-11-15 03:06:05'),(554,1,'en','core/base/tables','activated','activated','2023-11-15 03:06:05','2023-11-15 03:06:05'),(555,1,'en','core/base/tables','deactivated','deactivated','2023-11-15 03:06:05','2023-11-15 03:06:05'),(556,1,'en','core/base/tables','is_featured','Is featured','2023-11-15 03:06:05','2023-11-15 03:06:05'),(557,1,'en','core/base/tables','edit','Edit','2023-11-15 03:06:05','2023-11-15 03:06:05'),(558,1,'en','core/base/tables','delete','Delete','2023-11-15 03:06:05','2023-11-15 03:06:05'),(559,1,'en','core/base/tables','restore','Restore','2023-11-15 03:06:05','2023-11-15 03:06:05'),(560,1,'en','core/base/tables','activate','Activate','2023-11-15 03:06:05','2023-11-15 03:06:05'),(561,1,'en','core/base/tables','deactivate','Deactivate','2023-11-15 03:06:05','2023-11-15 03:06:05'),(562,1,'en','core/base/tables','excel','Excel','2023-11-15 03:06:05','2023-11-15 03:06:05'),(563,1,'en','core/base/tables','export','Export','2023-11-15 03:06:05','2023-11-15 03:06:05'),(564,1,'en','core/base/tables','csv','CSV','2023-11-15 03:06:05','2023-11-15 03:06:05'),(565,1,'en','core/base/tables','pdf','PDF','2023-11-15 03:06:05','2023-11-15 03:06:05'),(566,1,'en','core/base/tables','print','Print','2023-11-15 03:06:05','2023-11-15 03:06:05'),(567,1,'en','core/base/tables','reset','Reset','2023-11-15 03:06:05','2023-11-15 03:06:05'),(568,1,'en','core/base/tables','reload','Reload','2023-11-15 03:06:05','2023-11-15 03:06:05'),(569,1,'en','core/base/tables','display','Display','2023-11-15 03:06:05','2023-11-15 03:06:05'),(570,1,'en','core/base/tables','all','All','2023-11-15 03:06:05','2023-11-15 03:06:05'),(571,1,'en','core/base/tables','add_new','Add New','2023-11-15 03:06:05','2023-11-15 03:06:05'),(572,1,'en','core/base/tables','action','Actions','2023-11-15 03:06:05','2023-11-15 03:06:05'),(573,1,'en','core/base/tables','delete_entry','Delete','2023-11-15 03:06:05','2023-11-15 03:06:05'),(574,1,'en','core/base/tables','view','View Detail','2023-11-15 03:06:05','2023-11-15 03:06:05'),(575,1,'en','core/base/tables','save','Save','2023-11-15 03:06:05','2023-11-15 03:06:05'),(576,1,'en','core/base/tables','show_from','Show from','2023-11-15 03:06:05','2023-11-15 03:06:05'),(577,1,'en','core/base/tables','to','to','2023-11-15 03:06:05','2023-11-15 03:06:05'),(578,1,'en','core/base/tables','in','in','2023-11-15 03:06:05','2023-11-15 03:06:05'),(579,1,'en','core/base/tables','records','records','2023-11-15 03:06:05','2023-11-15 03:06:05'),(580,1,'en','core/base/tables','no_data','No data to display','2023-11-15 03:06:05','2023-11-15 03:06:05'),(581,1,'en','core/base/tables','no_record','No record','2023-11-15 03:06:06','2023-11-15 03:06:06'),(582,1,'en','core/base/tables','confirm_delete','Confirm delete','2023-11-15 03:06:06','2023-11-15 03:06:06'),(583,1,'en','core/base/tables','confirm_delete_msg','Do you really want to delete this record?','2023-11-15 03:06:06','2023-11-15 03:06:06'),(584,1,'en','core/base/tables','confirm_delete_many_msg','Do you really want to delete selected record(s)?','2023-11-15 03:06:06','2023-11-15 03:06:06'),(585,1,'en','core/base/tables','cancel','Cancel','2023-11-15 03:06:06','2023-11-15 03:06:06'),(586,1,'en','core/base/tables','template','Template','2023-11-15 03:06:06','2023-11-15 03:06:06'),(587,1,'en','core/base/tables','email','Email','2023-11-15 03:06:06','2023-11-15 03:06:06'),(588,1,'en','core/base/tables','last_login','Last login','2023-11-15 03:06:06','2023-11-15 03:06:06'),(589,1,'en','core/base/tables','shortcode','Shortcode','2023-11-15 03:06:06','2023-11-15 03:06:06'),(590,1,'en','core/base/tables','image','Image','2023-11-15 03:06:06','2023-11-15 03:06:06'),(591,1,'en','core/base/tables','bulk_changes','Bulk changes','2023-11-15 03:06:06','2023-11-15 03:06:06'),(592,1,'en','core/base/tables','submit','Submit','2023-11-15 03:06:06','2023-11-15 03:06:06'),(593,1,'en','core/base/tables','please_select_record','Please select at least one record to perform this action!','2023-11-15 03:06:06','2023-11-15 03:06:06'),(594,1,'en','core/base/tables','checkbox','Checkbox','2023-11-15 03:06:06','2023-11-15 03:06:06'),(595,1,'en','core/base/tabs','detail','Detail','2023-11-15 03:06:06','2023-11-15 03:06:06'),(596,1,'en','core/base/tabs','file','Files','2023-11-15 03:06:06','2023-11-15 03:06:06'),(597,1,'en','core/base/tabs','record_note','Record Note','2023-11-15 03:06:06','2023-11-15 03:06:06'),(598,1,'en','core/base/tabs','revision','Revision History','2023-11-15 03:06:06','2023-11-15 03:06:06'),(599,1,'en','core/dashboard/dashboard','update_position_success','Update widget position successfully!','2023-11-15 03:06:06','2023-11-15 03:06:06'),(600,1,'en','core/dashboard/dashboard','hide_success','Update widget successfully!','2023-11-15 03:06:06','2023-11-15 03:06:06'),(601,1,'en','core/dashboard/dashboard','confirm_hide','Are you sure?','2023-11-15 03:06:06','2023-11-15 03:06:06'),(602,1,'en','core/dashboard/dashboard','hide_message','Do you really want to hide this widget? It will be disappear on Dashboard!','2023-11-15 03:06:06','2023-11-15 03:06:06'),(603,1,'en','core/dashboard/dashboard','confirm_hide_btn','Yes, hide this widget','2023-11-15 03:06:06','2023-11-15 03:06:06'),(604,1,'en','core/dashboard/dashboard','cancel_hide_btn','Cancel','2023-11-15 03:06:06','2023-11-15 03:06:06'),(605,1,'en','core/dashboard/dashboard','collapse_expand','Collapse/Expand','2023-11-15 03:06:06','2023-11-15 03:06:06'),(606,1,'en','core/dashboard/dashboard','hide','Hide','2023-11-15 03:06:06','2023-11-15 03:06:06'),(607,1,'en','core/dashboard/dashboard','reload','Reload','2023-11-15 03:06:06','2023-11-15 03:06:06'),(608,1,'en','core/dashboard/dashboard','save_setting_success','Save widget settings successfully!','2023-11-15 03:06:06','2023-11-15 03:06:06'),(609,1,'en','core/dashboard/dashboard','widget_not_exists','Widget is not exits!','2023-11-15 03:06:06','2023-11-15 03:06:06'),(610,1,'en','core/dashboard/dashboard','manage_widgets','Manage Widgets','2023-11-15 03:06:06','2023-11-15 03:06:06'),(611,1,'en','core/dashboard/dashboard','fullscreen','Full screen','2023-11-15 03:06:06','2023-11-15 03:06:06'),(612,1,'en','core/dashboard/dashboard','title','Dashboard','2023-11-15 03:06:06','2023-11-15 03:06:06'),(613,1,'en','core/dashboard/dashboard','predefined_ranges.today','Today','2023-11-15 03:06:06','2023-11-15 03:06:06'),(614,1,'en','core/dashboard/dashboard','predefined_ranges.yesterday','Yesterday','2023-11-15 03:06:06','2023-11-15 03:06:06'),(615,1,'en','core/dashboard/dashboard','predefined_ranges.this_week','This Week','2023-11-15 03:06:06','2023-11-15 03:06:06'),(616,1,'en','core/dashboard/dashboard','predefined_ranges.last_7_days','Last 7 Days','2023-11-15 03:06:06','2023-11-15 03:06:06'),(617,1,'en','core/dashboard/dashboard','predefined_ranges.this_month','This Month','2023-11-15 03:06:06','2023-11-15 03:06:06'),(618,1,'en','core/dashboard/dashboard','predefined_ranges.last_30_days','Last 30 Days','2023-11-15 03:06:06','2023-11-15 03:06:06'),(619,1,'en','core/dashboard/dashboard','predefined_ranges.this_year','This Year','2023-11-15 03:06:06','2023-11-15 03:06:06'),(620,1,'en','core/media/media','filter','Filter','2023-11-15 03:06:06','2023-11-15 03:06:06'),(621,1,'en','core/media/media','everything','Everything','2023-11-15 03:06:06','2023-11-15 03:06:06'),(622,1,'en','core/media/media','image','Image','2023-11-15 03:06:06','2023-11-15 03:06:06'),(623,1,'en','core/media/media','video','Video','2023-11-15 03:06:06','2023-11-15 03:06:06'),(624,1,'en','core/media/media','document','Document','2023-11-15 03:06:06','2023-11-15 03:06:06'),(625,1,'en','core/media/media','view_in','View in','2023-11-15 03:06:06','2023-11-15 03:06:06'),(626,1,'en','core/media/media','all_media','All media','2023-11-15 03:06:06','2023-11-15 03:06:06'),(627,1,'en','core/media/media','trash','Trash','2023-11-15 03:06:06','2023-11-15 03:06:06'),(628,1,'en','core/media/media','recent','Recent','2023-11-15 03:06:06','2023-11-15 03:06:06'),(629,1,'en','core/media/media','favorites','Favorites','2023-11-15 03:06:06','2023-11-15 03:06:06'),(630,1,'en','core/media/media','upload','Upload','2023-11-15 03:06:06','2023-11-15 03:06:06'),(631,1,'en','core/media/media','create_folder','Create folder','2023-11-15 03:06:06','2023-11-15 03:06:06'),(632,1,'en','core/media/media','refresh','Refresh','2023-11-15 03:06:06','2023-11-15 03:06:06'),(633,1,'en','core/media/media','empty_trash','Empty trash','2023-11-15 03:06:06','2023-11-15 03:06:06'),(634,1,'en','core/media/media','search_file_and_folder','Search in current folder','2023-11-15 03:06:06','2023-11-15 03:06:06'),(635,1,'en','core/media/media','sort','Sort','2023-11-15 03:06:06','2023-11-15 03:06:06'),(636,1,'en','core/media/media','file_name_asc','File name - ASC','2023-11-15 03:06:06','2023-11-15 03:06:06'),(637,1,'en','core/media/media','file_name_desc','File name - DESC','2023-11-15 03:06:06','2023-11-15 03:06:06'),(638,1,'en','core/media/media','uploaded_date_asc','Uploaded date - ASC','2023-11-15 03:06:06','2023-11-15 03:06:06'),(639,1,'en','core/media/media','uploaded_date_desc','Uploaded date - DESC','2023-11-15 03:06:06','2023-11-15 03:06:06'),(640,1,'en','core/media/media','size_asc','Size - ASC','2023-11-15 03:06:06','2023-11-15 03:06:06'),(641,1,'en','core/media/media','size_desc','Size - DESC','2023-11-15 03:06:06','2023-11-15 03:06:06'),(642,1,'en','core/media/media','actions','Actions','2023-11-15 03:06:06','2023-11-15 03:06:06'),(643,1,'en','core/media/media','nothing_is_selected','Nothing is selected','2023-11-15 03:06:06','2023-11-15 03:06:06'),(644,1,'en','core/media/media','insert','Insert','2023-11-15 03:06:06','2023-11-15 03:06:06'),(645,1,'en','core/media/media','folder_name','Folder name','2023-11-15 03:06:06','2023-11-15 03:06:06'),(646,1,'en','core/media/media','create','Create','2023-11-15 03:06:06','2023-11-15 03:06:06'),(647,1,'en','core/media/media','rename','Rename','2023-11-15 03:06:06','2023-11-15 03:06:06'),(648,1,'en','core/media/media','crop','Crop','2023-11-15 03:06:06','2023-11-15 03:06:06'),(649,1,'en','core/media/media','close','Close','2023-11-15 03:06:06','2023-11-15 03:06:06'),(650,1,'en','core/media/media','save_changes','Save changes','2023-11-15 03:06:06','2023-11-15 03:06:06'),(651,1,'en','core/media/media','move_to_trash','Move items to trash','2023-11-15 03:06:06','2023-11-15 03:06:06'),(652,1,'en','core/media/media','confirm_trash','Are you sure you want to move these items to trash?','2023-11-15 03:06:06','2023-11-15 03:06:06'),(653,1,'en','core/media/media','confirm','Confirm','2023-11-15 03:06:06','2023-11-15 03:06:06'),(654,1,'en','core/media/media','confirm_delete','Delete item(s)','2023-11-15 03:06:06','2023-11-15 03:06:06'),(655,1,'en','core/media/media','confirm_delete_description','Your request cannot rollback. Are you sure you wanna delete these items?','2023-11-15 03:06:06','2023-11-15 03:06:06'),(656,1,'en','core/media/media','empty_trash_title','Empty trash','2023-11-15 03:06:06','2023-11-15 03:06:06'),(657,1,'en','core/media/media','empty_trash_description','Your request cannot rollback. Are you sure you wanna remove all items in trash?','2023-11-15 03:06:06','2023-11-15 03:06:06'),(658,1,'en','core/media/media','up_level','Up one level','2023-11-15 03:06:06','2023-11-15 03:06:06'),(659,1,'en','core/media/media','upload_progress','Upload progress','2023-11-15 03:06:06','2023-11-15 03:06:06'),(660,1,'en','core/media/media','alt_text','Alt text','2023-11-15 03:06:06','2023-11-15 03:06:06'),(661,1,'en','core/media/media','folder_created','Folder is created successfully!','2023-11-15 03:06:06','2023-11-15 03:06:06'),(662,1,'en','core/media/media','gallery','Media gallery','2023-11-15 03:06:06','2023-11-15 03:06:06'),(663,1,'en','core/media/media','trash_error','Error when delete selected item(s)','2023-11-15 03:06:06','2023-11-15 03:06:06'),(664,1,'en','core/media/media','trash_success','Moved selected item(s) to trash successfully!','2023-11-15 03:06:06','2023-11-15 03:06:06'),(665,1,'en','core/media/media','restore_error','Error when restore selected item(s)','2023-11-15 03:06:06','2023-11-15 03:06:06'),(666,1,'en','core/media/media','restore_success','Restore selected item(s) successfully!','2023-11-15 03:06:06','2023-11-15 03:06:06'),(667,1,'en','core/media/media','copy_success','Copied selected item(s) successfully!','2023-11-15 03:06:06','2023-11-15 03:06:06'),(668,1,'en','core/media/media','delete_success','Deleted selected item(s) successfully!','2023-11-15 03:06:06','2023-11-15 03:06:06'),(669,1,'en','core/media/media','favorite_success','Favorite selected item(s) successfully!','2023-11-15 03:06:06','2023-11-15 03:06:06'),(670,1,'en','core/media/media','remove_favorite_success','Remove selected item(s) from favorites successfully!','2023-11-15 03:06:06','2023-11-15 03:06:06'),(671,1,'en','core/media/media','rename_error','Error when rename item(s)','2023-11-15 03:06:06','2023-11-15 03:06:06'),(672,1,'en','core/media/media','rename_success','Rename selected item(s) successfully!','2023-11-15 03:06:06','2023-11-15 03:06:06'),(673,1,'en','core/media/media','crop_success','Crop image successfully!','2023-11-15 03:06:06','2023-11-15 03:06:06'),(674,1,'en','core/media/media','empty_trash_success','Empty trash successfully!','2023-11-15 03:06:06','2023-11-15 03:06:06'),(675,1,'en','core/media/media','invalid_action','Invalid action!','2023-11-15 03:06:06','2023-11-15 03:06:06'),(676,1,'en','core/media/media','file_not_exists','File is not exists!','2023-11-15 03:06:07','2023-11-15 03:06:07'),(677,1,'en','core/media/media','download_file_error','Error when downloading files!','2023-11-15 03:06:07','2023-11-15 03:06:07'),(678,1,'en','core/media/media','missing_zip_archive_extension','Please enable ZipArchive extension to download file!','2023-11-15 03:06:07','2023-11-15 03:06:07'),(679,1,'en','core/media/media','can_not_download_file','Can not download this file!','2023-11-15 03:06:07','2023-11-15 03:06:07'),(680,1,'en','core/media/media','invalid_request','Invalid request!','2023-11-15 03:06:07','2023-11-15 03:06:07'),(681,1,'en','core/media/media','add_success','Add item successfully!','2023-11-15 03:06:07','2023-11-15 03:06:07'),(682,1,'en','core/media/media','file_too_big','File too big. Max file upload is :size bytes','2023-11-15 03:06:07','2023-11-15 03:06:07'),(683,1,'en','core/media/media','file_too_big_readable_size','File too big. Max file upload is :size.','2023-11-15 03:06:07','2023-11-15 03:06:07'),(684,1,'en','core/media/media','can_not_detect_file_type','File type is not allowed or can not detect file type!','2023-11-15 03:06:07','2023-11-15 03:06:07'),(685,1,'en','core/media/media','upload_failed','The file is NOT uploaded completely. The server allows max upload file size is :size . Please check your file size OR try to upload again in case of having network errors','2023-11-15 03:06:07','2023-11-15 03:06:07'),(686,1,'en','core/media/media','failed_to_crop_image','The file cropping must be image type','2023-11-15 03:06:07','2023-11-15 03:06:07'),(687,1,'en','core/media/media','menu_name','Media','2023-11-15 03:06:07','2023-11-15 03:06:07'),(688,1,'en','core/media/media','add','Add media','2023-11-15 03:06:07','2023-11-15 03:06:07'),(689,1,'en','core/media/media','javascript.name','Name','2023-11-15 03:06:07','2023-11-15 03:06:07'),(690,1,'en','core/media/media','javascript.url','URL','2023-11-15 03:06:07','2023-11-15 03:06:07'),(691,1,'en','core/media/media','javascript.full_url','Full URL','2023-11-15 03:06:07','2023-11-15 03:06:07'),(692,1,'en','core/media/media','javascript.alt','Alt text','2023-11-15 03:06:07','2023-11-15 03:06:07'),(693,1,'en','core/media/media','javascript.size','Size','2023-11-15 03:06:07','2023-11-15 03:06:07'),(694,1,'en','core/media/media','javascript.mime_type','Type','2023-11-15 03:06:07','2023-11-15 03:06:07'),(695,1,'en','core/media/media','javascript.created_at','Uploaded at','2023-11-15 03:06:07','2023-11-15 03:06:07'),(696,1,'en','core/media/media','javascript.updated_at','Modified at','2023-11-15 03:06:07','2023-11-15 03:06:07'),(697,1,'en','core/media/media','javascript.nothing_selected','Nothing is selected','2023-11-15 03:06:07','2023-11-15 03:06:07'),(698,1,'en','core/media/media','javascript.visit_link','Open link','2023-11-15 03:06:07','2023-11-15 03:06:07'),(699,1,'en','core/media/media','javascript.no_item.all_media.icon','fas fa-cloud-upload-alt','2023-11-15 03:06:07','2023-11-15 03:06:07'),(700,1,'en','core/media/media','javascript.no_item.all_media.title','Drop files and folders here','2023-11-15 03:06:07','2023-11-15 03:06:07'),(701,1,'en','core/media/media','javascript.no_item.all_media.message','Or use the upload button above','2023-11-15 03:06:07','2023-11-15 03:06:07'),(702,1,'en','core/media/media','javascript.no_item.trash.icon','fas fa-trash-alt','2023-11-15 03:06:07','2023-11-15 03:06:07'),(703,1,'en','core/media/media','javascript.no_item.trash.title','There is nothing in your trash currently','2023-11-15 03:06:07','2023-11-15 03:06:07'),(704,1,'en','core/media/media','javascript.no_item.trash.message','Delete files to move them to trash automatically. Delete files from trash to remove them permanently','2023-11-15 03:06:07','2023-11-15 03:06:07'),(705,1,'en','core/media/media','javascript.no_item.favorites.icon','fas fa-star','2023-11-15 03:06:07','2023-11-15 03:06:07'),(706,1,'en','core/media/media','javascript.no_item.favorites.title','You have not added anything to your favorites yet','2023-11-15 03:06:07','2023-11-15 03:06:07'),(707,1,'en','core/media/media','javascript.no_item.favorites.message','Add files to favorites to easily find them later','2023-11-15 03:06:07','2023-11-15 03:06:07'),(708,1,'en','core/media/media','javascript.no_item.recent.icon','far fa-clock','2023-11-15 03:06:07','2023-11-15 03:06:07'),(709,1,'en','core/media/media','javascript.no_item.recent.title','You did not opened anything yet','2023-11-15 03:06:07','2023-11-15 03:06:07'),(710,1,'en','core/media/media','javascript.no_item.recent.message','All recent files that you opened will be appeared here','2023-11-15 03:06:07','2023-11-15 03:06:07'),(711,1,'en','core/media/media','javascript.no_item.default.icon','fas fa-sync','2023-11-15 03:06:07','2023-11-15 03:06:07'),(712,1,'en','core/media/media','javascript.no_item.default.title','No items','2023-11-15 03:06:07','2023-11-15 03:06:07'),(713,1,'en','core/media/media','javascript.no_item.default.message','This directory has no item','2023-11-15 03:06:07','2023-11-15 03:06:07'),(714,1,'en','core/media/media','javascript.clipboard.success','These file links have been copied to clipboard','2023-11-15 03:06:07','2023-11-15 03:06:07'),(715,1,'en','core/media/media','javascript.message.error_header','Error','2023-11-15 03:06:07','2023-11-15 03:06:07'),(716,1,'en','core/media/media','javascript.message.success_header','Success','2023-11-15 03:06:07','2023-11-15 03:06:07'),(717,1,'en','core/media/media','javascript.download.error','No files selected or cannot download these files','2023-11-15 03:06:07','2023-11-15 03:06:07'),(718,1,'en','core/media/media','javascript.actions_list.basic.preview','Preview','2023-11-15 03:06:07','2023-11-15 03:06:07'),(719,1,'en','core/media/media','javascript.actions_list.basic.crop','Crop','2023-11-15 03:06:07','2023-11-15 03:06:07'),(720,1,'en','core/media/media','javascript.actions_list.file.copy_link','Copy link','2023-11-15 03:06:07','2023-11-15 03:06:07'),(721,1,'en','core/media/media','javascript.actions_list.file.rename','Rename','2023-11-15 03:06:07','2023-11-15 03:06:07'),(722,1,'en','core/media/media','javascript.actions_list.file.make_copy','Make a copy','2023-11-15 03:06:07','2023-11-15 03:06:07'),(723,1,'en','core/media/media','javascript.actions_list.file.alt_text','ALT text','2023-11-15 03:06:07','2023-11-15 03:06:07'),(724,1,'en','core/media/media','javascript.actions_list.user.favorite','Add to favorite','2023-11-15 03:06:07','2023-11-15 03:06:07'),(725,1,'en','core/media/media','javascript.actions_list.user.remove_favorite','Remove favorite','2023-11-15 03:06:07','2023-11-15 03:06:07'),(726,1,'en','core/media/media','javascript.actions_list.other.download','Download','2023-11-15 03:06:07','2023-11-15 03:06:07'),(727,1,'en','core/media/media','javascript.actions_list.other.trash','Move to trash','2023-11-15 03:06:07','2023-11-15 03:06:07'),(728,1,'en','core/media/media','javascript.actions_list.other.delete','Delete permanently','2023-11-15 03:06:07','2023-11-15 03:06:07'),(729,1,'en','core/media/media','javascript.actions_list.other.restore','Restore','2023-11-15 03:06:07','2023-11-15 03:06:07'),(730,1,'en','core/media/media','javascript.change_image','Change image','2023-11-15 03:06:07','2023-11-15 03:06:07'),(731,1,'en','core/media/media','javascript.delete_image','Delete image','2023-11-15 03:06:07','2023-11-15 03:06:07'),(732,1,'en','core/media/media','javascript.choose_image','Choose image','2023-11-15 03:06:07','2023-11-15 03:06:07'),(733,1,'en','core/media/media','javascript.preview_image','Preview image','2023-11-15 03:06:07','2023-11-15 03:06:07'),(734,1,'en','core/media/media','name_invalid','The folder name has invalid character(s).','2023-11-15 03:06:07','2023-11-15 03:06:07'),(735,1,'en','core/media/media','url_invalid','Please provide a valid URL','2023-11-15 03:06:07','2023-11-15 03:06:07'),(736,1,'en','core/media/media','path_invalid','Please provide a valid path','2023-11-15 03:06:07','2023-11-15 03:06:07'),(737,1,'en','core/media/media','download_link','Download','2023-11-15 03:06:07','2023-11-15 03:06:07'),(738,1,'en','core/media/media','url','URL','2023-11-15 03:06:07','2023-11-15 03:06:07'),(739,1,'en','core/media/media','download_explain','Enter one URL per line.','2023-11-15 03:06:07','2023-11-15 03:06:07'),(740,1,'en','core/media/media','downloading','Downloading...','2023-11-15 03:06:07','2023-11-15 03:06:07'),(741,1,'en','core/media/media','prepare_file_to_download','Preparing file to download...','2023-11-15 03:06:07','2023-11-15 03:06:07'),(742,1,'en','core/media/media','update_alt_text_success','Update alt text successfully!','2023-11-15 03:06:07','2023-11-15 03:06:07'),(743,1,'en','core/media/media','cropper.height','Height','2023-11-15 03:06:07','2023-11-15 03:06:07'),(744,1,'en','core/media/media','cropper.width','Width','2023-11-15 03:06:07','2023-11-15 03:06:07'),(745,1,'en','core/media/media','cropper.aspect_ratio','Aspect ratio?','2023-11-15 03:06:07','2023-11-15 03:06:07'),(746,1,'en','core/media/media','unable_to_write','Unable to write file. Please chmod folder \":folder\" to make it writeable!','2023-11-15 03:06:07','2023-11-15 03:06:07'),(747,1,'en','core/setting/setting','title','Settings','2023-11-15 03:06:07','2023-11-15 03:06:07'),(748,1,'en','core/setting/setting','email_setting_title','Email settings','2023-11-15 03:06:07','2023-11-15 03:06:07'),(749,1,'en','core/setting/setting','general.theme','Theme','2023-11-15 03:06:07','2023-11-15 03:06:07'),(750,1,'en','core/setting/setting','general.description','Setting site information','2023-11-15 03:06:07','2023-11-15 03:06:07'),(751,1,'en','core/setting/setting','general.title','General','2023-11-15 03:06:07','2023-11-15 03:06:07'),(752,1,'en','core/setting/setting','general.general_block','General Information','2023-11-15 03:06:07','2023-11-15 03:06:07'),(753,1,'en','core/setting/setting','general.rich_editor','Rich Editor','2023-11-15 03:06:07','2023-11-15 03:06:07'),(754,1,'en','core/setting/setting','general.site_title','Site title','2023-11-15 03:06:07','2023-11-15 03:06:07'),(755,1,'en','core/setting/setting','general.admin_email','Admin Email','2023-11-15 03:06:07','2023-11-15 03:06:07'),(756,1,'en','core/setting/setting','general.seo_block','SEO Configuration','2023-11-15 03:06:07','2023-11-15 03:06:07'),(757,1,'en','core/setting/setting','general.seo_title','SEO Title','2023-11-15 03:06:07','2023-11-15 03:06:07'),(758,1,'en','core/setting/setting','general.seo_description','SEO Description','2023-11-15 03:06:07','2023-11-15 03:06:07'),(759,1,'en','core/setting/setting','general.webmaster_tools_block','Google Webmaster Tools','2023-11-15 03:06:07','2023-11-15 03:06:07'),(760,1,'en','core/setting/setting','general.placeholder.site_title','Site Title (maximum 120 characters)','2023-11-15 03:06:07','2023-11-15 03:06:07'),(761,1,'en','core/setting/setting','general.placeholder.admin_email','Admin Email','2023-11-15 03:06:07','2023-11-15 03:06:07'),(762,1,'en','core/setting/setting','general.placeholder.seo_title','SEO Title (maximum 120 characters)','2023-11-15 03:06:07','2023-11-15 03:06:07'),(763,1,'en','core/setting/setting','general.placeholder.seo_description','SEO Description (maximum 120 characters)','2023-11-15 03:06:07','2023-11-15 03:06:07'),(764,1,'en','core/setting/setting','general.placeholder.google_analytics','Google Analytics','2023-11-15 03:06:07','2023-11-15 03:06:07'),(765,1,'en','core/setting/setting','general.cache_admin_menu','Cache admin menu?','2023-11-15 03:06:07','2023-11-15 03:06:07'),(766,1,'en','core/setting/setting','general.enable_send_error_reporting_via_email','Enable to send error reporting via email?','2023-11-15 03:06:07','2023-11-15 03:06:07'),(767,1,'en','core/setting/setting','general.time_zone','Timezone','2023-11-15 03:06:07','2023-11-15 03:06:07'),(768,1,'en','core/setting/setting','general.default_admin_theme','Default admin theme','2023-11-15 03:06:07','2023-11-15 03:06:07'),(769,1,'en','core/setting/setting','general.enable_change_admin_theme','Enable change admin theme?','2023-11-15 03:06:07','2023-11-15 03:06:07'),(770,1,'en','core/setting/setting','general.enable','Enable','2023-11-15 03:06:07','2023-11-15 03:06:07'),(771,1,'en','core/setting/setting','general.disable','Disable','2023-11-15 03:06:07','2023-11-15 03:06:07'),(772,1,'en','core/setting/setting','general.enable_cache','Enable cache?','2023-11-15 03:06:07','2023-11-15 03:06:07'),(773,1,'en','core/setting/setting','general.disable_cache_in_the_admin_panel','Disable cache in the admin panel?','2023-11-15 03:06:07','2023-11-15 03:06:07'),(774,1,'en','core/setting/setting','general.cache_time','Cache time (minutes)','2023-11-15 03:06:07','2023-11-15 03:06:07'),(775,1,'en','core/setting/setting','general.enable_cache_site_map','Enable cache site map?','2023-11-15 03:06:07','2023-11-15 03:06:07'),(776,1,'en','core/setting/setting','general.cache_time_site_map','Cache Time Site map (minutes)','2023-11-15 03:06:07','2023-11-15 03:06:07'),(777,1,'en','core/setting/setting','general.admin_logo','Admin logo','2023-11-15 03:06:07','2023-11-15 03:06:07'),(778,1,'en','core/setting/setting','general.admin_favicon','Admin favicon','2023-11-15 03:06:07','2023-11-15 03:06:07'),(779,1,'en','core/setting/setting','general.admin_title','Admin title','2023-11-15 03:06:07','2023-11-15 03:06:07'),(780,1,'en','core/setting/setting','general.admin_title_placeholder','Title show to tab of browser','2023-11-15 03:06:07','2023-11-15 03:06:07'),(781,1,'en','core/setting/setting','general.cache_block','Cache','2023-11-15 03:06:07','2023-11-15 03:06:07'),(782,1,'en','core/setting/setting','general.admin_appearance_title','Admin appearance','2023-11-15 03:06:08','2023-11-15 03:06:08'),(783,1,'en','core/setting/setting','general.admin_appearance_description','Setting admin appearance such as editor, language...','2023-11-15 03:06:08','2023-11-15 03:06:08'),(784,1,'en','core/setting/setting','general.seo_block_description','Setting site title, site meta description, site keyword for optimize SEO','2023-11-15 03:06:08','2023-11-15 03:06:08'),(785,1,'en','core/setting/setting','general.webmaster_tools_description','Google Webmaster Tools (GWT) is free software that helps you manage the technical side of your website','2023-11-15 03:06:08','2023-11-15 03:06:08'),(786,1,'en','core/setting/setting','general.cache_description','Config cache for system for optimize speed','2023-11-15 03:06:08','2023-11-15 03:06:08'),(787,1,'en','core/setting/setting','general.yes','Yes','2023-11-15 03:06:08','2023-11-15 03:06:08'),(788,1,'en','core/setting/setting','general.no','No','2023-11-15 03:06:08','2023-11-15 03:06:08'),(789,1,'en','core/setting/setting','general.show_on_front','Your homepage displays','2023-11-15 03:06:08','2023-11-15 03:06:08'),(790,1,'en','core/setting/setting','general.select','— Select —','2023-11-15 03:06:08','2023-11-15 03:06:08'),(791,1,'en','core/setting/setting','general.show_site_name','Show site name after page title, separate with \"-\"?','2023-11-15 03:06:08','2023-11-15 03:06:08'),(792,1,'en','core/setting/setting','general.locale','Site language','2023-11-15 03:06:08','2023-11-15 03:06:08'),(793,1,'en','core/setting/setting','general.locale_direction','Front site language direction','2023-11-15 03:06:08','2023-11-15 03:06:08'),(794,1,'en','core/setting/setting','general.admin_locale_direction','Admin language direction','2023-11-15 03:06:08','2023-11-15 03:06:08'),(795,1,'en','core/setting/setting','general.admin_login_screen_backgrounds','Login screen backgrounds (~1366x768)','2023-11-15 03:06:08','2023-11-15 03:06:08'),(796,1,'en','core/setting/setting','general.minutes','minutes','2023-11-15 03:06:08','2023-11-15 03:06:08'),(797,1,'en','core/setting/setting','general.datatables.title','Datatables','2023-11-15 03:06:08','2023-11-15 03:06:08'),(798,1,'en','core/setting/setting','general.datatables.description','Settings for datatables','2023-11-15 03:06:08','2023-11-15 03:06:08'),(799,1,'en','core/setting/setting','general.datatables.show_column_visibility','Default show column visibility?','2023-11-15 03:06:08','2023-11-15 03:06:08'),(800,1,'en','core/setting/setting','general.datatables.show_export_button','Default show export button?','2023-11-15 03:06:08','2023-11-15 03:06:08'),(801,1,'en','core/setting/setting','email.subject','Subject','2023-11-15 03:06:08','2023-11-15 03:06:08'),(802,1,'en','core/setting/setting','email.content','Content','2023-11-15 03:06:08','2023-11-15 03:06:08'),(803,1,'en','core/setting/setting','email.title','Setting for email template','2023-11-15 03:06:08','2023-11-15 03:06:08'),(804,1,'en','core/setting/setting','email.description','Email template using HTML & system variables.','2023-11-15 03:06:08','2023-11-15 03:06:08'),(805,1,'en','core/setting/setting','email.reset_to_default','Reset to default','2023-11-15 03:06:08','2023-11-15 03:06:08'),(806,1,'en','core/setting/setting','email.back','Back to settings','2023-11-15 03:06:08','2023-11-15 03:06:08'),(807,1,'en','core/setting/setting','email.reset_success','Reset back to default successfully','2023-11-15 03:06:08','2023-11-15 03:06:08'),(808,1,'en','core/setting/setting','email.confirm_reset','Confirm reset email template?','2023-11-15 03:06:08','2023-11-15 03:06:08'),(809,1,'en','core/setting/setting','email.confirm_message','Do you really want to reset this email template to default?','2023-11-15 03:06:08','2023-11-15 03:06:08'),(810,1,'en','core/setting/setting','email.continue','Continue','2023-11-15 03:06:08','2023-11-15 03:06:08'),(811,1,'en','core/setting/setting','email.sender_name','Sender name','2023-11-15 03:06:08','2023-11-15 03:06:08'),(812,1,'en','core/setting/setting','email.sender_name_placeholder','Name','2023-11-15 03:06:08','2023-11-15 03:06:08'),(813,1,'en','core/setting/setting','email.sender_email','Sender email','2023-11-15 03:06:08','2023-11-15 03:06:08'),(814,1,'en','core/setting/setting','email.mailer','Mailer','2023-11-15 03:06:08','2023-11-15 03:06:08'),(815,1,'en','core/setting/setting','email.port','Port','2023-11-15 03:06:08','2023-11-15 03:06:08'),(816,1,'en','core/setting/setting','email.port_placeholder','Ex: 587','2023-11-15 03:06:08','2023-11-15 03:06:08'),(817,1,'en','core/setting/setting','email.host','Host','2023-11-15 03:06:08','2023-11-15 03:06:08'),(818,1,'en','core/setting/setting','email.host_placeholder','Ex: smtp.gmail.com','2023-11-15 03:06:08','2023-11-15 03:06:08'),(819,1,'en','core/setting/setting','email.username','Username','2023-11-15 03:06:08','2023-11-15 03:06:08'),(820,1,'en','core/setting/setting','email.username_placeholder','Username to login to mail server','2023-11-15 03:06:08','2023-11-15 03:06:08'),(821,1,'en','core/setting/setting','email.password','Password','2023-11-15 03:06:08','2023-11-15 03:06:08'),(822,1,'en','core/setting/setting','email.password_placeholder','Password to login to mail server','2023-11-15 03:06:08','2023-11-15 03:06:08'),(823,1,'en','core/setting/setting','email.encryption','Encryption','2023-11-15 03:06:08','2023-11-15 03:06:08'),(824,1,'en','core/setting/setting','email.mail_gun_domain','Domain','2023-11-15 03:06:08','2023-11-15 03:06:08'),(825,1,'en','core/setting/setting','email.mail_gun_domain_placeholder','Domain','2023-11-15 03:06:08','2023-11-15 03:06:08'),(826,1,'en','core/setting/setting','email.mail_gun_secret','Secret','2023-11-15 03:06:08','2023-11-15 03:06:08'),(827,1,'en','core/setting/setting','email.mail_gun_secret_placeholder','Secret','2023-11-15 03:06:08','2023-11-15 03:06:08'),(828,1,'en','core/setting/setting','email.mail_gun_endpoint','Endpoint','2023-11-15 03:06:08','2023-11-15 03:06:08'),(829,1,'en','core/setting/setting','email.mail_gun_endpoint_placeholder','Endpoint','2023-11-15 03:06:08','2023-11-15 03:06:08'),(830,1,'en','core/setting/setting','email.log_channel','Log channel','2023-11-15 03:06:08','2023-11-15 03:06:08'),(831,1,'en','core/setting/setting','email.sendmail_path','Sendmail Path','2023-11-15 03:06:08','2023-11-15 03:06:08'),(832,1,'en','core/setting/setting','email.encryption_placeholder','Encryption: ssl or tls','2023-11-15 03:06:08','2023-11-15 03:06:08'),(833,1,'en','core/setting/setting','email.ses_key','Key','2023-11-15 03:06:08','2023-11-15 03:06:08'),(834,1,'en','core/setting/setting','email.ses_key_placeholder','Key','2023-11-15 03:06:08','2023-11-15 03:06:08'),(835,1,'en','core/setting/setting','email.ses_secret','Secret','2023-11-15 03:06:08','2023-11-15 03:06:08'),(836,1,'en','core/setting/setting','email.ses_secret_placeholder','Secret','2023-11-15 03:06:08','2023-11-15 03:06:08'),(837,1,'en','core/setting/setting','email.ses_region','Region','2023-11-15 03:06:08','2023-11-15 03:06:08'),(838,1,'en','core/setting/setting','email.ses_region_placeholder','Region','2023-11-15 03:06:08','2023-11-15 03:06:08'),(839,1,'en','core/setting/setting','email.postmark_token','Token','2023-11-15 03:06:08','2023-11-15 03:06:08'),(840,1,'en','core/setting/setting','email.postmark_token_placeholder','Token','2023-11-15 03:06:08','2023-11-15 03:06:08'),(841,1,'en','core/setting/setting','email.template_title','Email templates','2023-11-15 03:06:08','2023-11-15 03:06:08'),(842,1,'en','core/setting/setting','email.template_description','Base templates for all emails','2023-11-15 03:06:08','2023-11-15 03:06:08'),(843,1,'en','core/setting/setting','email.template_header','Email template header','2023-11-15 03:06:08','2023-11-15 03:06:08'),(844,1,'en','core/setting/setting','email.template_header_description','Template for header of emails','2023-11-15 03:06:08','2023-11-15 03:06:08'),(845,1,'en','core/setting/setting','email.template_footer','Email template footer','2023-11-15 03:06:08','2023-11-15 03:06:08'),(846,1,'en','core/setting/setting','email.template_footer_description','Template for footer of emails','2023-11-15 03:06:08','2023-11-15 03:06:08'),(847,1,'en','core/setting/setting','email.default','Default','2023-11-15 03:06:08','2023-11-15 03:06:08'),(848,1,'en','core/setting/setting','media.title','Media','2023-11-15 03:06:08','2023-11-15 03:06:08'),(849,1,'en','core/setting/setting','media.driver','Driver','2023-11-15 03:06:08','2023-11-15 03:06:08'),(850,1,'en','core/setting/setting','media.description','Settings for media','2023-11-15 03:06:08','2023-11-15 03:06:08'),(851,1,'en','core/setting/setting','media.aws_access_key_id','AWS Access Key ID','2023-11-15 03:06:08','2023-11-15 03:06:08'),(852,1,'en','core/setting/setting','media.aws_secret_key','AWS Secret Key','2023-11-15 03:06:08','2023-11-15 03:06:08'),(853,1,'en','core/setting/setting','media.aws_default_region','AWS Default Region','2023-11-15 03:06:08','2023-11-15 03:06:08'),(854,1,'en','core/setting/setting','media.aws_bucket','AWS Bucket','2023-11-15 03:06:08','2023-11-15 03:06:08'),(855,1,'en','core/setting/setting','media.aws_url','AWS URL','2023-11-15 03:06:08','2023-11-15 03:06:08'),(856,1,'en','core/setting/setting','media.aws_endpoint','AWS Endpoint (Optional)','2023-11-15 03:06:08','2023-11-15 03:06:08'),(857,1,'en','core/setting/setting','media.r2_access_key_id','R2 Access Key ID','2023-11-15 03:06:08','2023-11-15 03:06:08'),(858,1,'en','core/setting/setting','media.r2_secret_key','R2 Secret Key','2023-11-15 03:06:08','2023-11-15 03:06:08'),(859,1,'en','core/setting/setting','media.r2_bucket','R2 Bucket','2023-11-15 03:06:08','2023-11-15 03:06:08'),(860,1,'en','core/setting/setting','media.r2_url','R2 URL','2023-11-15 03:06:08','2023-11-15 03:06:08'),(861,1,'en','core/setting/setting','media.r2_endpoint','R2 Endpoint','2023-11-15 03:06:08','2023-11-15 03:06:08'),(862,1,'en','core/setting/setting','media.do_spaces_access_key_id','DO Spaces Access Key ID','2023-11-15 03:06:08','2023-11-15 03:06:08'),(863,1,'en','core/setting/setting','media.do_spaces_secret_key','DO Spaces Secret Key','2023-11-15 03:06:08','2023-11-15 03:06:08'),(864,1,'en','core/setting/setting','media.do_spaces_default_region','DO Spaces Default Region','2023-11-15 03:06:08','2023-11-15 03:06:08'),(865,1,'en','core/setting/setting','media.do_spaces_bucket','DO Spaces Bucket','2023-11-15 03:06:08','2023-11-15 03:06:08'),(866,1,'en','core/setting/setting','media.do_spaces_endpoint','DO Spaces Endpoint','2023-11-15 03:06:08','2023-11-15 03:06:08'),(867,1,'en','core/setting/setting','media.do_spaces_cdn_enabled','Is DO Spaces CDN enabled?','2023-11-15 03:06:08','2023-11-15 03:06:08'),(868,1,'en','core/setting/setting','media.media_do_spaces_cdn_custom_domain','Do Spaces CDN custom domain','2023-11-15 03:06:08','2023-11-15 03:06:08'),(869,1,'en','core/setting/setting','media.media_do_spaces_cdn_custom_domain_placeholder','https://your-custom-domain.com','2023-11-15 03:06:08','2023-11-15 03:06:08'),(870,1,'en','core/setting/setting','media.wasabi_access_key_id','Wasabi Access Key ID','2023-11-15 03:06:08','2023-11-15 03:06:08'),(871,1,'en','core/setting/setting','media.wasabi_secret_key','Wasabi Secret Key','2023-11-15 03:06:08','2023-11-15 03:06:08'),(872,1,'en','core/setting/setting','media.wasabi_default_region','Wasabi Default Region','2023-11-15 03:06:08','2023-11-15 03:06:08'),(873,1,'en','core/setting/setting','media.wasabi_bucket','Wasabi Bucket','2023-11-15 03:06:08','2023-11-15 03:06:08'),(874,1,'en','core/setting/setting','media.wasabi_root','Wasabi Root','2023-11-15 03:06:08','2023-11-15 03:06:08'),(875,1,'en','core/setting/setting','media.default_placeholder_image','Default placeholder image','2023-11-15 03:06:08','2023-11-15 03:06:08'),(876,1,'en','core/setting/setting','media.enable_chunk','Enable chunk size upload?','2023-11-15 03:06:08','2023-11-15 03:06:08'),(877,1,'en','core/setting/setting','media.chunk_size','Chunk size (Bytes)','2023-11-15 03:06:08','2023-11-15 03:06:08'),(878,1,'en','core/setting/setting','media.chunk_size_placeholder','Default: 1048576 ~ 1MB','2023-11-15 03:06:08','2023-11-15 03:06:08'),(879,1,'en','core/setting/setting','media.max_file_size','Chunk max file size (MB)','2023-11-15 03:06:08','2023-11-15 03:06:08'),(880,1,'en','core/setting/setting','media.max_file_size_placeholder','Default: 1048576 ~ 1GB','2023-11-15 03:06:08','2023-11-15 03:06:08'),(881,1,'en','core/setting/setting','media.enable_watermark','Enable watermark?','2023-11-15 03:06:08','2023-11-15 03:06:08'),(882,1,'en','core/setting/setting','media.watermark_source','Watermark image','2023-11-15 03:06:08','2023-11-15 03:06:08'),(883,1,'en','core/setting/setting','media.watermark_size','Size of watermark (%)','2023-11-15 03:06:08','2023-11-15 03:06:08'),(884,1,'en','core/setting/setting','media.watermark_size_placeholder','Default: 10 (%)','2023-11-15 03:06:08','2023-11-15 03:06:08'),(885,1,'en','core/setting/setting','media.watermark_opacity','Watermark Opacity (%)','2023-11-15 03:06:08','2023-11-15 03:06:08'),(886,1,'en','core/setting/setting','media.watermark_opacity_placeholder','Default: 70 (%)','2023-11-15 03:06:08','2023-11-15 03:06:08'),(887,1,'en','core/setting/setting','media.watermark_position','Watermark position','2023-11-15 03:06:08','2023-11-15 03:06:08'),(888,1,'en','core/setting/setting','media.watermark_position_x','Watermark position X','2023-11-15 03:06:08','2023-11-15 03:06:08'),(889,1,'en','core/setting/setting','media.watermark_position_y','Watermark position Y','2023-11-15 03:06:08','2023-11-15 03:06:08'),(890,1,'en','core/setting/setting','media.watermark_position_top_left','Top left','2023-11-15 03:06:08','2023-11-15 03:06:08'),(891,1,'en','core/setting/setting','media.watermark_position_top_right','Top right','2023-11-15 03:06:08','2023-11-15 03:06:08'),(892,1,'en','core/setting/setting','media.watermark_position_bottom_left','Bottom left','2023-11-15 03:06:08','2023-11-15 03:06:08'),(893,1,'en','core/setting/setting','media.watermark_position_bottom_right','Bottom right','2023-11-15 03:06:08','2023-11-15 03:06:08'),(894,1,'en','core/setting/setting','media.watermark_position_center','Center','2023-11-15 03:06:08','2023-11-15 03:06:08'),(895,1,'en','core/setting/setting','media.turn_off_automatic_url_translation_into_latin','Turn off automatic URL translation into Latin?','2023-11-15 03:06:08','2023-11-15 03:06:08'),(896,1,'en','core/setting/setting','media.bunnycdn_hostname','Hostname','2023-11-15 03:06:08','2023-11-15 03:06:08'),(897,1,'en','core/setting/setting','media.bunnycdn_zone','Zone Name (The name of your storage zone)','2023-11-15 03:06:08','2023-11-15 03:06:08'),(898,1,'en','core/setting/setting','media.bunnycdn_key','FTP & API Access Password (The storage zone API Access Password)','2023-11-15 03:06:08','2023-11-15 03:06:08'),(899,1,'en','core/setting/setting','media.bunnycdn_region','Region (The storage zone region)','2023-11-15 03:06:08','2023-11-15 03:06:08'),(900,1,'en','core/setting/setting','media.optional','Optional','2023-11-15 03:06:08','2023-11-15 03:06:08'),(901,1,'en','core/setting/setting','media.sizes','Media thumbnails sizes','2023-11-15 03:06:08','2023-11-15 03:06:08'),(902,1,'en','core/setting/setting','media.media_sizes_helper','Set width or height to 0 if you just want to crop by width or height. Need to click on \"Generate thumbnails\" to apply changes.','2023-11-15 03:06:09','2023-11-15 03:06:09'),(903,1,'en','core/setting/setting','media.width','Width','2023-11-15 03:06:09','2023-11-15 03:06:09'),(904,1,'en','core/setting/setting','media.height','Height','2023-11-15 03:06:09','2023-11-15 03:06:09'),(905,1,'en','core/setting/setting','media.default_size_value','Default: :size','2023-11-15 03:06:09','2023-11-15 03:06:09'),(906,1,'en','core/setting/setting','media.all','All','2023-11-15 03:06:09','2023-11-15 03:06:09'),(907,1,'en','core/setting/setting','media.media_folders_can_add_watermark','Add watermark for images in folders:','2023-11-15 03:06:09','2023-11-15 03:06:09'),(908,1,'en','core/setting/setting','media.max_upload_filesize','Max upload filesize (MB)','2023-11-15 03:06:09','2023-11-15 03:06:09'),(909,1,'en','core/setting/setting','media.max_upload_filesize_placeholder','Default: :size, must less than :size.','2023-11-15 03:06:09','2023-11-15 03:06:09'),(910,1,'en','core/setting/setting','media.max_upload_filesize_helper','Your server allows to upload files maximum :size, you can change this value to limit upload filesize.','2023-11-15 03:06:09','2023-11-15 03:06:09'),(911,1,'en','core/setting/setting','media.image_processing_library','Image processing library','2023-11-15 03:06:09','2023-11-15 03:06:09'),(912,1,'en','core/setting/setting','license.purchase_code','Purchase code','2023-11-15 03:06:09','2023-11-15 03:06:09'),(913,1,'en','core/setting/setting','license.buyer','Buyer','2023-11-15 03:06:09','2023-11-15 03:06:09'),(914,1,'en','core/setting/setting','field_type_not_exists','This field type does not exist','2023-11-15 03:06:09','2023-11-15 03:06:09'),(915,1,'en','core/setting/setting','save_settings','Save settings','2023-11-15 03:06:09','2023-11-15 03:06:09'),(916,1,'en','core/setting/setting','template','Template','2023-11-15 03:06:09','2023-11-15 03:06:09'),(917,1,'en','core/setting/setting','description','Description','2023-11-15 03:06:09','2023-11-15 03:06:09'),(918,1,'en','core/setting/setting','enable','Enable','2023-11-15 03:06:09','2023-11-15 03:06:09'),(919,1,'en','core/setting/setting','send','Send','2023-11-15 03:06:09','2023-11-15 03:06:09'),(920,1,'en','core/setting/setting','test_email_description','To send test email, please make sure you are updated configuration to send mail!','2023-11-15 03:06:09','2023-11-15 03:06:09'),(921,1,'en','core/setting/setting','test_email_input_placeholder','Enter the email which you want to send test email.','2023-11-15 03:06:09','2023-11-15 03:06:09'),(922,1,'en','core/setting/setting','test_email_modal_title','Send a test email','2023-11-15 03:06:09','2023-11-15 03:06:09'),(923,1,'en','core/setting/setting','test_send_mail','Send test mail','2023-11-15 03:06:09','2023-11-15 03:06:09'),(924,1,'en','core/setting/setting','test_email_send_success','Send email successfully!','2023-11-15 03:06:09','2023-11-15 03:06:09'),(925,1,'en','core/setting/setting','locale_direction_ltr','Left to Right','2023-11-15 03:06:09','2023-11-15 03:06:09'),(926,1,'en','core/setting/setting','locale_direction_rtl','Right to Left','2023-11-15 03:06:09','2023-11-15 03:06:09'),(927,1,'en','core/setting/setting','saving','Saving...','2023-11-15 03:06:09','2023-11-15 03:06:09'),(928,1,'en','core/setting/setting','emails_warning','You can add up to :count emails','2023-11-15 03:06:09','2023-11-15 03:06:09'),(929,1,'en','core/setting/setting','email_add_more','Add more','2023-11-15 03:06:09','2023-11-15 03:06:09'),(930,1,'en','core/setting/setting','generate','Generate','2023-11-15 03:06:09','2023-11-15 03:06:09'),(931,1,'en','core/setting/setting','generate_thumbnails','Generate thumbnails','2023-11-15 03:06:09','2023-11-15 03:06:09'),(932,1,'en','core/setting/setting','generate_thumbnails_success','Generate thumbnails successfully. :count files are generated!','2023-11-15 03:06:09','2023-11-15 03:06:09'),(933,1,'en','core/setting/setting','generate_thumbnails_error','We are unable to regenerate thumbnail for these files :count files!','2023-11-15 03:06:09','2023-11-15 03:06:09'),(934,1,'en','core/setting/setting','generate_thumbnails_description','Are you sure you want to re-generate thumbnails for all images? It will take time so please DO NOT leave this page, wait until it is finished.','2023-11-15 03:06:09','2023-11-15 03:06:09'),(935,1,'en','core/setting/setting','enable_chunk_description','Chunk size upload is used to upload large file size.','2023-11-15 03:06:09','2023-11-15 03:06:09'),(936,1,'en','core/setting/setting','watermark_description','WARNING: Watermark is just added to new uploaded images, it won\'t be added to existing images. Disable watermark won\'t remove watermark from existing images.','2023-11-15 03:06:09','2023-11-15 03:06:09'),(937,1,'en','core/setting/setting','submit','Submit','2023-11-15 03:06:09','2023-11-15 03:06:09'),(938,1,'en','core/setting/setting','back','Back','2023-11-15 03:06:09','2023-11-15 03:06:09'),(939,1,'en','core/setting/setting','enter_sample_value','Enter sample values for testing','2023-11-15 03:06:09','2023-11-15 03:06:09'),(940,1,'en','core/setting/setting','preview','Preview','2023-11-15 03:06:09','2023-11-15 03:06:09'),(941,1,'en','core/setting/setting','media_size_width',':size size width must be greater than 0','2023-11-15 03:06:09','2023-11-15 03:06:09'),(942,1,'en','core/setting/setting','media_size_height',':size size height must be greater than 0','2023-11-15 03:06:09','2023-11-15 03:06:09'),(943,1,'en','core/setting/setting','cronjob.name','Cronjob','2023-11-15 03:06:09','2023-11-15 03:06:09'),(944,1,'en','core/setting/setting','cronjob.description','Cronjob allow you to automate certain commands or scripts on your site.','2023-11-15 03:06:09','2023-11-15 03:06:09'),(945,1,'en','core/setting/setting','cronjob.is_not_ready','To run the cronjob, follow the instructions below.','2023-11-15 03:06:09','2023-11-15 03:06:09'),(946,1,'en','core/setting/setting','cronjob.is_working','Congratulations! Your cronjob is running.','2023-11-15 03:06:09','2023-11-15 03:06:09'),(947,1,'en','core/setting/setting','cronjob.is_not_working','Your cronjob is not running. Please check your server\'s cronjob.','2023-11-15 03:06:09','2023-11-15 03:06:09'),(948,1,'en','core/setting/setting','cronjob.last_checked','Last checked at :time.','2023-11-15 03:06:09','2023-11-15 03:06:09'),(949,1,'en','core/setting/setting','cronjob.copy_button','Copy','2023-11-15 03:06:09','2023-11-15 03:06:09'),(950,1,'en','core/setting/setting','cronjob.setup.name','Setting up the Cronjob','2023-11-15 03:06:09','2023-11-15 03:06:09'),(951,1,'en','core/setting/setting','cronjob.setup.connect_to_server','Connect to your server via SSH or any preferred method.','2023-11-15 03:06:09','2023-11-15 03:06:09'),(952,1,'en','core/setting/setting','cronjob.setup.open_crontab','Open the crontab file using a text editor (e.g., `crontab -e`).','2023-11-15 03:06:09','2023-11-15 03:06:09'),(953,1,'en','core/setting/setting','cronjob.setup.add_cronjob','Add the above command to the crontab file and save it.','2023-11-15 03:06:09','2023-11-15 03:06:09'),(954,1,'en','core/setting/setting','cronjob.setup.done','The cronjob will now run at every minute and execute the specified command.','2023-11-15 03:06:09','2023-11-15 03:06:09'),(955,1,'en','core/setting/setting','cronjob.setup.learn_more','You can learn more about cronjob from the Laravel :documentation','2023-11-15 03:06:09','2023-11-15 03:06:09'),(956,1,'en','core/setting/setting','cronjob.setup.documentation','documentation','2023-11-15 03:06:09','2023-11-15 03:06:09'),(957,1,'en','core/setting/setting','cronjob.setup.copied','Copied','2023-11-15 03:06:09','2023-11-15 03:06:09'),(958,1,'en','core/table/table','operations','Operations','2023-11-15 03:06:09','2023-11-15 03:06:09'),(959,1,'en','core/table/table','loading_data','Loading data from server','2023-11-15 03:06:09','2023-11-15 03:06:09'),(960,1,'en','core/table/table','display','Display','2023-11-15 03:06:09','2023-11-15 03:06:09'),(961,1,'en','core/table/table','all','All','2023-11-15 03:06:09','2023-11-15 03:06:09'),(962,1,'en','core/table/table','edit_entry','Edit','2023-11-15 03:06:09','2023-11-15 03:06:09'),(963,1,'en','core/table/table','delete_entry','Delete','2023-11-15 03:06:09','2023-11-15 03:06:09'),(964,1,'en','core/table/table','show_from','Showing from','2023-11-15 03:06:09','2023-11-15 03:06:09'),(965,1,'en','core/table/table','to','to','2023-11-15 03:06:09','2023-11-15 03:06:09'),(966,1,'en','core/table/table','in','in','2023-11-15 03:06:09','2023-11-15 03:06:09'),(967,1,'en','core/table/table','records','records','2023-11-15 03:06:09','2023-11-15 03:06:09'),(968,1,'en','core/table/table','no_data','No data to display','2023-11-15 03:06:09','2023-11-15 03:06:09'),(969,1,'en','core/table/table','no_record','No record','2023-11-15 03:06:09','2023-11-15 03:06:09'),(970,1,'en','core/table/table','loading','Loading data from server','2023-11-15 03:06:09','2023-11-15 03:06:09'),(971,1,'en','core/table/table','confirm_delete','Confirm delete','2023-11-15 03:06:09','2023-11-15 03:06:09'),(972,1,'en','core/table/table','confirm_delete_msg','Do you really want to delete this record?','2023-11-15 03:06:09','2023-11-15 03:06:09'),(973,1,'en','core/table/table','cancel','Cancel','2023-11-15 03:06:09','2023-11-15 03:06:09'),(974,1,'en','core/table/table','delete','Delete','2023-11-15 03:06:09','2023-11-15 03:06:09'),(975,1,'en','core/table/table','close','Close','2023-11-15 03:06:09','2023-11-15 03:06:09'),(976,1,'en','core/table/table','contains','Contains','2023-11-15 03:06:09','2023-11-15 03:06:09'),(977,1,'en','core/table/table','is_equal_to','Is equal to','2023-11-15 03:06:09','2023-11-15 03:06:09'),(978,1,'en','core/table/table','greater_than','Greater than','2023-11-15 03:06:09','2023-11-15 03:06:09'),(979,1,'en','core/table/table','less_than','Less than','2023-11-15 03:06:09','2023-11-15 03:06:09'),(980,1,'en','core/table/table','value','Value','2023-11-15 03:06:09','2023-11-15 03:06:09'),(981,1,'en','core/table/table','select_field','Select field','2023-11-15 03:06:09','2023-11-15 03:06:09'),(982,1,'en','core/table/table','reset','Reset','2023-11-15 03:06:09','2023-11-15 03:06:09'),(983,1,'en','core/table/table','add_additional_filter','Add additional filter','2023-11-15 03:06:09','2023-11-15 03:06:09'),(984,1,'en','core/table/table','apply','Apply','2023-11-15 03:06:09','2023-11-15 03:06:09'),(985,1,'en','core/table/table','filters','Filters','2023-11-15 03:06:09','2023-11-15 03:06:09'),(986,1,'en','core/table/table','bulk_change','Bulk changes','2023-11-15 03:06:09','2023-11-15 03:06:09'),(987,1,'en','core/table/table','select_option','Select option','2023-11-15 03:06:09','2023-11-15 03:06:09'),(988,1,'en','core/table/table','bulk_actions','Bulk Actions','2023-11-15 03:06:09','2023-11-15 03:06:09'),(989,1,'en','core/table/table','invalid_bulk_action','Invalid bulk action','2023-11-15 03:06:09','2023-11-15 03:06:09'),(990,1,'en','core/table/table','confirm_bulk_action','Confirm to perform this action','2023-11-15 03:06:09','2023-11-15 03:06:09'),(991,1,'en','core/table/table','confirm_bulk_message','Are you sure you want to do this action? This cannot be undone.','2023-11-15 03:06:09','2023-11-15 03:06:09'),(992,1,'en','core/table/table','yes','Yes','2023-11-15 03:06:09','2023-11-15 03:06:09'),(993,1,'en','core/table/table','save_bulk_change_success','Update data for selected record(s) successfully!','2023-11-15 03:06:09','2023-11-15 03:06:09'),(994,1,'en','core/table/table','please_select_record','Please select at least one record to perform this action!','2023-11-15 03:06:10','2023-11-15 03:06:10'),(995,1,'en','core/table/table','filtered','(filtered from _MAX_ total records)','2023-11-15 03:06:10','2023-11-15 03:06:10'),(996,1,'en','core/table/table','search','Search...','2023-11-15 03:06:10','2023-11-15 03:06:10'),(997,1,'en','packages/api/api','settings','API Settings','2023-11-15 03:06:10','2023-11-15 03:06:10'),(998,1,'en','packages/api/api','save_settings','Save settings','2023-11-15 03:06:10','2023-11-15 03:06:10'),(999,1,'en','packages/api/api','setting_title','API settings','2023-11-15 03:06:10','2023-11-15 03:06:10'),(1000,1,'en','packages/api/api','setting_description','Settings for API','2023-11-15 03:06:10','2023-11-15 03:06:10'),(1001,1,'en','packages/api/api','api_enabled','API enabled?','2023-11-15 03:06:10','2023-11-15 03:06:10'),(1002,1,'en','packages/get-started/get-started','welcome_title','Welcome to your admin dashboard!','2023-11-15 03:06:10','2023-11-15 03:06:10'),(1003,1,'en','packages/get-started/get-started','welcome_description','In a few short steps, you can have your new dashboard up and running!','2023-11-15 03:06:10','2023-11-15 03:06:10'),(1004,1,'en','packages/get-started/get-started','get_started','Get Started!','2023-11-15 03:06:10','2023-11-15 03:06:10'),(1005,1,'en','packages/get-started/get-started','customize_branding_title','Customize branding','2023-11-15 03:06:10','2023-11-15 03:06:10'),(1006,1,'en','packages/get-started/get-started','customize_branding_description','Customize your site with colors, logo and subdomain to match your business unique branding and identity.','2023-11-15 03:06:10','2023-11-15 03:06:10'),(1007,1,'en','packages/get-started/get-started','colors','Colors','2023-11-15 03:06:10','2023-11-15 03:06:10'),(1008,1,'en','packages/get-started/get-started','fonts','Fonts','2023-11-15 03:06:10','2023-11-15 03:06:10'),(1009,1,'en','packages/get-started/get-started','primary_color','Primary color','2023-11-15 03:06:10','2023-11-15 03:06:10'),(1010,1,'en','packages/get-started/get-started','primary_font','Primary font','2023-11-15 03:06:10','2023-11-15 03:06:10'),(1011,1,'en','packages/get-started/get-started','setup_wizard_button',':link to finish Quick setup Wizard!','2023-11-15 03:06:10','2023-11-15 03:06:10'),(1012,1,'en','packages/get-started/get-started','click_here','Click here','2023-11-15 03:06:10','2023-11-15 03:06:10'),(1013,1,'en','packages/get-started/get-started','site_title','Site title','2023-11-15 03:06:10','2023-11-15 03:06:10'),(1014,1,'en','packages/get-started/get-started','identify','Identify','2023-11-15 03:06:10','2023-11-15 03:06:10'),(1015,1,'en','packages/get-started/get-started','logo','Logo','2023-11-15 03:06:10','2023-11-15 03:06:10'),(1016,1,'en','packages/get-started/get-started','admin_logo','Admin logo','2023-11-15 03:06:10','2023-11-15 03:06:10'),(1017,1,'en','packages/get-started/get-started','favicon','Favicon','2023-11-15 03:06:10','2023-11-15 03:06:10'),(1018,1,'en','packages/get-started/get-started','admin_favicon','Admin favicon','2023-11-15 03:06:10','2023-11-15 03:06:10'),(1019,1,'en','packages/get-started/get-started','next_step','Next step','2023-11-15 03:06:10','2023-11-15 03:06:10'),(1020,1,'en','packages/get-started/get-started','site_ready_title','Your site is ready!','2023-11-15 03:06:10','2023-11-15 03:06:10'),(1021,1,'en','packages/get-started/get-started','site_ready_description','Welcome to your new site! Your website has been created and populated with sample data. You are in the admin area of your site where you can set up everything else needed to complete your site.','2023-11-15 03:06:10','2023-11-15 03:06:10'),(1022,1,'en','packages/get-started/get-started','finish','Finish','2023-11-15 03:06:10','2023-11-15 03:06:10'),(1023,1,'en','packages/get-started/get-started','exit_wizard_title','Are you sure you want to exit the Quick Setup Wizard?','2023-11-15 03:06:10','2023-11-15 03:06:10'),(1024,1,'en','packages/get-started/get-started','exit_wizard_confirm','Yes, I\'ll finish it later','2023-11-15 03:06:10','2023-11-15 03:06:10'),(1025,1,'en','packages/get-started/get-started','exit_wizard_cancel','No, take me back to the wizard','2023-11-15 03:06:10','2023-11-15 03:06:10'),(1026,1,'en','packages/get-started/get-started','change_default_account_info_title','Change default account info','2023-11-15 03:06:10','2023-11-15 03:06:10'),(1027,1,'en','packages/get-started/get-started','change_default_account_info_description','The default account is using a weak password. You need to change it to a complex password for better security.','2023-11-15 03:06:10','2023-11-15 03:06:10'),(1028,1,'en','packages/get-started/get-started','username','Username','2023-11-15 03:06:10','2023-11-15 03:06:10'),(1029,1,'en','packages/get-started/get-started','email','Email','2023-11-15 03:06:10','2023-11-15 03:06:10'),(1030,1,'en','packages/get-started/get-started','password','Password','2023-11-15 03:06:10','2023-11-15 03:06:10'),(1031,1,'en','packages/get-started/get-started','password_confirmation','Password confirmation','2023-11-15 03:06:10','2023-11-15 03:06:10'),(1032,1,'en','packages/installer/installer','title','Installer','2023-11-15 03:06:10','2023-11-15 03:06:10'),(1033,1,'en','packages/installer/installer','next','Next Step','2023-11-15 03:06:10','2023-11-15 03:06:10'),(1034,1,'en','packages/installer/installer','back','Previous','2023-11-15 03:06:10','2023-11-15 03:06:10'),(1035,1,'en','packages/installer/installer','finish','Install','2023-11-15 03:06:10','2023-11-15 03:06:10'),(1036,1,'en','packages/installer/installer','installation','Installation','2023-11-15 03:06:10','2023-11-15 03:06:10'),(1037,1,'en','packages/installer/installer','forms.errorTitle','The following errors occurred:','2023-11-15 03:06:10','2023-11-15 03:06:10'),(1038,1,'en','packages/installer/installer','welcome.templateTitle','Welcome','2023-11-15 03:06:10','2023-11-15 03:06:10'),(1039,1,'en','packages/installer/installer','welcome.title','Welcome','2023-11-15 03:06:10','2023-11-15 03:06:10'),(1040,1,'en','packages/installer/installer','welcome.message','Before getting started, we need some information on the database. You will need to know the following items before proceeding.','2023-11-15 03:06:10','2023-11-15 03:06:10'),(1041,1,'en','packages/installer/installer','welcome.next','Let\'s go','2023-11-15 03:06:10','2023-11-15 03:06:10'),(1042,1,'en','packages/installer/installer','requirements.templateTitle','Step 1 | Server Requirements','2023-11-15 03:06:10','2023-11-15 03:06:10'),(1043,1,'en','packages/installer/installer','requirements.title','Server Requirements','2023-11-15 03:06:10','2023-11-15 03:06:10'),(1044,1,'en','packages/installer/installer','requirements.next','Check Permissions','2023-11-15 03:06:10','2023-11-15 03:06:10'),(1045,1,'en','packages/installer/installer','permissions.templateTitle','Step 2 | Permissions','2023-11-15 03:06:10','2023-11-15 03:06:10'),(1046,1,'en','packages/installer/installer','permissions.title','Permissions','2023-11-15 03:06:10','2023-11-15 03:06:10'),(1047,1,'en','packages/installer/installer','permissions.next','Configure Environment','2023-11-15 03:06:10','2023-11-15 03:06:10'),(1048,1,'en','packages/installer/installer','environment.wizard.templateTitle','Environment Settings','2023-11-15 03:06:10','2023-11-15 03:06:10'),(1049,1,'en','packages/installer/installer','environment.wizard.title','Environment Settings','2023-11-15 03:06:10','2023-11-15 03:06:10'),(1050,1,'en','packages/installer/installer','environment.wizard.form.name_required','An environment name is required.','2023-11-15 03:06:10','2023-11-15 03:06:10'),(1051,1,'en','packages/installer/installer','environment.wizard.form.app_name_label','Site title','2023-11-15 03:06:10','2023-11-15 03:06:10'),(1052,1,'en','packages/installer/installer','environment.wizard.form.app_name_placeholder','Site title','2023-11-15 03:06:10','2023-11-15 03:06:10'),(1053,1,'en','packages/installer/installer','environment.wizard.form.app_url_label','URL','2023-11-15 03:06:10','2023-11-15 03:06:10'),(1054,1,'en','packages/installer/installer','environment.wizard.form.app_url_placeholder','URL','2023-11-15 03:06:10','2023-11-15 03:06:10'),(1055,1,'en','packages/installer/installer','environment.wizard.form.db_connection_label','Database Connection','2023-11-15 03:06:10','2023-11-15 03:06:10'),(1056,1,'en','packages/installer/installer','environment.wizard.form.db_connection_label_mysql','MySQL','2023-11-15 03:06:10','2023-11-15 03:06:10'),(1057,1,'en','packages/installer/installer','environment.wizard.form.db_connection_label_sqlite','SQLite','2023-11-15 03:06:10','2023-11-15 03:06:10'),(1058,1,'en','packages/installer/installer','environment.wizard.form.db_connection_label_pgsql','PostgreSQL','2023-11-15 03:06:10','2023-11-15 03:06:10'),(1059,1,'en','packages/installer/installer','environment.wizard.form.db_host_label','Database host','2023-11-15 03:06:10','2023-11-15 03:06:10'),(1060,1,'en','packages/installer/installer','environment.wizard.form.db_host_placeholder','Database host','2023-11-15 03:06:10','2023-11-15 03:06:10'),(1061,1,'en','packages/installer/installer','environment.wizard.form.db_port_label','Database port','2023-11-15 03:06:10','2023-11-15 03:06:10'),(1062,1,'en','packages/installer/installer','environment.wizard.form.db_port_placeholder','Database port','2023-11-15 03:06:10','2023-11-15 03:06:10'),(1063,1,'en','packages/installer/installer','environment.wizard.form.db_name_label','Database name','2023-11-15 03:06:10','2023-11-15 03:06:10'),(1064,1,'en','packages/installer/installer','environment.wizard.form.db_name_placeholder','Database name','2023-11-15 03:06:10','2023-11-15 03:06:10'),(1065,1,'en','packages/installer/installer','environment.wizard.form.db_username_label','Database username','2023-11-15 03:06:10','2023-11-15 03:06:10'),(1066,1,'en','packages/installer/installer','environment.wizard.form.db_username_placeholder','Database username','2023-11-15 03:06:10','2023-11-15 03:06:10'),(1067,1,'en','packages/installer/installer','environment.wizard.form.db_password_label','Database password','2023-11-15 03:06:10','2023-11-15 03:06:10'),(1068,1,'en','packages/installer/installer','environment.wizard.form.db_password_placeholder','Database password','2023-11-15 03:06:10','2023-11-15 03:06:10'),(1069,1,'en','packages/installer/installer','environment.wizard.form.buttons.install','Install','2023-11-15 03:06:10','2023-11-15 03:06:10'),(1070,1,'en','packages/installer/installer','environment.wizard.form.db_host_helper','If you use Laravel Sail, just change DB_HOST to DB_HOST=mysql. On some hosting DB_HOST can be localhost instead of 127.0.0.1','2023-11-15 03:06:10','2023-11-15 03:06:10'),(1071,1,'en','packages/installer/installer','environment.wizard.form.db_connections.mysql','MySQL','2023-11-15 03:06:10','2023-11-15 03:06:10'),(1072,1,'en','packages/installer/installer','environment.wizard.form.db_connections.sqlite','SQLite','2023-11-15 03:06:10','2023-11-15 03:06:10'),(1073,1,'en','packages/installer/installer','environment.wizard.form.db_connections.pgsql','PostgreSQL','2023-11-15 03:06:10','2023-11-15 03:06:10'),(1074,1,'en','packages/installer/installer','environment.success','Your .env file settings have been saved.','2023-11-15 03:06:10','2023-11-15 03:06:10'),(1075,1,'en','packages/installer/installer','environment.errors','Unable to save the .env file, Please create it manually.','2023-11-15 03:06:10','2023-11-15 03:06:10'),(1076,1,'en','packages/installer/installer','install','Install','2023-11-15 03:06:10','2023-11-15 03:06:10'),(1077,1,'en','packages/installer/installer','final.title','Installation Finished','2023-11-15 03:06:10','2023-11-15 03:06:10'),(1078,1,'en','packages/installer/installer','final.templateTitle','Installation Finished','2023-11-15 03:06:10','2023-11-15 03:06:10'),(1079,1,'en','packages/installer/installer','final.finished','Application has been successfully installed.','2023-11-15 03:06:10','2023-11-15 03:06:10'),(1080,1,'en','packages/installer/installer','final.exit','Click here to exit','2023-11-15 03:06:11','2023-11-15 03:06:11'),(1081,1,'en','packages/installer/installer','create_account','Create account','2023-11-15 03:06:11','2023-11-15 03:06:11'),(1082,1,'en','packages/installer/installer','first_name','First name','2023-11-15 03:06:11','2023-11-15 03:06:11'),(1083,1,'en','packages/installer/installer','last_name','Last name','2023-11-15 03:06:11','2023-11-15 03:06:11'),(1084,1,'en','packages/installer/installer','username','Username','2023-11-15 03:06:11','2023-11-15 03:06:11'),(1085,1,'en','packages/installer/installer','email','Email','2023-11-15 03:06:11','2023-11-15 03:06:11'),(1086,1,'en','packages/installer/installer','password','Password','2023-11-15 03:06:11','2023-11-15 03:06:11'),(1087,1,'en','packages/installer/installer','password_confirmation','Password confirmation','2023-11-15 03:06:11','2023-11-15 03:06:11'),(1088,1,'en','packages/installer/installer','create','Create','2023-11-15 03:06:11','2023-11-15 03:06:11'),(1089,1,'en','packages/installer/installer','install_success','Installed successfully!','2023-11-15 03:06:11','2023-11-15 03:06:11'),(1090,1,'en','packages/menu/menu','name','Menus','2023-11-15 03:06:11','2023-11-15 03:06:11'),(1091,1,'en','packages/menu/menu','key_name','Menu name (key: :key)','2023-11-15 03:06:11','2023-11-15 03:06:11'),(1092,1,'en','packages/menu/menu','basic_info','Basic information','2023-11-15 03:06:11','2023-11-15 03:06:11'),(1093,1,'en','packages/menu/menu','add_to_menu','Add to menu','2023-11-15 03:06:11','2023-11-15 03:06:11'),(1094,1,'en','packages/menu/menu','custom_link','Custom link','2023-11-15 03:06:11','2023-11-15 03:06:11'),(1095,1,'en','packages/menu/menu','add_link','Add link','2023-11-15 03:06:11','2023-11-15 03:06:11'),(1096,1,'en','packages/menu/menu','structure','Menu structure','2023-11-15 03:06:11','2023-11-15 03:06:11'),(1097,1,'en','packages/menu/menu','remove','Remove','2023-11-15 03:06:11','2023-11-15 03:06:11'),(1098,1,'en','packages/menu/menu','cancel','Cancel','2023-11-15 03:06:11','2023-11-15 03:06:11'),(1099,1,'en','packages/menu/menu','title','Title','2023-11-15 03:06:11','2023-11-15 03:06:11'),(1100,1,'en','packages/menu/menu','icon','Icon','2023-11-15 03:06:11','2023-11-15 03:06:11'),(1101,1,'en','packages/menu/menu','url','URL','2023-11-15 03:06:11','2023-11-15 03:06:11'),(1102,1,'en','packages/menu/menu','target','Target','2023-11-15 03:06:11','2023-11-15 03:06:11'),(1103,1,'en','packages/menu/menu','css_class','CSS class','2023-11-15 03:06:11','2023-11-15 03:06:11'),(1104,1,'en','packages/menu/menu','self_open_link','Open link directly','2023-11-15 03:06:11','2023-11-15 03:06:11'),(1105,1,'en','packages/menu/menu','blank_open_link','Open link in new tab','2023-11-15 03:06:11','2023-11-15 03:06:11'),(1106,1,'en','packages/menu/menu','create','Create menu','2023-11-15 03:06:11','2023-11-15 03:06:11'),(1107,1,'en','packages/menu/menu','menu_settings','Menu settings','2023-11-15 03:06:11','2023-11-15 03:06:11'),(1108,1,'en','packages/menu/menu','display_location','Display location','2023-11-15 03:06:11','2023-11-15 03:06:11'),(1109,1,'en','packages/menu/menu','title_placeholder','Title','2023-11-15 03:06:11','2023-11-15 03:06:11'),(1110,1,'en','packages/menu/menu','icon_placeholder','Icon','2023-11-15 03:06:11','2023-11-15 03:06:11'),(1111,1,'en','packages/menu/menu','url_placeholder','URL','2023-11-15 03:06:11','2023-11-15 03:06:11'),(1112,1,'en','packages/menu/menu','css_class_placeholder','CSS class','2023-11-15 03:06:11','2023-11-15 03:06:11'),(1113,1,'en','packages/menu/menu','menu_id','Menu ID','2023-11-15 03:06:11','2023-11-15 03:06:11'),(1114,1,'en','packages/optimize/optimize','settings.title','Optimize page speed','2023-11-15 03:06:11','2023-11-15 03:06:11'),(1115,1,'en','packages/optimize/optimize','settings.description','Minify HTML output, inline CSS, remove comments...','2023-11-15 03:06:11','2023-11-15 03:06:11'),(1116,1,'en','packages/optimize/optimize','settings.enable','Enable optimize page speed?','2023-11-15 03:06:11','2023-11-15 03:06:11'),(1117,1,'en','packages/optimize/optimize','collapse_white_space','Collapse white space','2023-11-15 03:06:11','2023-11-15 03:06:11'),(1118,1,'en','packages/optimize/optimize','collapse_white_space_description','This filter reduces bytes transmitted in an HTML file by removing unnecessary whitespace.','2023-11-15 03:06:11','2023-11-15 03:06:11'),(1119,1,'en','packages/optimize/optimize','elide_attributes','Elide attributes','2023-11-15 03:06:11','2023-11-15 03:06:11'),(1120,1,'en','packages/optimize/optimize','elide_attributes_description','This filter reduces the transfer size of HTML files by removing attributes from tags when the specified value is equal to the default value for that attribute. This can save a modest number of bytes, and may make the document more compressible by canonicalizing the affected tags.','2023-11-15 03:06:11','2023-11-15 03:06:11'),(1121,1,'en','packages/optimize/optimize','inline_css','Inline CSS','2023-11-15 03:06:11','2023-11-15 03:06:11'),(1122,1,'en','packages/optimize/optimize','inline_css_description','This filter transforms the inline \"style\" attribute of tags into classes by moving the CSS to the header.','2023-11-15 03:06:11','2023-11-15 03:06:11'),(1123,1,'en','packages/optimize/optimize','insert_dns_prefetch','Insert DNS prefetch','2023-11-15 03:06:11','2023-11-15 03:06:11'),(1124,1,'en','packages/optimize/optimize','insert_dns_prefetch_description','This filter injects tags in the HEAD to enable the browser to do DNS prefetching.','2023-11-15 03:06:11','2023-11-15 03:06:11'),(1125,1,'en','packages/optimize/optimize','remove_comments','Remove comments','2023-11-15 03:06:11','2023-11-15 03:06:11'),(1126,1,'en','packages/optimize/optimize','remove_comments_description','This filter eliminates HTML, JS and CSS comments. The filter reduces the transfer size of HTML files by removing the comments. Depending on the HTML file, this filter can significantly reduce the number of bytes transmitted on the network.','2023-11-15 03:06:11','2023-11-15 03:06:11'),(1127,1,'en','packages/optimize/optimize','remove_quotes','Remove quotes','2023-11-15 03:06:11','2023-11-15 03:06:11'),(1128,1,'en','packages/optimize/optimize','remove_quotes_description','This filter eliminates unnecessary quotation marks from HTML attributes. While required by the various HTML specifications, browsers permit their omission when the value of an attribute is composed of a certain subset of characters (alphanumerics and some punctuation characters).','2023-11-15 03:06:11','2023-11-15 03:06:11'),(1129,1,'en','packages/optimize/optimize','defer_javascript','Defer javascript','2023-11-15 03:06:11','2023-11-15 03:06:11'),(1130,1,'en','packages/optimize/optimize','defer_javascript_description','Defers the execution of javascript in the HTML. If necessary cancel deferring in some script, use data-pagespeed-no-defer as script attribute to cancel deferring.','2023-11-15 03:06:11','2023-11-15 03:06:11'),(1131,1,'en','packages/page/pages','create','Create new page','2023-11-15 03:06:11','2023-11-15 03:06:11'),(1132,1,'en','packages/page/pages','form.name','Name','2023-11-15 03:06:11','2023-11-15 03:06:11'),(1133,1,'en','packages/page/pages','form.name_placeholder','Page\'s name (Maximum 120 characters)','2023-11-15 03:06:11','2023-11-15 03:06:11'),(1134,1,'en','packages/page/pages','form.content','Content','2023-11-15 03:06:11','2023-11-15 03:06:11'),(1135,1,'en','packages/page/pages','form.note','Note content','2023-11-15 03:06:11','2023-11-15 03:06:11'),(1136,1,'en','packages/page/pages','notices.no_select','Please select at least one record to take this action!','2023-11-15 03:06:11','2023-11-15 03:06:11'),(1137,1,'en','packages/page/pages','notices.update_success_message','Update successfully','2023-11-15 03:06:11','2023-11-15 03:06:11'),(1138,1,'en','packages/page/pages','cannot_delete','Page could not be deleted','2023-11-15 03:06:11','2023-11-15 03:06:11'),(1139,1,'en','packages/page/pages','deleted','Page deleted','2023-11-15 03:06:11','2023-11-15 03:06:11'),(1140,1,'en','packages/page/pages','pages','Pages','2023-11-15 03:06:11','2023-11-15 03:06:11'),(1141,1,'en','packages/page/pages','menu','Pages','2023-11-15 03:06:11','2023-11-15 03:06:11'),(1142,1,'en','packages/page/pages','menu_name','Pages','2023-11-15 03:06:11','2023-11-15 03:06:11'),(1143,1,'en','packages/page/pages','edit_this_page','Edit this page','2023-11-15 03:06:11','2023-11-15 03:06:11'),(1144,1,'en','packages/page/pages','total_pages','Total pages','2023-11-15 03:06:11','2023-11-15 03:06:11'),(1145,1,'en','packages/page/pages','settings.show_on_front','Your homepage displays','2023-11-15 03:06:11','2023-11-15 03:06:11'),(1146,1,'en','packages/page/pages','settings.select','— Select —','2023-11-15 03:06:11','2023-11-15 03:06:11'),(1147,1,'en','packages/page/pages','front_page','Front Page','2023-11-15 03:06:11','2023-11-15 03:06:11'),(1148,1,'en','packages/plugin-management/marketplace','previous','&laquo; Previous','2023-11-15 03:06:11','2023-11-15 03:06:11'),(1149,1,'en','packages/plugin-management/marketplace','next','Next &raquo;','2023-11-15 03:06:11','2023-11-15 03:06:11'),(1150,1,'en','packages/plugin-management/marketplace','showing','Showing','2023-11-15 03:06:11','2023-11-15 03:06:11'),(1151,1,'en','packages/plugin-management/marketplace','to','to','2023-11-15 03:06:11','2023-11-15 03:06:11'),(1152,1,'en','packages/plugin-management/marketplace','of','of','2023-11-15 03:06:11','2023-11-15 03:06:11'),(1153,1,'en','packages/plugin-management/marketplace','results','results','2023-11-15 03:06:11','2023-11-15 03:06:11'),(1154,1,'en','packages/plugin-management/marketplace','add_new','Add new','2023-11-15 03:06:11','2023-11-15 03:06:11'),(1155,1,'en','packages/plugin-management/marketplace','installed','Installed','2023-11-15 03:06:11','2023-11-15 03:06:11'),(1156,1,'en','packages/plugin-management/marketplace','install_now','Install now','2023-11-15 03:06:11','2023-11-15 03:06:11'),(1157,1,'en','packages/plugin-management/marketplace','installing','Installing...','2023-11-15 03:06:11','2023-11-15 03:06:11'),(1158,1,'en','packages/plugin-management/marketplace','detail','Details','2023-11-15 03:06:11','2023-11-15 03:06:11'),(1159,1,'en','packages/plugin-management/marketplace','version','Version','2023-11-15 03:06:11','2023-11-15 03:06:11'),(1160,1,'en','packages/plugin-management/marketplace','minimum_core_version','Minimum core version','2023-11-15 03:06:11','2023-11-15 03:06:11'),(1161,1,'en','packages/plugin-management/marketplace','last_update','Last update','2023-11-15 03:06:11','2023-11-15 03:06:11'),(1162,1,'en','packages/plugin-management/marketplace','compatible_version','Compatible with your version','2023-11-15 03:06:11','2023-11-15 03:06:11'),(1163,1,'en','packages/plugin-management/marketplace','incompatible_version','Incompatible with your version','2023-11-15 03:06:11','2023-11-15 03:06:11'),(1164,1,'en','packages/plugin-management/marketplace','deactivate','Deactivate','2023-11-15 03:06:11','2023-11-15 03:06:11'),(1165,1,'en','packages/plugin-management/marketplace','activate','Activate','2023-11-15 03:06:11','2023-11-15 03:06:11'),(1166,1,'en','packages/plugin-management/marketplace','activating','Activating...','2023-11-15 03:06:11','2023-11-15 03:06:11'),(1167,1,'en','packages/plugin-management/marketplace','activated','Activated','2023-11-15 03:06:11','2023-11-15 03:06:11'),(1168,1,'en','packages/plugin-management/marketplace','connection_aborted','Connection Aborted','2023-11-15 03:06:11','2023-11-15 03:06:11'),(1169,1,'en','packages/plugin-management/marketplace','connection_aborted_description','Connection Aborted Description','2023-11-15 03:06:11','2023-11-15 03:06:11'),(1170,1,'en','packages/plugin-management/marketplace','api_connect_error','Connect to Marketplace API Error, please contact support','2023-11-15 03:06:11','2023-11-15 03:06:11'),(1171,1,'en','packages/plugin-management/marketplace','keyword','Keyword','2023-11-15 03:06:11','2023-11-15 03:06:11'),(1172,1,'en','packages/plugin-management/marketplace','search','Search','2023-11-15 03:06:11','2023-11-15 03:06:11'),(1173,1,'en','packages/plugin-management/marketplace','all','All','2023-11-15 03:06:11','2023-11-15 03:06:11'),(1174,1,'en','packages/plugin-management/marketplace','featured','Featured','2023-11-15 03:06:11','2023-11-15 03:06:11'),(1175,1,'en','packages/plugin-management/marketplace','popular','Popular','2023-11-15 03:06:11','2023-11-15 03:06:11'),(1176,1,'en','packages/plugin-management/marketplace','top_rated','Top Rated','2023-11-15 03:06:11','2023-11-15 03:06:11'),(1177,1,'en','packages/plugin-management/marketplace','install_plugin','Install plugin','2023-11-15 03:06:11','2023-11-15 03:06:11'),(1178,1,'en','packages/plugin-management/marketplace','cancel','Cancel','2023-11-15 03:06:11','2023-11-15 03:06:11'),(1179,1,'en','packages/plugin-management/marketplace','yes_install',' Yes! Install','2023-11-15 03:06:11','2023-11-15 03:06:11'),(1180,1,'en','packages/plugin-management/marketplace','message_alert','Are you sure you want to install this plugin?','2023-11-15 03:06:11','2023-11-15 03:06:11'),(1181,1,'en','packages/plugin-management/marketplace','folder_permissions','Folder does not have permission to write file or the update file path could not be resolved, please contact support','2023-11-15 03:06:11','2023-11-15 03:06:11'),(1182,1,'en','packages/plugin-management/marketplace','unzip_failed','Unzip extraction failed','2023-11-15 03:06:11','2023-11-15 03:06:11'),(1183,1,'en','packages/plugin-management/marketplace','unzip_success','Download file extracted','2023-11-15 03:06:11','2023-11-15 03:06:11'),(1184,1,'en','packages/plugin-management/marketplace','install_success','Installed plugin successfully!','2023-11-15 03:06:12','2023-11-15 03:06:12'),(1185,1,'en','packages/plugin-management/marketplace','update_success','Updated plugin successfully!','2023-11-15 03:06:12','2023-11-15 03:06:12'),(1186,1,'en','packages/plugin-management/marketplace','minimum_core_version_error','Cannot install this plugin. Minimum core version is :version.','2023-11-15 03:06:12','2023-11-15 03:06:12'),(1187,1,'en','packages/plugin-management/plugin','enabled','Enabled','2023-11-15 03:06:12','2023-11-15 03:06:12'),(1188,1,'en','packages/plugin-management/plugin','deactivated','Deactivated','2023-11-15 03:06:12','2023-11-15 03:06:12'),(1189,1,'en','packages/plugin-management/plugin','activated','Activated','2023-11-15 03:06:12','2023-11-15 03:06:12'),(1190,1,'en','packages/plugin-management/plugin','activate','Activate','2023-11-15 03:06:12','2023-11-15 03:06:12'),(1191,1,'en','packages/plugin-management/plugin','deactivate','Deactivate','2023-11-15 03:06:12','2023-11-15 03:06:12'),(1192,1,'en','packages/plugin-management/plugin','author','By','2023-11-15 03:06:12','2023-11-15 03:06:12'),(1193,1,'en','packages/plugin-management/plugin','update_plugin_status_success','Update plugin successfully','2023-11-15 03:06:12','2023-11-15 03:06:12'),(1194,1,'en','packages/plugin-management/plugin','plugins','Plugins','2023-11-15 03:06:12','2023-11-15 03:06:12'),(1195,1,'en','packages/plugin-management/plugin','missing_required_plugins','Please activate plugin(s): :plugins before activate this plugin!','2023-11-15 03:06:12','2023-11-15 03:06:12'),(1196,1,'en','packages/plugin-management/plugin','remove','Remove','2023-11-15 03:06:12','2023-11-15 03:06:12'),(1197,1,'en','packages/plugin-management/plugin','remove_plugin_success','Remove plugin successfully!','2023-11-15 03:06:12','2023-11-15 03:06:12'),(1198,1,'en','packages/plugin-management/plugin','remove_plugin','Remove plugin','2023-11-15 03:06:12','2023-11-15 03:06:12'),(1199,1,'en','packages/plugin-management/plugin','remove_plugin_confirm_message','Do you really want to remove this plugin?','2023-11-15 03:06:12','2023-11-15 03:06:12'),(1200,1,'en','packages/plugin-management/plugin','remove_plugin_confirm_yes','Yes, remove it!','2023-11-15 03:06:12','2023-11-15 03:06:12'),(1201,1,'en','packages/plugin-management/plugin','total_plugins','Total plugins','2023-11-15 03:06:12','2023-11-15 03:06:12'),(1202,1,'en','packages/plugin-management/plugin','invalid_plugin','This plugin is not a valid plugin, please check it again!','2023-11-15 03:06:12','2023-11-15 03:06:12'),(1203,1,'en','packages/plugin-management/plugin','version','Version','2023-11-15 03:06:12','2023-11-15 03:06:12'),(1204,1,'en','packages/plugin-management/plugin','invalid_json','Invalid plugin.json!','2023-11-15 03:06:12','2023-11-15 03:06:12'),(1205,1,'en','packages/plugin-management/plugin','activate_success','Activate plugin successfully!','2023-11-15 03:06:12','2023-11-15 03:06:12'),(1206,1,'en','packages/plugin-management/plugin','activated_already','This plugin is activated already!','2023-11-15 03:06:12','2023-11-15 03:06:12'),(1207,1,'en','packages/plugin-management/plugin','plugin_not_exist','This plugin is not exists.','2023-11-15 03:06:12','2023-11-15 03:06:12'),(1208,1,'en','packages/plugin-management/plugin','missing_json_file','Missing file plugin.json!','2023-11-15 03:06:12','2023-11-15 03:06:12'),(1209,1,'en','packages/plugin-management/plugin','plugin_invalid','Plugin is valid!','2023-11-15 03:06:12','2023-11-15 03:06:12'),(1210,1,'en','packages/plugin-management/plugin','published_assets_success','Publish assets for plugin :name successfully!','2023-11-15 03:06:12','2023-11-15 03:06:12'),(1211,1,'en','packages/plugin-management/plugin','plugin_removed','Plugin has been removed!','2023-11-15 03:06:12','2023-11-15 03:06:12'),(1212,1,'en','packages/plugin-management/plugin','deactivated_success','Deactivate plugin successfully!','2023-11-15 03:06:12','2023-11-15 03:06:12'),(1213,1,'en','packages/plugin-management/plugin','deactivated_already','This plugin is deactivated already!','2023-11-15 03:06:12','2023-11-15 03:06:12'),(1214,1,'en','packages/plugin-management/plugin','folder_is_not_writeable','Cannot write files! Folder :name is not writable. Please chmod to make it writable!','2023-11-15 03:06:12','2023-11-15 03:06:12'),(1215,1,'en','packages/plugin-management/plugin','plugin_is_not_ready','Plugin :name is not ready to use','2023-11-15 03:06:12','2023-11-15 03:06:12'),(1216,1,'en','packages/plugin-management/plugin','plugins_installed','Installed Plugins','2023-11-15 03:06:12','2023-11-15 03:06:12'),(1217,1,'en','packages/plugin-management/plugin','plugins_add_new','Add new','2023-11-15 03:06:12','2023-11-15 03:06:12'),(1218,1,'en','packages/plugin-management/plugin','update','Update','2023-11-15 03:06:12','2023-11-15 03:06:12'),(1219,1,'en','packages/plugin-management/plugin','requirement_not_met','Plugin :plugin requires plugin(s): :required_plugins. Do you want to install them and activate :plugin now?','2023-11-15 03:06:12','2023-11-15 03:06:12'),(1220,1,'en','packages/plugin-management/plugin','install','Install now','2023-11-15 03:06:12','2023-11-15 03:06:12'),(1221,1,'en','packages/plugin-management/plugin','install_plugin','Install Plugin','2023-11-15 03:06:12','2023-11-15 03:06:12'),(1222,1,'en','packages/plugin-management/plugin','minimum_core_version_not_met','Plugin :plugin requires :minimum_core_version version of core, but your core version is :current_core_version. Please upgrade your core to use this plugin!','2023-11-15 03:06:12','2023-11-15 03:06:12'),(1223,1,'en','packages/seo-helper/seo-helper','meta_box_header','Search Engine Optimize','2023-11-15 03:06:12','2023-11-15 03:06:12'),(1224,1,'en','packages/seo-helper/seo-helper','edit_seo_meta','Edit SEO meta','2023-11-15 03:06:12','2023-11-15 03:06:12'),(1225,1,'en','packages/seo-helper/seo-helper','default_description','Setup meta title & description to make your site easy to discovered on search engines such as Google','2023-11-15 03:06:12','2023-11-15 03:06:12'),(1226,1,'en','packages/seo-helper/seo-helper','seo_title','SEO Title','2023-11-15 03:06:12','2023-11-15 03:06:12'),(1227,1,'en','packages/seo-helper/seo-helper','seo_description','SEO description','2023-11-15 03:06:12','2023-11-15 03:06:12'),(1228,1,'en','packages/slug/slug','permalink_settings','Permalink','2023-11-15 03:06:12','2023-11-15 03:06:12'),(1229,1,'en','packages/slug/slug','settings.title','Permalink settings','2023-11-15 03:06:12','2023-11-15 03:06:12'),(1230,1,'en','packages/slug/slug','settings.description','Manage permalink for all modules.','2023-11-15 03:06:12','2023-11-15 03:06:12'),(1231,1,'en','packages/slug/slug','settings.preview','Preview','2023-11-15 03:06:12','2023-11-15 03:06:12'),(1232,1,'en','packages/slug/slug','settings.turn_off_automatic_url_translation_into_latin','Turn off automatic URL translation into Latin?','2023-11-15 03:06:12','2023-11-15 03:06:12'),(1233,1,'en','packages/slug/slug','settings.available_variables','Available variables','2023-11-15 03:06:12','2023-11-15 03:06:12'),(1234,1,'en','packages/slug/slug','preview','Preview','2023-11-15 03:06:12','2023-11-15 03:06:12'),(1235,1,'en','packages/slug/slug','prefix_for','Prefix for :name','2023-11-15 03:06:12','2023-11-15 03:06:12'),(1236,1,'en','packages/slug/slug','public_single_ending_url','Postfix for single page URL','2023-11-15 03:06:12','2023-11-15 03:06:12'),(1237,1,'en','packages/slug/slug','current_year','Current year','2023-11-15 03:06:12','2023-11-15 03:06:12'),(1238,1,'en','packages/slug/slug','current_month','Current month','2023-11-15 03:06:12','2023-11-15 03:06:12'),(1239,1,'en','packages/slug/slug','current_day','Current day','2023-11-15 03:06:12','2023-11-15 03:06:12'),(1240,1,'en','packages/theme/theme','name','Themes','2023-11-15 03:06:12','2023-11-15 03:06:12'),(1241,1,'en','packages/theme/theme','theme','Theme','2023-11-15 03:06:12','2023-11-15 03:06:12'),(1242,1,'en','packages/theme/theme','author','Author','2023-11-15 03:06:12','2023-11-15 03:06:12'),(1243,1,'en','packages/theme/theme','version','Version','2023-11-15 03:06:12','2023-11-15 03:06:12'),(1244,1,'en','packages/theme/theme','description','Description','2023-11-15 03:06:12','2023-11-15 03:06:12'),(1245,1,'en','packages/theme/theme','active_success','Activate theme :name successfully!','2023-11-15 03:06:12','2023-11-15 03:06:12'),(1246,1,'en','packages/theme/theme','active','Active','2023-11-15 03:06:12','2023-11-15 03:06:12'),(1247,1,'en','packages/theme/theme','activated','Activated','2023-11-15 03:06:12','2023-11-15 03:06:12'),(1248,1,'en','packages/theme/theme','appearance','Appearance','2023-11-15 03:06:12','2023-11-15 03:06:12'),(1249,1,'en','packages/theme/theme','theme_options','Theme options','2023-11-15 03:06:12','2023-11-15 03:06:12'),(1250,1,'en','packages/theme/theme','save_changes','Save Changes','2023-11-15 03:06:12','2023-11-15 03:06:12'),(1251,1,'en','packages/theme/theme','custom_css','Custom CSS','2023-11-15 03:06:12','2023-11-15 03:06:12'),(1252,1,'en','packages/theme/theme','custom_js','Custom JS','2023-11-15 03:06:12','2023-11-15 03:06:12'),(1253,1,'en','packages/theme/theme','custom_header_js','Header JS','2023-11-15 03:06:12','2023-11-15 03:06:12'),(1254,1,'en','packages/theme/theme','custom_header_js_placeholder','JS in header of page, wrap it inside &#x3C;script&#x3E;&#x3C;/script&#x3E;','2023-11-15 03:06:12','2023-11-15 03:06:12'),(1255,1,'en','packages/theme/theme','custom_body_js','Body JS','2023-11-15 03:06:12','2023-11-15 03:06:12'),(1256,1,'en','packages/theme/theme','custom_body_js_placeholder','JS in body of page, wrap it inside &#x3C;script&#x3E;&#x3C;/script&#x3E;','2023-11-15 03:06:12','2023-11-15 03:06:12'),(1257,1,'en','packages/theme/theme','custom_footer_js','Footer JS','2023-11-15 03:06:12','2023-11-15 03:06:12'),(1258,1,'en','packages/theme/theme','custom_footer_js_placeholder','JS in footer of page, wrap it inside &#x3C;script&#x3E;&#x3C;/script&#x3E;','2023-11-15 03:06:12','2023-11-15 03:06:12'),(1259,1,'en','packages/theme/theme','custom_html','Custom HTML','2023-11-15 03:06:12','2023-11-15 03:06:12'),(1260,1,'en','packages/theme/theme','custom_header_html','Header HTML','2023-11-15 03:06:12','2023-11-15 03:06:12'),(1261,1,'en','packages/theme/theme','custom_header_html_placeholder','HTML in header of page, no special tags: script, style, iframe...','2023-11-15 03:06:12','2023-11-15 03:06:12'),(1262,1,'en','packages/theme/theme','custom_body_html','Body HTML','2023-11-15 03:06:12','2023-11-15 03:06:12'),(1263,1,'en','packages/theme/theme','custom_body_html_placeholder','HTML in body of page, no special tags: script, style, iframe...','2023-11-15 03:06:12','2023-11-15 03:06:12'),(1264,1,'en','packages/theme/theme','custom_footer_html','Footer HTML','2023-11-15 03:06:12','2023-11-15 03:06:12'),(1265,1,'en','packages/theme/theme','custom_footer_html_placeholder','HTML in footer of page, no special tags: script, style, iframe...','2023-11-15 03:06:12','2023-11-15 03:06:12'),(1266,1,'en','packages/theme/theme','remove_theme_success','Remove theme successfully!','2023-11-15 03:06:12','2023-11-15 03:06:12'),(1267,1,'en','packages/theme/theme','theme_is_not_existed','This theme is not existed!','2023-11-15 03:06:12','2023-11-15 03:06:12'),(1268,1,'en','packages/theme/theme','remove','Remove','2023-11-15 03:06:12','2023-11-15 03:06:12'),(1269,1,'en','packages/theme/theme','remove_theme','Remove theme','2023-11-15 03:06:12','2023-11-15 03:06:12'),(1270,1,'en','packages/theme/theme','remove_theme_confirm_message','Do you really want to remove this theme?','2023-11-15 03:06:12','2023-11-15 03:06:12'),(1271,1,'en','packages/theme/theme','remove_theme_confirm_yes','Yes, remove it!','2023-11-15 03:06:12','2023-11-15 03:06:12'),(1272,1,'en','packages/theme/theme','total_themes','Total themes','2023-11-15 03:06:12','2023-11-15 03:06:12'),(1273,1,'en','packages/theme/theme','show_admin_bar','Show admin bar (When admin logged in, still show admin bar in website)?','2023-11-15 03:06:12','2023-11-15 03:06:12'),(1274,1,'en','packages/theme/theme','settings.title','Theme','2023-11-15 03:06:12','2023-11-15 03:06:12'),(1275,1,'en','packages/theme/theme','settings.description','Setting for theme','2023-11-15 03:06:12','2023-11-15 03:06:12'),(1276,1,'en','packages/theme/theme','settings.redirect_404_to_homepage','Redirect all not found requests to homepage?','2023-11-15 03:06:12','2023-11-15 03:06:12'),(1277,1,'en','packages/theme/theme','settings.show_guidelines','Show guidelines?','2023-11-15 03:06:12','2023-11-15 03:06:12'),(1278,1,'en','packages/theme/theme','add_new','Add new','2023-11-15 03:06:12','2023-11-15 03:06:12'),(1279,1,'en','packages/theme/theme','theme_activated_already','Theme \":name\" is activated already!','2023-11-15 03:06:12','2023-11-15 03:06:12'),(1280,1,'en','packages/theme/theme','missing_json_file','Missing file theme.json!','2023-11-15 03:06:13','2023-11-15 03:06:13'),(1281,1,'en','packages/theme/theme','theme_invalid','Theme is valid!','2023-11-15 03:06:13','2023-11-15 03:06:13'),(1282,1,'en','packages/theme/theme','published_assets_success','Publish assets for :themes successfully!','2023-11-15 03:06:13','2023-11-15 03:06:13'),(1283,1,'en','packages/theme/theme','cannot_remove_theme','Cannot remove activated theme, please activate another theme before removing \":name\"!','2023-11-15 03:06:13','2023-11-15 03:06:13'),(1284,1,'en','packages/theme/theme','theme_deleted','Theme \":name\" has been destroyed.','2023-11-15 03:06:13','2023-11-15 03:06:13'),(1285,1,'en','packages/theme/theme','removed_assets','Remove assets of a theme :name successfully!','2023-11-15 03:06:13','2023-11-15 03:06:13'),(1286,1,'en','packages/theme/theme','update_custom_css_success','Update custom CSS successfully!','2023-11-15 03:06:13','2023-11-15 03:06:13'),(1287,1,'en','packages/theme/theme','update_custom_js_success','Update custom JS successfully!','2023-11-15 03:06:13','2023-11-15 03:06:13'),(1288,1,'en','packages/theme/theme','update_custom_html_success','Update custom HTML successfully!','2023-11-15 03:06:13','2023-11-15 03:06:13'),(1289,1,'en','packages/theme/theme','go_to_dashboard','Go to dashboard','2023-11-15 03:06:13','2023-11-15 03:06:13'),(1290,1,'en','packages/theme/theme','custom_css_placeholder','Using Ctrl + Space to autocomplete.','2023-11-15 03:06:13','2023-11-15 03:06:13'),(1291,1,'en','packages/theme/theme','theme_option_general','General','2023-11-15 03:06:13','2023-11-15 03:06:13'),(1292,1,'en','packages/theme/theme','theme_option_general_description','General settings','2023-11-15 03:06:13','2023-11-15 03:06:13'),(1293,1,'en','packages/theme/theme','theme_option_seo_open_graph_image','SEO default Open Graph image','2023-11-15 03:06:13','2023-11-15 03:06:13'),(1294,1,'en','packages/theme/theme','theme_option_logo','Logo','2023-11-15 03:06:13','2023-11-15 03:06:13'),(1295,1,'en','packages/theme/theme','theme_option_favicon','Favicon','2023-11-15 03:06:13','2023-11-15 03:06:13'),(1296,1,'en','packages/theme/theme','folder_is_not_writeable','Cannot write files! Folder :name is not writable. Please chmod to make it writable!','2023-11-15 03:06:13','2023-11-15 03:06:13'),(1297,1,'en','packages/theme/theme','breadcrumb_enabled','Enable breadcrumb?','2023-11-15 03:06:13','2023-11-15 03:06:13'),(1298,1,'en','packages/widget/widget','name','Widgets','2023-11-15 03:06:13','2023-11-15 03:06:13'),(1299,1,'en','packages/widget/widget','create','New widget','2023-11-15 03:06:13','2023-11-15 03:06:13'),(1300,1,'en','packages/widget/widget','edit','Edit widget','2023-11-15 03:06:13','2023-11-15 03:06:13'),(1301,1,'en','packages/widget/widget','delete','Delete','2023-11-15 03:06:13','2023-11-15 03:06:13'),(1302,1,'en','packages/widget/widget','available','Available Widgets','2023-11-15 03:06:13','2023-11-15 03:06:13'),(1303,1,'en','packages/widget/widget','instruction','To activate a widget drag it to a sidebar or click on it. To deactivate a widget and delete its settings, drag it back.','2023-11-15 03:06:13','2023-11-15 03:06:13'),(1304,1,'en','packages/widget/widget','number_tag_display','Number tags will be display','2023-11-15 03:06:13','2023-11-15 03:06:13'),(1305,1,'en','packages/widget/widget','number_post_display','Number posts will be display','2023-11-15 03:06:13','2023-11-15 03:06:13'),(1306,1,'en','packages/widget/widget','select_menu','Select Menu','2023-11-15 03:06:13','2023-11-15 03:06:13'),(1307,1,'en','packages/widget/widget','widget_text','Text','2023-11-15 03:06:13','2023-11-15 03:06:13'),(1308,1,'en','packages/widget/widget','widget_text_description','Arbitrary text or HTML.','2023-11-15 03:06:13','2023-11-15 03:06:13'),(1309,1,'en','packages/widget/widget','widget_recent_post','Recent Posts','2023-11-15 03:06:13','2023-11-15 03:06:13'),(1310,1,'en','packages/widget/widget','widget_recent_post_description','Recent posts widget.','2023-11-15 03:06:13','2023-11-15 03:06:13'),(1311,1,'en','packages/widget/widget','widget_custom_menu','Custom Menu','2023-11-15 03:06:13','2023-11-15 03:06:13'),(1312,1,'en','packages/widget/widget','widget_custom_menu_description','Add a custom menu to your widget area.','2023-11-15 03:06:13','2023-11-15 03:06:13'),(1313,1,'en','packages/widget/widget','widget_tag','Tags','2023-11-15 03:06:13','2023-11-15 03:06:13'),(1314,1,'en','packages/widget/widget','widget_tag_description','Popular tags','2023-11-15 03:06:13','2023-11-15 03:06:13'),(1315,1,'en','packages/widget/widget','widget_menu','Simple Menu','2023-11-15 03:06:13','2023-11-15 03:06:13'),(1316,1,'en','packages/widget/widget','widget_menu_description','Add a simple menu to your widget area.','2023-11-15 03:06:13','2023-11-15 03:06:13'),(1317,1,'en','packages/widget/widget','widget_menu_label','Label','2023-11-15 03:06:13','2023-11-15 03:06:13'),(1318,1,'en','packages/widget/widget','widget_menu_attributes','Attributes','2023-11-15 03:06:13','2023-11-15 03:06:13'),(1319,1,'en','packages/widget/widget','widget_menu_url','URL','2023-11-15 03:06:13','2023-11-15 03:06:13'),(1320,1,'en','packages/widget/widget','widget_menu_is_open_new_tab','Is open new tab?','2023-11-15 03:06:13','2023-11-15 03:06:13'),(1321,1,'en','packages/widget/widget','save_success','Save widget successfully!','2023-11-15 03:06:13','2023-11-15 03:06:13'),(1322,1,'en','packages/widget/widget','delete_success','Delete widget successfully!','2023-11-15 03:06:13','2023-11-15 03:06:13'),(1323,1,'en','packages/widget/widget','primary_sidebar_name','Primary sidebar','2023-11-15 03:06:13','2023-11-15 03:06:13'),(1324,1,'en','packages/widget/widget','primary_sidebar_description','Primary sidebar section','2023-11-15 03:06:13','2023-11-15 03:06:13'),(1325,1,'en','plugins/analytics/analytics','sessions','Sessions','2023-11-15 03:06:13','2023-11-15 03:06:13'),(1326,1,'en','plugins/analytics/analytics','visitors','Visitors','2023-11-15 03:06:13','2023-11-15 03:06:13'),(1327,1,'en','plugins/analytics/analytics','pageviews','Pageviews','2023-11-15 03:06:13','2023-11-15 03:06:13'),(1328,1,'en','plugins/analytics/analytics','bounce_rate','Bounce Rate','2023-11-15 03:06:13','2023-11-15 03:06:13'),(1329,1,'en','plugins/analytics/analytics','page_session','Pages/Session','2023-11-15 03:06:13','2023-11-15 03:06:13'),(1330,1,'en','plugins/analytics/analytics','avg_duration','Avg. Duration','2023-11-15 03:06:13','2023-11-15 03:06:13'),(1331,1,'en','plugins/analytics/analytics','percent_new_session','Percent new session','2023-11-15 03:06:13','2023-11-15 03:06:13'),(1332,1,'en','plugins/analytics/analytics','new_users','New visitors','2023-11-15 03:06:13','2023-11-15 03:06:13'),(1333,1,'en','plugins/analytics/analytics','visits','visits','2023-11-15 03:06:13','2023-11-15 03:06:13'),(1334,1,'en','plugins/analytics/analytics','views','views','2023-11-15 03:06:13','2023-11-15 03:06:13'),(1335,1,'en','plugins/analytics/analytics','property_id_not_specified','You must provide a valid view id. The document here: <a href=\"https://docs.botble.com/cms/master/plugin-analytics\" target=\"_blank\">https://docs.botble.com/cms/master/plugin-analytics</a>','2023-11-15 03:06:13','2023-11-15 03:06:13'),(1336,1,'en','plugins/analytics/analytics','credential_is_not_valid','Analytics credentials is not valid. The document here: <a href=\"https://docs.botble.com/cms/master/plugin-analytics\" target=\"_blank\">https://docs.botble.com/cms/master/plugin-analytics</a>','2023-11-15 03:06:13','2023-11-15 03:06:13'),(1337,1,'en','plugins/analytics/analytics','start_date_can_not_before_end_date','Start date :start_date cannot be after end date :end_date','2023-11-15 03:06:13','2023-11-15 03:06:13'),(1338,1,'en','plugins/analytics/analytics','wrong_configuration','To view analytics you\'ll need to get a Google Analytics client id and add it to your settings. <br /> You also need JSON credential data. <br /> The document here: <a href=\"https://docs.botble.com/cms/master/plugin-analytics\" target=\"_blank\">https://docs.botble.com/cms/master/plugin-analytics</a>','2023-11-15 03:06:13','2023-11-15 03:06:13'),(1339,1,'en','plugins/analytics/analytics','property_id_is_invalid','Property ID is invalid. Check this: https://developers.google.com/analytics/devguides/reporting/data/v1/property-id','2023-11-15 03:06:13','2023-11-15 03:06:13'),(1340,1,'en','plugins/analytics/analytics','settings.title','Google Analytics','2023-11-15 03:06:13','2023-11-15 03:06:13'),(1341,1,'en','plugins/analytics/analytics','settings.description','Config Credentials for Google Analytics','2023-11-15 03:06:13','2023-11-15 03:06:13'),(1342,1,'en','plugins/analytics/analytics','settings.google_tag_id','Google tag ID','2023-11-15 03:06:13','2023-11-15 03:06:13'),(1343,1,'en','plugins/analytics/analytics','settings.google_tag_id_placeholder','Example: G-76NX8HY29D','2023-11-15 03:06:13','2023-11-15 03:06:13'),(1344,1,'en','plugins/analytics/analytics','settings.analytics_property_id','Property ID for GA4','2023-11-15 03:06:13','2023-11-15 03:06:13'),(1345,1,'en','plugins/analytics/analytics','settings.analytics_property_id_description','Google Analytics Property ID (GA4)','2023-11-15 03:06:13','2023-11-15 03:06:13'),(1346,1,'en','plugins/analytics/analytics','settings.json_credential','Service Account Credentials','2023-11-15 03:06:13','2023-11-15 03:06:13'),(1347,1,'en','plugins/analytics/analytics','settings.json_credential_description','Service Account Credentials','2023-11-15 03:06:13','2023-11-15 03:06:13'),(1348,1,'en','plugins/analytics/analytics','widget_analytics_page','Top Most Visit Pages','2023-11-15 03:06:13','2023-11-15 03:06:13'),(1349,1,'en','plugins/analytics/analytics','widget_analytics_browser','Top Browsers','2023-11-15 03:06:13','2023-11-15 03:06:13'),(1350,1,'en','plugins/analytics/analytics','widget_analytics_referrer','Top Referrers','2023-11-15 03:06:13','2023-11-15 03:06:13'),(1351,1,'en','plugins/analytics/analytics','widget_analytics_general','Site Analytics','2023-11-15 03:06:13','2023-11-15 03:06:13'),(1352,1,'en','plugins/analytics/analytics','missing_library_warning','Analytics plugin error: Missing third-party libraries, please run \"composer update\" to install them.','2023-11-15 03:06:13','2023-11-15 03:06:13'),(1353,1,'en','plugins/audit-log/history','name','Activities Logs','2023-11-15 03:06:13','2023-11-15 03:06:13'),(1354,1,'en','plugins/audit-log/history','created','created','2023-11-15 03:06:13','2023-11-15 03:06:13'),(1355,1,'en','plugins/audit-log/history','updated','updated','2023-11-15 03:06:13','2023-11-15 03:06:13'),(1356,1,'en','plugins/audit-log/history','deleted','deleted','2023-11-15 03:06:13','2023-11-15 03:06:13'),(1357,1,'en','plugins/audit-log/history','logged in','logged in','2023-11-15 03:06:13','2023-11-15 03:06:13'),(1358,1,'en','plugins/audit-log/history','logged out','logged out','2023-11-15 03:06:13','2023-11-15 03:06:13'),(1359,1,'en','plugins/audit-log/history','changed password','changed password','2023-11-15 03:06:13','2023-11-15 03:06:13'),(1360,1,'en','plugins/audit-log/history','updated profile','updated profile','2023-11-15 03:06:13','2023-11-15 03:06:13'),(1361,1,'en','plugins/audit-log/history','attached','attached','2023-11-15 03:06:13','2023-11-15 03:06:13'),(1362,1,'en','plugins/audit-log/history','shared','shared','2023-11-15 03:06:13','2023-11-15 03:06:13'),(1363,1,'en','plugins/audit-log/history','to the system','to the system','2023-11-15 03:06:13','2023-11-15 03:06:13'),(1364,1,'en','plugins/audit-log/history','of the system','of the system','2023-11-15 03:06:13','2023-11-15 03:06:13'),(1365,1,'en','plugins/audit-log/history','menu','menu','2023-11-15 03:06:13','2023-11-15 03:06:13'),(1366,1,'en','plugins/audit-log/history','post','post','2023-11-15 03:06:13','2023-11-15 03:06:13'),(1367,1,'en','plugins/audit-log/history','page','page','2023-11-15 03:06:13','2023-11-15 03:06:13'),(1368,1,'en','plugins/audit-log/history','category','category','2023-11-15 03:06:13','2023-11-15 03:06:13'),(1369,1,'en','plugins/audit-log/history','tag','tag','2023-11-15 03:06:13','2023-11-15 03:06:13'),(1370,1,'en','plugins/audit-log/history','user','user','2023-11-15 03:06:13','2023-11-15 03:06:13'),(1371,1,'en','plugins/audit-log/history','contact','contact','2023-11-15 03:06:13','2023-11-15 03:06:13'),(1372,1,'en','plugins/audit-log/history','backup','backup','2023-11-15 03:06:13','2023-11-15 03:06:13'),(1373,1,'en','plugins/audit-log/history','custom-field','custom field','2023-11-15 03:06:13','2023-11-15 03:06:13'),(1374,1,'en','plugins/audit-log/history','widget_audit_logs','Activities Logs','2023-11-15 03:06:13','2023-11-15 03:06:13'),(1375,1,'en','plugins/audit-log/history','action','Action','2023-11-15 03:06:13','2023-11-15 03:06:13'),(1376,1,'en','plugins/audit-log/history','user_agent','User Agent','2023-11-15 03:06:13','2023-11-15 03:06:13'),(1377,1,'en','plugins/audit-log/history','system','System','2023-11-15 03:06:13','2023-11-15 03:06:13'),(1378,1,'en','plugins/audit-log/history','delete_all','Delete all records','2023-11-15 03:06:14','2023-11-15 03:06:14'),(1379,1,'en','plugins/backup/backup','name','Backup','2023-11-15 03:06:14','2023-11-15 03:06:14'),(1380,1,'en','plugins/backup/backup','backup_description','Backup database and uploads folder.','2023-11-15 03:06:14','2023-11-15 03:06:14'),(1381,1,'en','plugins/backup/backup','create_backup_success','Created backup successfully!','2023-11-15 03:06:14','2023-11-15 03:06:14'),(1382,1,'en','plugins/backup/backup','delete_backup_success','Delete backup successfully!','2023-11-15 03:06:14','2023-11-15 03:06:14'),(1383,1,'en','plugins/backup/backup','restore_backup_success','Restore backup successfully!','2023-11-15 03:06:14','2023-11-15 03:06:14'),(1384,1,'en','plugins/backup/backup','generate_btn','Generate backup','2023-11-15 03:06:14','2023-11-15 03:06:14'),(1385,1,'en','plugins/backup/backup','create','Create a backup','2023-11-15 03:06:14','2023-11-15 03:06:14'),(1386,1,'en','plugins/backup/backup','restore','Restore a backup','2023-11-15 03:06:14','2023-11-15 03:06:14'),(1387,1,'en','plugins/backup/backup','create_btn','Create','2023-11-15 03:06:14','2023-11-15 03:06:14'),(1388,1,'en','plugins/backup/backup','restore_btn','Restore','2023-11-15 03:06:14','2023-11-15 03:06:14'),(1389,1,'en','plugins/backup/backup','restore_confirm_msg','Do you really want to restore this revision?','2023-11-15 03:06:14','2023-11-15 03:06:14'),(1390,1,'en','plugins/backup/backup','download_uploads_folder','Download backup of uploads folder','2023-11-15 03:06:14','2023-11-15 03:06:14'),(1391,1,'en','plugins/backup/backup','download_database','Download backup of database','2023-11-15 03:06:14','2023-11-15 03:06:14'),(1392,1,'en','plugins/backup/backup','restore_tooltip','Restore this backup','2023-11-15 03:06:14','2023-11-15 03:06:14'),(1393,1,'en','plugins/backup/backup','demo_alert','Hi guest, if you see demo site is destroyed, please help me <a href=\":link\">go here</a> and restore demo site to the latest revision! Thank you so much!','2023-11-15 03:06:14','2023-11-15 03:06:14'),(1394,1,'en','plugins/backup/backup','menu_name','Backups','2023-11-15 03:06:14','2023-11-15 03:06:14'),(1395,1,'en','plugins/backup/backup','size','Size','2023-11-15 03:06:14','2023-11-15 03:06:14'),(1396,1,'en','plugins/backup/backup','no_backups','There is no backup now!','2023-11-15 03:06:14','2023-11-15 03:06:14'),(1397,1,'en','plugins/backup/backup','proc_open_disabled_error','Function <strong>proc_open()</strong> has been disabled so the system cannot backup the database. Please contact your hosting provider to enable it.','2023-11-15 03:06:14','2023-11-15 03:06:14'),(1398,1,'en','plugins/backup/backup','database_backup_not_existed','Backup database is not existed!','2023-11-15 03:06:14','2023-11-15 03:06:14'),(1399,1,'en','plugins/backup/backup','uploads_folder_backup_not_existed','Backup uploads folder is not existed!','2023-11-15 03:06:14','2023-11-15 03:06:14'),(1400,1,'en','plugins/backup/backup','important_message1','This is a simple backup feature, it is a solution for you if your site has < 1GB data and can be used for quickly backup your site.','2023-11-15 03:06:14','2023-11-15 03:06:14'),(1401,1,'en','plugins/backup/backup','important_message2','If you have more than 1GB images/files in local storage, you should use backup feature of your hosting or VPS.','2023-11-15 03:06:14','2023-11-15 03:06:14'),(1402,1,'en','plugins/backup/backup','important_message3','To backup your database, function <strong>proc_open()</strong> or <strong>system()</strong> must be enabled. Contact your hosting provider to enable it if it is disabled.','2023-11-15 03:06:14','2023-11-15 03:06:14'),(1403,1,'en','plugins/backup/backup','important_message4','It is not a full backup, it is just back up uploaded files and your database.','2023-11-15 03:06:14','2023-11-15 03:06:14'),(1404,1,'en','plugins/backup/backup','important_message_pgsql1','Currently, we cannot backup <strong>PostgreSQL</strong> database on the web due to PostgreSQL doesnt have option to enter database password directly when exporting database.','2023-11-15 03:06:14','2023-11-15 03:06:14'),(1405,1,'en','plugins/backup/backup','important_message_pgsql2','You can run a command <strong>php artisan cms:backup:create {name}</strong> to generate the backup or <strong>php artisan cms:backup:restore</strong> to restore the latest backup.','2023-11-15 03:06:14','2023-11-15 03:06:14'),(1406,1,'en','plugins/backup/backup','cannot_restore_database','Cannot restore database. The database backup is missing!','2023-11-15 03:06:14','2023-11-15 03:06:14'),(1407,1,'en','plugins/backup/backup','database_driver_not_supported','Database driver is not supported.','2023-11-15 03:06:14','2023-11-15 03:06:14'),(1408,1,'en','plugins/blog/base','menu_name','Blog','2023-11-15 03:06:14','2023-11-15 03:06:14'),(1409,1,'en','plugins/blog/base','blog_page','Blog Page','2023-11-15 03:06:14','2023-11-15 03:06:14'),(1410,1,'en','plugins/blog/base','select','-- Select --','2023-11-15 03:06:14','2023-11-15 03:06:14'),(1411,1,'en','plugins/blog/base','blog_page_id','Blog page','2023-11-15 03:06:14','2023-11-15 03:06:14'),(1412,1,'en','plugins/blog/base','number_posts_per_page','Number posts per page','2023-11-15 03:06:14','2023-11-15 03:06:14'),(1413,1,'en','plugins/blog/base','write_some_tags','Write some tags','2023-11-15 03:06:14','2023-11-15 03:06:14'),(1414,1,'en','plugins/blog/base','short_code_name','Blog posts','2023-11-15 03:06:14','2023-11-15 03:06:14'),(1415,1,'en','plugins/blog/base','short_code_description','Add blog posts','2023-11-15 03:06:14','2023-11-15 03:06:14'),(1416,1,'en','plugins/blog/base','number_posts_per_page_in_category','Number of posts per page in a category','2023-11-15 03:06:14','2023-11-15 03:06:14'),(1417,1,'en','plugins/blog/base','number_posts_per_page_in_tag','Number of posts per page in a tag','2023-11-15 03:06:14','2023-11-15 03:06:14'),(1418,1,'en','plugins/blog/base','settings.title','Blog','2023-11-15 03:06:14','2023-11-15 03:06:14'),(1419,1,'en','plugins/blog/base','settings.description','Settings for Blog','2023-11-15 03:06:14','2023-11-15 03:06:14'),(1420,1,'en','plugins/blog/base','settings.enable_blog_post_schema','Enable Blog Post Schema?','2023-11-15 03:06:14','2023-11-15 03:06:14'),(1421,1,'en','plugins/blog/base','settings.enable_blog_post_schema_description','Learn more: https://schema.org/Article','2023-11-15 03:06:14','2023-11-15 03:06:14'),(1422,1,'en','plugins/blog/base','settings.schema_type','Schema type','2023-11-15 03:06:14','2023-11-15 03:06:14'),(1423,1,'en','plugins/blog/categories','create','Create new category','2023-11-15 03:06:14','2023-11-15 03:06:14'),(1424,1,'en','plugins/blog/categories','menu','Categories','2023-11-15 03:06:14','2023-11-15 03:06:14'),(1425,1,'en','plugins/blog/categories','edit_this_category','Edit this category','2023-11-15 03:06:14','2023-11-15 03:06:14'),(1426,1,'en','plugins/blog/categories','menu_name','Categories','2023-11-15 03:06:14','2023-11-15 03:06:14'),(1427,1,'en','plugins/blog/categories','none','None','2023-11-15 03:06:14','2023-11-15 03:06:14'),(1428,1,'en','plugins/blog/categories','total_posts','Total posts: :total','2023-11-15 03:06:14','2023-11-15 03:06:14'),(1429,1,'en','plugins/blog/member','dob','Born :date','2023-11-15 03:06:14','2023-11-15 03:06:14'),(1430,1,'en','plugins/blog/member','draft_posts','Draft Posts','2023-11-15 03:06:14','2023-11-15 03:06:14'),(1431,1,'en','plugins/blog/member','pending_posts','Pending Posts','2023-11-15 03:06:14','2023-11-15 03:06:14'),(1432,1,'en','plugins/blog/member','published_posts','Published Posts','2023-11-15 03:06:14','2023-11-15 03:06:14'),(1433,1,'en','plugins/blog/member','posts','Posts','2023-11-15 03:06:14','2023-11-15 03:06:14'),(1434,1,'en','plugins/blog/member','write_post','Write a post','2023-11-15 03:06:14','2023-11-15 03:06:14'),(1435,1,'en','plugins/blog/posts','create','Create new post','2023-11-15 03:06:14','2023-11-15 03:06:14'),(1436,1,'en','plugins/blog/posts','form.name','Name','2023-11-15 03:06:14','2023-11-15 03:06:14'),(1437,1,'en','plugins/blog/posts','form.name_placeholder','Post\'s name (Maximum :c characters)','2023-11-15 03:06:14','2023-11-15 03:06:14'),(1438,1,'en','plugins/blog/posts','form.description','Description','2023-11-15 03:06:14','2023-11-15 03:06:14'),(1439,1,'en','plugins/blog/posts','form.description_placeholder','Short description for post (Maximum :c characters)','2023-11-15 03:06:14','2023-11-15 03:06:14'),(1440,1,'en','plugins/blog/posts','form.categories','Categories','2023-11-15 03:06:14','2023-11-15 03:06:14'),(1441,1,'en','plugins/blog/posts','form.tags','Tags','2023-11-15 03:06:14','2023-11-15 03:06:14'),(1442,1,'en','plugins/blog/posts','form.tags_placeholder','Tags','2023-11-15 03:06:14','2023-11-15 03:06:14'),(1443,1,'en','plugins/blog/posts','form.content','Content','2023-11-15 03:06:14','2023-11-15 03:06:14'),(1444,1,'en','plugins/blog/posts','form.is_featured','Is featured?','2023-11-15 03:06:14','2023-11-15 03:06:14'),(1445,1,'en','plugins/blog/posts','form.note','Note content','2023-11-15 03:06:14','2023-11-15 03:06:14'),(1446,1,'en','plugins/blog/posts','form.format_type','Format','2023-11-15 03:06:14','2023-11-15 03:06:14'),(1447,1,'en','plugins/blog/posts','cannot_delete','Post could not be deleted','2023-11-15 03:06:14','2023-11-15 03:06:14'),(1448,1,'en','plugins/blog/posts','post_deleted','Post deleted','2023-11-15 03:06:14','2023-11-15 03:06:14'),(1449,1,'en','plugins/blog/posts','posts','Posts','2023-11-15 03:06:14','2023-11-15 03:06:14'),(1450,1,'en','plugins/blog/posts','post','Post','2023-11-15 03:06:14','2023-11-15 03:06:14'),(1451,1,'en','plugins/blog/posts','edit_this_post','Edit this post','2023-11-15 03:06:14','2023-11-15 03:06:14'),(1452,1,'en','plugins/blog/posts','no_new_post_now','There is no new post now!','2023-11-15 03:06:14','2023-11-15 03:06:14'),(1453,1,'en','plugins/blog/posts','menu_name','Posts','2023-11-15 03:06:14','2023-11-15 03:06:14'),(1454,1,'en','plugins/blog/posts','widget_posts_recent','Recent Posts','2023-11-15 03:06:14','2023-11-15 03:06:14'),(1455,1,'en','plugins/blog/posts','categories','Categories','2023-11-15 03:06:14','2023-11-15 03:06:14'),(1456,1,'en','plugins/blog/posts','category','Category','2023-11-15 03:06:14','2023-11-15 03:06:14'),(1457,1,'en','plugins/blog/posts','author','Author','2023-11-15 03:06:14','2023-11-15 03:06:14'),(1458,1,'en','plugins/blog/tags','form.name','Name','2023-11-15 03:06:14','2023-11-15 03:06:14'),(1459,1,'en','plugins/blog/tags','form.name_placeholder','Tag\'s name (Maximum 120 characters)','2023-11-15 03:06:14','2023-11-15 03:06:14'),(1460,1,'en','plugins/blog/tags','form.description','Description','2023-11-15 03:06:14','2023-11-15 03:06:14'),(1461,1,'en','plugins/blog/tags','form.description_placeholder','Short description for tag (Maximum 400 characters)','2023-11-15 03:06:14','2023-11-15 03:06:14'),(1462,1,'en','plugins/blog/tags','form.categories','Categories','2023-11-15 03:06:14','2023-11-15 03:06:14'),(1463,1,'en','plugins/blog/tags','notices.no_select','Please select at least one tag to take this action!','2023-11-15 03:06:14','2023-11-15 03:06:14'),(1464,1,'en','plugins/blog/tags','create','Create new tag','2023-11-15 03:06:14','2023-11-15 03:06:14'),(1465,1,'en','plugins/blog/tags','cannot_delete','Tag could not be deleted','2023-11-15 03:06:14','2023-11-15 03:06:14'),(1466,1,'en','plugins/blog/tags','deleted','Tag deleted','2023-11-15 03:06:14','2023-11-15 03:06:14'),(1467,1,'en','plugins/blog/tags','menu','Tags','2023-11-15 03:06:14','2023-11-15 03:06:14'),(1468,1,'en','plugins/blog/tags','edit_this_tag','Edit this tag','2023-11-15 03:06:14','2023-11-15 03:06:14'),(1469,1,'en','plugins/blog/tags','menu_name','Tags','2023-11-15 03:06:14','2023-11-15 03:06:14'),(1470,1,'en','plugins/captcha/captcha','settings.title','Captcha','2023-11-15 03:06:14','2023-11-15 03:06:14'),(1471,1,'en','plugins/captcha/captcha','settings.description','Settings for Google Captcha','2023-11-15 03:06:14','2023-11-15 03:06:14'),(1472,1,'en','plugins/captcha/captcha','settings.captcha_site_key','Captcha Site Key','2023-11-15 03:06:14','2023-11-15 03:06:14'),(1473,1,'en','plugins/captcha/captcha','settings.captcha_secret','Captcha Secret','2023-11-15 03:06:14','2023-11-15 03:06:14'),(1474,1,'en','plugins/captcha/captcha','settings.enable_captcha','Enable Captcha?','2023-11-15 03:06:14','2023-11-15 03:06:14'),(1475,1,'en','plugins/captcha/captcha','settings.helper','Go here to get credentials https://www.google.com/recaptcha/admin#list.','2023-11-15 03:06:14','2023-11-15 03:06:14'),(1476,1,'en','plugins/captcha/captcha','settings.hide_badge','Hide recaptcha badge (for v3)','2023-11-15 03:06:14','2023-11-15 03:06:14'),(1477,1,'en','plugins/captcha/captcha','settings.type','Type','2023-11-15 03:06:14','2023-11-15 03:06:14'),(1478,1,'en','plugins/captcha/captcha','settings.v2_description','V2 (Verify requests with a challenge)','2023-11-15 03:06:14','2023-11-15 03:06:14'),(1479,1,'en','plugins/captcha/captcha','settings.v3_description','V3 (Verify requests with a score)','2023-11-15 03:06:14','2023-11-15 03:06:14'),(1480,1,'en','plugins/captcha/captcha','numbers.0','Zero','2023-11-15 03:06:14','2023-11-15 03:06:14'),(1481,1,'en','plugins/captcha/captcha','numbers.1','One','2023-11-15 03:06:14','2023-11-15 03:06:14'),(1482,1,'en','plugins/captcha/captcha','numbers.2','Two','2023-11-15 03:06:14','2023-11-15 03:06:14'),(1483,1,'en','plugins/captcha/captcha','numbers.3','Three','2023-11-15 03:06:15','2023-11-15 03:06:15'),(1484,1,'en','plugins/captcha/captcha','numbers.4','Four','2023-11-15 03:06:15','2023-11-15 03:06:15'),(1485,1,'en','plugins/captcha/captcha','numbers.5','Five','2023-11-15 03:06:15','2023-11-15 03:06:15'),(1486,1,'en','plugins/captcha/captcha','numbers.6','Six','2023-11-15 03:06:15','2023-11-15 03:06:15'),(1487,1,'en','plugins/captcha/captcha','numbers.7','Seven','2023-11-15 03:06:15','2023-11-15 03:06:15'),(1488,1,'en','plugins/captcha/captcha','numbers.8','Eight','2023-11-15 03:06:15','2023-11-15 03:06:15'),(1489,1,'en','plugins/captcha/captcha','numbers.9','Nine','2023-11-15 03:06:15','2023-11-15 03:06:15'),(1490,1,'en','plugins/captcha/captcha','numbers.10','Ten','2023-11-15 03:06:15','2023-11-15 03:06:15'),(1491,1,'en','plugins/captcha/captcha','numbers.11','Eleven','2023-11-15 03:06:15','2023-11-15 03:06:15'),(1492,1,'en','plugins/captcha/captcha','numbers.12','Twelve','2023-11-15 03:06:15','2023-11-15 03:06:15'),(1493,1,'en','plugins/captcha/captcha','operands.+','plus','2023-11-15 03:06:15','2023-11-15 03:06:15'),(1494,1,'en','plugins/captcha/captcha','operands.-','minus','2023-11-15 03:06:15','2023-11-15 03:06:15'),(1495,1,'en','plugins/captcha/captcha','operands.*','times','2023-11-15 03:06:15','2023-11-15 03:06:15'),(1496,1,'en','plugins/captcha/captcha','operands./','divided by','2023-11-15 03:06:15','2023-11-15 03:06:15'),(1497,1,'en','plugins/contact/contact','menu','Contact','2023-11-15 03:06:15','2023-11-15 03:06:15'),(1498,1,'en','plugins/contact/contact','edit','View contact','2023-11-15 03:06:15','2023-11-15 03:06:15'),(1499,1,'en','plugins/contact/contact','tables.phone','Phone','2023-11-15 03:06:15','2023-11-15 03:06:15'),(1500,1,'en','plugins/contact/contact','tables.email','Email','2023-11-15 03:06:15','2023-11-15 03:06:15'),(1501,1,'en','plugins/contact/contact','tables.full_name','Full Name','2023-11-15 03:06:15','2023-11-15 03:06:15'),(1502,1,'en','plugins/contact/contact','tables.time','Time','2023-11-15 03:06:15','2023-11-15 03:06:15'),(1503,1,'en','plugins/contact/contact','tables.address','Address','2023-11-15 03:06:15','2023-11-15 03:06:15'),(1504,1,'en','plugins/contact/contact','tables.subject','Subject','2023-11-15 03:06:15','2023-11-15 03:06:15'),(1505,1,'en','plugins/contact/contact','tables.content','Content','2023-11-15 03:06:15','2023-11-15 03:06:15'),(1506,1,'en','plugins/contact/contact','contact_information','Contact information','2023-11-15 03:06:15','2023-11-15 03:06:15'),(1507,1,'en','plugins/contact/contact','replies','Replies','2023-11-15 03:06:15','2023-11-15 03:06:15'),(1508,1,'en','plugins/contact/contact','email.header','Email','2023-11-15 03:06:15','2023-11-15 03:06:15'),(1509,1,'en','plugins/contact/contact','email.title','New contact from your site','2023-11-15 03:06:15','2023-11-15 03:06:15'),(1510,1,'en','plugins/contact/contact','form.name.required','Name is required','2023-11-15 03:06:15','2023-11-15 03:06:15'),(1511,1,'en','plugins/contact/contact','form.email.required','Email is required','2023-11-15 03:06:15','2023-11-15 03:06:15'),(1512,1,'en','plugins/contact/contact','form.email.email','The email address is not valid','2023-11-15 03:06:15','2023-11-15 03:06:15'),(1513,1,'en','plugins/contact/contact','form.content.required','Content is required','2023-11-15 03:06:15','2023-11-15 03:06:15'),(1514,1,'en','plugins/contact/contact','contact_sent_from','This contact information sent from','2023-11-15 03:06:15','2023-11-15 03:06:15'),(1515,1,'en','plugins/contact/contact','sender','Sender','2023-11-15 03:06:15','2023-11-15 03:06:15'),(1516,1,'en','plugins/contact/contact','sender_email','Email','2023-11-15 03:06:15','2023-11-15 03:06:15'),(1517,1,'en','plugins/contact/contact','sender_address','Address','2023-11-15 03:06:15','2023-11-15 03:06:15'),(1518,1,'en','plugins/contact/contact','sender_phone','Phone','2023-11-15 03:06:15','2023-11-15 03:06:15'),(1519,1,'en','plugins/contact/contact','message_content','Message content','2023-11-15 03:06:15','2023-11-15 03:06:15'),(1520,1,'en','plugins/contact/contact','sent_from','Email sent from','2023-11-15 03:06:15','2023-11-15 03:06:15'),(1521,1,'en','plugins/contact/contact','form_name','Name','2023-11-15 03:06:15','2023-11-15 03:06:15'),(1522,1,'en','plugins/contact/contact','form_email','Email','2023-11-15 03:06:15','2023-11-15 03:06:15'),(1523,1,'en','plugins/contact/contact','form_address','Address','2023-11-15 03:06:15','2023-11-15 03:06:15'),(1524,1,'en','plugins/contact/contact','form_subject','Subject','2023-11-15 03:06:15','2023-11-15 03:06:15'),(1525,1,'en','plugins/contact/contact','form_phone','Phone','2023-11-15 03:06:15','2023-11-15 03:06:15'),(1526,1,'en','plugins/contact/contact','form_message','Message','2023-11-15 03:06:15','2023-11-15 03:06:15'),(1527,1,'en','plugins/contact/contact','required_field','The field with (<span style=\"color: red\">*</span>) is required.','2023-11-15 03:06:15','2023-11-15 03:06:15'),(1528,1,'en','plugins/contact/contact','send_btn','Send message','2023-11-15 03:06:15','2023-11-15 03:06:15'),(1529,1,'en','plugins/contact/contact','new_msg_notice','You have <span class=\"bold\">:count</span> New Messages','2023-11-15 03:06:15','2023-11-15 03:06:15'),(1530,1,'en','plugins/contact/contact','view_all','View all','2023-11-15 03:06:15','2023-11-15 03:06:15'),(1531,1,'en','plugins/contact/contact','statuses.read','Read','2023-11-15 03:06:15','2023-11-15 03:06:15'),(1532,1,'en','plugins/contact/contact','statuses.unread','Unread','2023-11-15 03:06:15','2023-11-15 03:06:15'),(1533,1,'en','plugins/contact/contact','phone','Phone','2023-11-15 03:06:15','2023-11-15 03:06:15'),(1534,1,'en','plugins/contact/contact','address','Address','2023-11-15 03:06:15','2023-11-15 03:06:15'),(1535,1,'en','plugins/contact/contact','message','Message','2023-11-15 03:06:15','2023-11-15 03:06:15'),(1536,1,'en','plugins/contact/contact','settings.email.title','Contact','2023-11-15 03:06:15','2023-11-15 03:06:15'),(1537,1,'en','plugins/contact/contact','settings.email.description','Contact email configuration','2023-11-15 03:06:15','2023-11-15 03:06:15'),(1538,1,'en','plugins/contact/contact','settings.email.templates.notice_title','Send notice to administrator','2023-11-15 03:06:15','2023-11-15 03:06:15'),(1539,1,'en','plugins/contact/contact','settings.email.templates.notice_description','Email template to send notice to administrator when system get new contact','2023-11-15 03:06:15','2023-11-15 03:06:15'),(1540,1,'en','plugins/contact/contact','settings.title','Contact','2023-11-15 03:06:15','2023-11-15 03:06:15'),(1541,1,'en','plugins/contact/contact','settings.description','Settings for contact plugin','2023-11-15 03:06:15','2023-11-15 03:06:15'),(1542,1,'en','plugins/contact/contact','settings.blacklist_keywords','Blacklist keywords','2023-11-15 03:06:15','2023-11-15 03:06:15'),(1543,1,'en','plugins/contact/contact','settings.blacklist_keywords_placeholder','keywords...','2023-11-15 03:06:15','2023-11-15 03:06:15'),(1544,1,'en','plugins/contact/contact','settings.blacklist_keywords_helper','Blacklist contact requests if it includes those keywords in the content field (separate by comma).','2023-11-15 03:06:15','2023-11-15 03:06:15'),(1545,1,'en','plugins/contact/contact','settings.blacklist_email_domains','Blacklist email domains','2023-11-15 03:06:15','2023-11-15 03:06:15'),(1546,1,'en','plugins/contact/contact','settings.blacklist_email_domains_placeholder','domain...','2023-11-15 03:06:15','2023-11-15 03:06:15'),(1547,1,'en','plugins/contact/contact','settings.blacklist_email_domains_helper','Blacklist contact requests if the email domain is in blacklist domains (separate by comma).','2023-11-15 03:06:15','2023-11-15 03:06:15'),(1548,1,'en','plugins/contact/contact','settings.enable_math_captcha','Enable math captcha?','2023-11-15 03:06:15','2023-11-15 03:06:15'),(1549,1,'en','plugins/contact/contact','no_reply','No reply yet!','2023-11-15 03:06:15','2023-11-15 03:06:15'),(1550,1,'en','plugins/contact/contact','reply','Reply','2023-11-15 03:06:15','2023-11-15 03:06:15'),(1551,1,'en','plugins/contact/contact','send','Send','2023-11-15 03:06:15','2023-11-15 03:06:15'),(1552,1,'en','plugins/contact/contact','shortcode_name','Contact form','2023-11-15 03:06:15','2023-11-15 03:06:15'),(1553,1,'en','plugins/contact/contact','shortcode_description','Add a contact form','2023-11-15 03:06:15','2023-11-15 03:06:15'),(1554,1,'en','plugins/contact/contact','shortcode_content_description','Add shortcode [contact-form][/contact-form] to editor?','2023-11-15 03:06:15','2023-11-15 03:06:15'),(1555,1,'en','plugins/contact/contact','message_sent_success','Message sent successfully!','2023-11-15 03:06:15','2023-11-15 03:06:15'),(1556,1,'en','plugins/cookie-consent/cookie-consent','theme_options.name','Cookie Consent','2023-11-15 03:06:15','2023-11-15 03:06:15'),(1557,1,'en','plugins/cookie-consent/cookie-consent','theme_options.description','Cookie consent settings','2023-11-15 03:06:15','2023-11-15 03:06:15'),(1558,1,'en','plugins/cookie-consent/cookie-consent','theme_options.enable','Enable cookie consent?','2023-11-15 03:06:15','2023-11-15 03:06:15'),(1559,1,'en','plugins/cookie-consent/cookie-consent','theme_options.message','Message','2023-11-15 03:06:15','2023-11-15 03:06:15'),(1560,1,'en','plugins/cookie-consent/cookie-consent','theme_options.button_text','Button text','2023-11-15 03:06:15','2023-11-15 03:06:15'),(1561,1,'en','plugins/cookie-consent/cookie-consent','theme_options.max_width','Max width (px)','2023-11-15 03:06:15','2023-11-15 03:06:15'),(1562,1,'en','plugins/cookie-consent/cookie-consent','theme_options.background_color','Background color','2023-11-15 03:06:15','2023-11-15 03:06:15'),(1563,1,'en','plugins/cookie-consent/cookie-consent','theme_options.text_color','Text color','2023-11-15 03:06:15','2023-11-15 03:06:15'),(1564,1,'en','plugins/cookie-consent/cookie-consent','theme_options.learn_more_url','Learn more URL','2023-11-15 03:06:15','2023-11-15 03:06:15'),(1565,1,'en','plugins/cookie-consent/cookie-consent','theme_options.learn_more_text','Learn more text','2023-11-15 03:06:15','2023-11-15 03:06:15'),(1566,1,'en','plugins/cookie-consent/cookie-consent','theme_options.style','Style','2023-11-15 03:06:15','2023-11-15 03:06:15'),(1567,1,'en','plugins/cookie-consent/cookie-consent','theme_options.full_width','Full width','2023-11-15 03:06:15','2023-11-15 03:06:15'),(1568,1,'en','plugins/cookie-consent/cookie-consent','theme_options.minimal','Minimal','2023-11-15 03:06:15','2023-11-15 03:06:15'),(1569,1,'en','plugins/cookie-consent/cookie-consent','message','Your experience on this site will be improved by allowing cookies.','2023-11-15 03:06:15','2023-11-15 03:06:15'),(1570,1,'en','plugins/cookie-consent/cookie-consent','button_text','Allow cookies','2023-11-15 03:06:15','2023-11-15 03:06:15'),(1571,1,'en','plugins/ecommerce/addresses','address','Address','2023-11-15 03:06:15','2023-11-15 03:06:15'),(1572,1,'en','plugins/ecommerce/addresses','addresses','Addresses','2023-11-15 03:06:15','2023-11-15 03:06:15'),(1573,1,'en','plugins/ecommerce/addresses','address_placeholder','Enter address','2023-11-15 03:06:15','2023-11-15 03:06:15'),(1574,1,'en','plugins/ecommerce/addresses','zip','Zip code','2023-11-15 03:06:15','2023-11-15 03:06:15'),(1575,1,'en','plugins/ecommerce/addresses','zip_placeholder','Enter zip code','2023-11-15 03:06:15','2023-11-15 03:06:15'),(1576,1,'en','plugins/ecommerce/addresses','city','City','2023-11-15 03:06:16','2023-11-15 03:06:16'),(1577,1,'en','plugins/ecommerce/addresses','city_placeholder','Enter city','2023-11-15 03:06:16','2023-11-15 03:06:16'),(1578,1,'en','plugins/ecommerce/addresses','state','State','2023-11-15 03:06:16','2023-11-15 03:06:16'),(1579,1,'en','plugins/ecommerce/addresses','state_placeholder','Enter state','2023-11-15 03:06:16','2023-11-15 03:06:16'),(1580,1,'en','plugins/ecommerce/addresses','country','Country','2023-11-15 03:06:16','2023-11-15 03:06:16'),(1581,1,'en','plugins/ecommerce/addresses','use_this_address_as_default','Use this address as default','2023-11-15 03:06:16','2023-11-15 03:06:16'),(1582,1,'en','plugins/ecommerce/addresses','name','Full name','2023-11-15 03:06:16','2023-11-15 03:06:16'),(1583,1,'en','plugins/ecommerce/addresses','name_placeholder','Enter name','2023-11-15 03:06:16','2023-11-15 03:06:16'),(1584,1,'en','plugins/ecommerce/addresses','phone','Phone','2023-11-15 03:06:16','2023-11-15 03:06:16'),(1585,1,'en','plugins/ecommerce/addresses','phone_placeholder','Enter phone','2023-11-15 03:06:16','2023-11-15 03:06:16'),(1586,1,'en','plugins/ecommerce/addresses','email','Email','2023-11-15 03:06:16','2023-11-15 03:06:16'),(1587,1,'en','plugins/ecommerce/addresses','email_placeholder','Enter email','2023-11-15 03:06:16','2023-11-15 03:06:16'),(1588,1,'en','plugins/ecommerce/addresses','select_state','Select state...','2023-11-15 03:06:16','2023-11-15 03:06:16'),(1589,1,'en','plugins/ecommerce/addresses','select_city','Select city...','2023-11-15 03:06:16','2023-11-15 03:06:16'),(1590,1,'en','plugins/ecommerce/addresses','select_country','Select country...','2023-11-15 03:06:16','2023-11-15 03:06:16'),(1591,1,'en','plugins/ecommerce/addresses','add_address','Add Address','2023-11-15 03:06:16','2023-11-15 03:06:16'),(1592,1,'en','plugins/ecommerce/addresses','new_address','New address','2023-11-15 03:06:16','2023-11-15 03:06:16'),(1593,1,'en','plugins/ecommerce/addresses','edit_address','Edit address','2023-11-15 03:06:16','2023-11-15 03:06:16'),(1594,1,'en','plugins/ecommerce/addresses','action','Action','2023-11-15 03:06:16','2023-11-15 03:06:16'),(1595,1,'en','plugins/ecommerce/addresses','add','Add','2023-11-15 03:06:16','2023-11-15 03:06:16'),(1596,1,'en','plugins/ecommerce/addresses','save','Save','2023-11-15 03:06:16','2023-11-15 03:06:16'),(1597,1,'en','plugins/ecommerce/addresses','no_data','No data to display','2023-11-15 03:06:16','2023-11-15 03:06:16'),(1598,1,'en','plugins/ecommerce/addresses','no_option','No option','2023-11-15 03:06:16','2023-11-15 03:06:16'),(1599,1,'en','plugins/ecommerce/brands','name','Brands','2023-11-15 03:06:16','2023-11-15 03:06:16'),(1600,1,'en','plugins/ecommerce/brands','create','New brand','2023-11-15 03:06:16','2023-11-15 03:06:16'),(1601,1,'en','plugins/ecommerce/brands','edit','Edit brand','2023-11-15 03:06:16','2023-11-15 03:06:16'),(1602,1,'en','plugins/ecommerce/brands','form.name','Name','2023-11-15 03:06:16','2023-11-15 03:06:16'),(1603,1,'en','plugins/ecommerce/brands','form.name_placeholder','Brand\'s name (Maximum 255 characters)','2023-11-15 03:06:16','2023-11-15 03:06:16'),(1604,1,'en','plugins/ecommerce/brands','form.description','Description','2023-11-15 03:06:16','2023-11-15 03:06:16'),(1605,1,'en','plugins/ecommerce/brands','form.description_placeholder','Short description for brand (Maximum 400 characters)','2023-11-15 03:06:16','2023-11-15 03:06:16'),(1606,1,'en','plugins/ecommerce/brands','form.website','Website','2023-11-15 03:06:16','2023-11-15 03:06:16'),(1607,1,'en','plugins/ecommerce/brands','form.logo','Logo','2023-11-15 03:06:16','2023-11-15 03:06:16'),(1608,1,'en','plugins/ecommerce/brands','form.is_featured','Is featured','2023-11-15 03:06:16','2023-11-15 03:06:16'),(1609,1,'en','plugins/ecommerce/brands','logo','Logo','2023-11-15 03:06:16','2023-11-15 03:06:16'),(1610,1,'en','plugins/ecommerce/brands','website','Website','2023-11-15 03:06:16','2023-11-15 03:06:16'),(1611,1,'en','plugins/ecommerce/brands','notices.no_select','Please select at least one record to take this action!','2023-11-15 03:06:16','2023-11-15 03:06:16'),(1612,1,'en','plugins/ecommerce/brands','notices.update_success_message','Update successfully','2023-11-15 03:06:16','2023-11-15 03:06:16'),(1613,1,'en','plugins/ecommerce/brands','cannot_delete','Brand could not be deleted','2023-11-15 03:06:16','2023-11-15 03:06:16'),(1614,1,'en','plugins/ecommerce/brands','brand_deleted','Brand deleted','2023-11-15 03:06:16','2023-11-15 03:06:16'),(1615,1,'en','plugins/ecommerce/brands','menu','Brands','2023-11-15 03:06:16','2023-11-15 03:06:16'),(1616,1,'en','plugins/ecommerce/brands','no_brand','No brand','2023-11-15 03:06:16','2023-11-15 03:06:16'),(1617,1,'en','plugins/ecommerce/brands','intro.title','Manage brands','2023-11-15 03:06:16','2023-11-15 03:06:16'),(1618,1,'en','plugins/ecommerce/brands','intro.description','Manage product brands such as Nike, Adidas, Bitis ...','2023-11-15 03:06:16','2023-11-15 03:06:16'),(1619,1,'en','plugins/ecommerce/brands','intro.button_text','Create brand','2023-11-15 03:06:16','2023-11-15 03:06:16'),(1620,1,'en','plugins/ecommerce/bulk-import','name','Bulk Import','2023-11-15 03:06:16','2023-11-15 03:06:16'),(1621,1,'en','plugins/ecommerce/bulk-import','loading_text','Importing','2023-11-15 03:06:16','2023-11-15 03:06:16'),(1622,1,'en','plugins/ecommerce/bulk-import','imported_successfully','Imported successfully.','2023-11-15 03:06:16','2023-11-15 03:06:16'),(1623,1,'en','plugins/ecommerce/bulk-import','please_choose_the_file_mime','Please choose the file mime :types','2023-11-15 03:06:16','2023-11-15 03:06:16'),(1624,1,'en','plugins/ecommerce/bulk-import','please_choose_the_file','Please choose the file','2023-11-15 03:06:16','2023-11-15 03:06:16'),(1625,1,'en','plugins/ecommerce/bulk-import','start_import','Start Import','2023-11-15 03:06:16','2023-11-15 03:06:16'),(1626,1,'en','plugins/ecommerce/bulk-import','note','Note!','2023-11-15 03:06:16','2023-11-15 03:06:16'),(1627,1,'en','plugins/ecommerce/bulk-import','warning_before_importing','If this is your first time using this feature, please read the documentation or contact the Administrator for access to the correct functionality!','2023-11-15 03:06:16','2023-11-15 03:06:16'),(1628,1,'en','plugins/ecommerce/bulk-import','results','Result: :success successes, :failed failures','2023-11-15 03:06:16','2023-11-15 03:06:16'),(1629,1,'en','plugins/ecommerce/bulk-import','failures','Failures','2023-11-15 03:06:16','2023-11-15 03:06:16'),(1630,1,'en','plugins/ecommerce/bulk-import','tables.import','Import','2023-11-15 03:06:16','2023-11-15 03:06:16'),(1631,1,'en','plugins/ecommerce/bulk-import','template','Template','2023-11-15 03:06:16','2023-11-15 03:06:16'),(1632,1,'en','plugins/ecommerce/bulk-import','rules','Rules','2023-11-15 03:06:16','2023-11-15 03:06:16'),(1633,1,'en','plugins/ecommerce/bulk-import','choose_file_with_mime','Choose file with mime: (:types)','2023-11-15 03:06:16','2023-11-15 03:06:16'),(1634,1,'en','plugins/ecommerce/bulk-import','choose_file','Choose file','2023-11-15 03:06:16','2023-11-15 03:06:16'),(1635,1,'en','plugins/ecommerce/bulk-import','menu','Import products','2023-11-15 03:06:16','2023-11-15 03:06:16'),(1636,1,'en','plugins/ecommerce/bulk-import','download-csv-file','Download CSV template','2023-11-15 03:06:16','2023-11-15 03:06:16'),(1637,1,'en','plugins/ecommerce/bulk-import','download-excel-file','Download Excel template','2023-11-15 03:06:16','2023-11-15 03:06:16'),(1638,1,'en','plugins/ecommerce/bulk-import','downloading','Downloading...','2023-11-15 03:06:16','2023-11-15 03:06:16'),(1639,1,'en','plugins/ecommerce/bulk-import','export.template.input_error','Input error','2023-11-15 03:06:16','2023-11-15 03:06:16'),(1640,1,'en','plugins/ecommerce/bulk-import','export.template.number_not_allowed','Number is not allowed!','2023-11-15 03:06:16','2023-11-15 03:06:16'),(1641,1,'en','plugins/ecommerce/bulk-import','export.template.allowed_input','Allowed input','2023-11-15 03:06:16','2023-11-15 03:06:16'),(1642,1,'en','plugins/ecommerce/bulk-import','export.template.prompt_decimal','Only numbers or decimals are accepted and greater than or equal to :min.','2023-11-15 03:06:16','2023-11-15 03:06:16'),(1643,1,'en','plugins/ecommerce/bulk-import','export.template.prompt_whole_number','Only numbers are accepted and greater than or equal to :min.','2023-11-15 03:06:16','2023-11-15 03:06:16'),(1644,1,'en','plugins/ecommerce/bulk-import','export.template.prompt_list','Please pick a value from the drop-down list.','2023-11-15 03:06:16','2023-11-15 03:06:16'),(1645,1,'en','plugins/ecommerce/bulk-import','export.template.pick_from_list','Pick from list','2023-11-15 03:06:16','2023-11-15 03:06:16'),(1646,1,'en','plugins/ecommerce/bulk-import','export.template.value_not_in_list','Value is not in list.','2023-11-15 03:06:16','2023-11-15 03:06:16'),(1647,1,'en','plugins/ecommerce/bulk-import','import_failed_description','Import failed, please check the errors below!','2023-11-15 03:06:16','2023-11-15 03:06:16'),(1648,1,'en','plugins/ecommerce/bulk-import','column','Column','2023-11-15 03:06:16','2023-11-15 03:06:16'),(1649,1,'en','plugins/ecommerce/bulk-import','row','Row','2023-11-15 03:06:16','2023-11-15 03:06:16'),(1650,1,'en','plugins/ecommerce/bulk-import','attribute','Attribute','2023-11-15 03:06:16','2023-11-15 03:06:16'),(1651,1,'en','plugins/ecommerce/bulk-import','errors','Errors','2023-11-15 03:06:16','2023-11-15 03:06:16'),(1652,1,'en','plugins/ecommerce/bulk-import','import_types.name','Import type','2023-11-15 03:06:16','2023-11-15 03:06:16'),(1653,1,'en','plugins/ecommerce/bulk-import','import_types.all','All','2023-11-15 03:06:16','2023-11-15 03:06:16'),(1654,1,'en','plugins/ecommerce/bulk-import','import_types.products','Products','2023-11-15 03:06:16','2023-11-15 03:06:16'),(1655,1,'en','plugins/ecommerce/bulk-import','import_types.variations','Variations','2023-11-15 03:06:16','2023-11-15 03:06:16'),(1656,1,'en','plugins/ecommerce/bulk-import','import_products','Import products','2023-11-15 03:06:16','2023-11-15 03:06:16'),(1657,1,'en','plugins/ecommerce/currency','currencies','Currencies','2023-11-15 03:06:16','2023-11-15 03:06:16'),(1658,1,'en','plugins/ecommerce/currency','setting_description','List of currencies using on website','2023-11-15 03:06:16','2023-11-15 03:06:16'),(1659,1,'en','plugins/ecommerce/currency','name','Name','2023-11-15 03:06:16','2023-11-15 03:06:16'),(1660,1,'en','plugins/ecommerce/currency','symbol','Symbol','2023-11-15 03:06:16','2023-11-15 03:06:16'),(1661,1,'en','plugins/ecommerce/currency','number_of_decimals','Number of decimals','2023-11-15 03:06:16','2023-11-15 03:06:16'),(1662,1,'en','plugins/ecommerce/currency','exchange_rate','Exchange rate','2023-11-15 03:06:16','2023-11-15 03:06:16'),(1663,1,'en','plugins/ecommerce/currency','is_prefix_symbol','Position of symbol','2023-11-15 03:06:16','2023-11-15 03:06:16'),(1664,1,'en','plugins/ecommerce/currency','is_default','Is default?','2023-11-15 03:06:16','2023-11-15 03:06:16'),(1665,1,'en','plugins/ecommerce/currency','remove','Remove','2023-11-15 03:06:16','2023-11-15 03:06:16'),(1666,1,'en','plugins/ecommerce/currency','new_currency','Add a new currency','2023-11-15 03:06:16','2023-11-15 03:06:16'),(1667,1,'en','plugins/ecommerce/currency','save_settings','Save settings','2023-11-15 03:06:16','2023-11-15 03:06:16'),(1668,1,'en','plugins/ecommerce/currency','before_number','Before number','2023-11-15 03:06:16','2023-11-15 03:06:16'),(1669,1,'en','plugins/ecommerce/currency','after_number','After number','2023-11-15 03:06:16','2023-11-15 03:06:16'),(1670,1,'en','plugins/ecommerce/currency','require_at_least_one_currency','The system requires at least one currency!','2023-11-15 03:06:16','2023-11-15 03:06:16'),(1671,1,'en','plugins/ecommerce/currency','enable_auto_detect_visitor_currency','Enable auto-detect visitor currency?','2023-11-15 03:06:16','2023-11-15 03:06:16'),(1672,1,'en','plugins/ecommerce/currency','auto_detect_visitor_currency_description','It detects visitor currency based on browser language. It will override default currency selection.','2023-11-15 03:06:16','2023-11-15 03:06:16'),(1673,1,'en','plugins/ecommerce/currency','add_space_between_price_and_currency','Add a space between price and currency?','2023-11-15 03:06:16','2023-11-15 03:06:16'),(1674,1,'en','plugins/ecommerce/currency','invalid_currency_name','Invalid currency code, it must be in :currencies.','2023-11-15 03:06:16','2023-11-15 03:06:16'),(1675,1,'en','plugins/ecommerce/currency','instruction','Please check list currency code here: https://en.wikipedia.org/wiki/ISO_4217','2023-11-15 03:06:16','2023-11-15 03:06:16'),(1676,1,'en','plugins/ecommerce/currency','code','Code','2023-11-15 03:06:16','2023-11-15 03:06:16'),(1677,1,'en','plugins/ecommerce/currency','api_key','API exchange rates key','2023-11-15 03:06:17','2023-11-15 03:06:17'),(1678,1,'en','plugins/ecommerce/currency','update_currency_rates','Update currency rates','2023-11-15 03:06:17','2023-11-15 03:06:17'),(1679,1,'en','plugins/ecommerce/currency','clear_cache_rates','Clear cache rates','2023-11-15 03:06:17','2023-11-15 03:06:17'),(1680,1,'en','plugins/ecommerce/currency','no_api_key','No API key','2023-11-15 03:06:17','2023-11-15 03:06:17'),(1681,1,'en','plugins/ecommerce/currency','api_key_helper','Get exchange rate API key on :link','2023-11-15 03:06:17','2023-11-15 03:06:17'),(1682,1,'en','plugins/ecommerce/currency','use_exchange_rate_from_api','Use exchange rate from API?','2023-11-15 03:06:17','2023-11-15 03:06:17'),(1683,1,'en','plugins/ecommerce/currency','clear_cache_rates_successfully','Clear cache currency rates successfully.','2023-11-15 03:06:17','2023-11-15 03:06:17'),(1684,1,'en','plugins/ecommerce/customer','name','Customers','2023-11-15 03:06:17','2023-11-15 03:06:17'),(1685,1,'en','plugins/ecommerce/customer','create','Create a customer','2023-11-15 03:06:17','2023-11-15 03:06:17'),(1686,1,'en','plugins/ecommerce/customer','edit','Edit customer \":name\"','2023-11-15 03:06:17','2023-11-15 03:06:17'),(1687,1,'en','plugins/ecommerce/customer','email','Email','2023-11-15 03:06:17','2023-11-15 03:06:17'),(1688,1,'en','plugins/ecommerce/customer','email_placeholder','Ex: example@gmail.com','2023-11-15 03:06:17','2023-11-15 03:06:17'),(1689,1,'en','plugins/ecommerce/customer','password','Password','2023-11-15 03:06:17','2023-11-15 03:06:17'),(1690,1,'en','plugins/ecommerce/customer','change_password','Change password?','2023-11-15 03:06:17','2023-11-15 03:06:17'),(1691,1,'en','plugins/ecommerce/customer','password_confirmation','Password confirmation','2023-11-15 03:06:17','2023-11-15 03:06:17'),(1692,1,'en','plugins/ecommerce/customer','intro.title','Manage customers','2023-11-15 03:06:17','2023-11-15 03:06:17'),(1693,1,'en','plugins/ecommerce/customer','intro.description','When a customer buy your product(s), you will know their order histories.','2023-11-15 03:06:17','2023-11-15 03:06:17'),(1694,1,'en','plugins/ecommerce/customer','intro.button_text','Create customer','2023-11-15 03:06:17','2023-11-15 03:06:17'),(1695,1,'en','plugins/ecommerce/customer','phone','Phone','2023-11-15 03:06:17','2023-11-15 03:06:17'),(1696,1,'en','plugins/ecommerce/customer','phone_placeholder','Phone','2023-11-15 03:06:17','2023-11-15 03:06:17'),(1697,1,'en','plugins/ecommerce/customer','avatar','Avatar','2023-11-15 03:06:17','2023-11-15 03:06:17'),(1698,1,'en','plugins/ecommerce/customer','dob','Date of birth','2023-11-15 03:06:17','2023-11-15 03:06:17'),(1699,1,'en','plugins/ecommerce/customer','statuses.activated','Activated','2023-11-15 03:06:17','2023-11-15 03:06:17'),(1700,1,'en','plugins/ecommerce/customer','statuses.locked','Locked','2023-11-15 03:06:17','2023-11-15 03:06:17'),(1701,1,'en','plugins/ecommerce/customer','email_verified','Email verified?','2023-11-15 03:06:17','2023-11-15 03:06:17'),(1702,1,'en','plugins/ecommerce/customer','verify_email.confirm_heading','Verify email confirmation','2023-11-15 03:06:17','2023-11-15 03:06:17'),(1703,1,'en','plugins/ecommerce/customer','verify_email.confirm_description','Are you sure you want to verify email this customer?','2023-11-15 03:06:17','2023-11-15 03:06:17'),(1704,1,'en','plugins/ecommerce/customer','verify_email.notification','This customer is not verified email yet? :approve_link to verify email.','2023-11-15 03:06:17','2023-11-15 03:06:17'),(1705,1,'en','plugins/ecommerce/customer','verify_email.approve_here','click here','2023-11-15 03:06:17','2023-11-15 03:06:17'),(1706,1,'en','plugins/ecommerce/customer','verify_email.confirm_button','Verify','2023-11-15 03:06:17','2023-11-15 03:06:17'),(1707,1,'en','plugins/ecommerce/discount','name','Discounts','2023-11-15 03:06:17','2023-11-15 03:06:17'),(1708,1,'en','plugins/ecommerce/discount','create','Create discount','2023-11-15 03:06:17','2023-11-15 03:06:17'),(1709,1,'en','plugins/ecommerce/discount','edit','Edit discount','2023-11-15 03:06:17','2023-11-15 03:06:17'),(1710,1,'en','plugins/ecommerce/discount','invalid_coupon','This coupon is invalid or expired!','2023-11-15 03:06:17','2023-11-15 03:06:17'),(1711,1,'en','plugins/ecommerce/discount','cannot_use_same_time_with_other_discount_program','Cannot use this coupon in the same time with other discount program!','2023-11-15 03:06:17','2023-11-15 03:06:17'),(1712,1,'en','plugins/ecommerce/discount','not_used','This coupon is not used yet!','2023-11-15 03:06:17','2023-11-15 03:06:17'),(1713,1,'en','plugins/ecommerce/discount','detail','Detail','2023-11-15 03:06:17','2023-11-15 03:06:17'),(1714,1,'en','plugins/ecommerce/discount','used','Used','2023-11-15 03:06:17','2023-11-15 03:06:17'),(1715,1,'en','plugins/ecommerce/discount','intro.title','Manage discount/coupon code','2023-11-15 03:06:17','2023-11-15 03:06:17'),(1716,1,'en','plugins/ecommerce/discount','intro.description','Create coupon code or promotion for your products.','2023-11-15 03:06:17','2023-11-15 03:06:17'),(1717,1,'en','plugins/ecommerce/discount','intro.button_text','Create discount','2023-11-15 03:06:17','2023-11-15 03:06:17'),(1718,1,'en','plugins/ecommerce/discount','expired','Expired','2023-11-15 03:06:17','2023-11-15 03:06:17'),(1719,1,'en','plugins/ecommerce/discount','discount_promotion','Discount promotion','2023-11-15 03:06:17','2023-11-15 03:06:17'),(1720,1,'en','plugins/ecommerce/discount','can','can','2023-11-15 03:06:17','2023-11-15 03:06:17'),(1721,1,'en','plugins/ecommerce/discount','cannot','cannot','2023-11-15 03:06:17','2023-11-15 03:06:17'),(1722,1,'en','plugins/ecommerce/discount','use_with_promotion','be used with promotion','2023-11-15 03:06:17','2023-11-15 03:06:17'),(1723,1,'en','plugins/ecommerce/discount','create_discount_validate_title_required_if','Please enter the name of the promotion','2023-11-15 03:06:17','2023-11-15 03:06:17'),(1724,1,'en','plugins/ecommerce/discount','create_discount_validate_code_required_if','Please enter the promotion code','2023-11-15 03:06:17','2023-11-15 03:06:17'),(1725,1,'en','plugins/ecommerce/discount','create_discount_validate_value_required','Amount must be greater than 0','2023-11-15 03:06:17','2023-11-15 03:06:17'),(1726,1,'en','plugins/ecommerce/discount','create_discount_validate_target_required','No object selected for promotion','2023-11-15 03:06:17','2023-11-15 03:06:17'),(1727,1,'en','plugins/ecommerce/discount','enums.type-options.amount','Amount - Fixed','2023-11-15 03:06:17','2023-11-15 03:06:17'),(1728,1,'en','plugins/ecommerce/discount','enums.type-options.percentage','Discount %','2023-11-15 03:06:17','2023-11-15 03:06:17'),(1729,1,'en','plugins/ecommerce/discount','enums.type-options.shipping','Free shipping','2023-11-15 03:06:17','2023-11-15 03:06:17'),(1730,1,'en','plugins/ecommerce/discount','enums.type-options.same-price','Same price','2023-11-15 03:06:17','2023-11-15 03:06:17'),(1731,1,'en','plugins/ecommerce/discount','enums.types.coupon','Coupon','2023-11-15 03:06:17','2023-11-15 03:06:17'),(1732,1,'en','plugins/ecommerce/discount','enums.types.promotion','Promotion','2023-11-15 03:06:17','2023-11-15 03:06:17'),(1733,1,'en','plugins/ecommerce/discount','enums.targets.all-orders','All orders','2023-11-15 03:06:17','2023-11-15 03:06:17'),(1734,1,'en','plugins/ecommerce/discount','enums.targets.customer','Customer','2023-11-15 03:06:17','2023-11-15 03:06:17'),(1735,1,'en','plugins/ecommerce/discount','enums.targets.amount-minimum-order','Minimum order amount','2023-11-15 03:06:17','2023-11-15 03:06:17'),(1736,1,'en','plugins/ecommerce/discount','enums.targets.product-variant','Product variant','2023-11-15 03:06:17','2023-11-15 03:06:17'),(1737,1,'en','plugins/ecommerce/discount','enums.targets.group-products','Product collections','2023-11-15 03:06:17','2023-11-15 03:06:17'),(1738,1,'en','plugins/ecommerce/discount','enums.targets.specific-product','Specific product','2023-11-15 03:06:17','2023-11-15 03:06:17'),(1739,1,'en','plugins/ecommerce/discount','discount','Discount','2023-11-15 03:06:17','2023-11-15 03:06:17'),(1740,1,'en','plugins/ecommerce/discount','create_coupon_code','Create coupon code','2023-11-15 03:06:17','2023-11-15 03:06:17'),(1741,1,'en','plugins/ecommerce/discount','create_discount_promotion','Create discount promotion','2023-11-15 03:06:17','2023-11-15 03:06:17'),(1742,1,'en','plugins/ecommerce/discount','generate_coupon_code','Generate coupon code','2023-11-15 03:06:17','2023-11-15 03:06:17'),(1743,1,'en','plugins/ecommerce/discount','customers_will_enter_this_coupon_code_when_they_checkout','Customers will enter this coupon code when they checkout','2023-11-15 03:06:17','2023-11-15 03:06:17'),(1744,1,'en','plugins/ecommerce/discount','select_type_of_discount','Select type of discount','2023-11-15 03:06:17','2023-11-15 03:06:17'),(1745,1,'en','plugins/ecommerce/discount','coupon_code','Coupon code','2023-11-15 03:06:17','2023-11-15 03:06:17'),(1746,1,'en','plugins/ecommerce/discount','promotion','Promotion','2023-11-15 03:06:17','2023-11-15 03:06:17'),(1747,1,'en','plugins/ecommerce/discount','can_be_used_with_promotion','Can be used with promotion?','2023-11-15 03:06:17','2023-11-15 03:06:17'),(1748,1,'en','plugins/ecommerce/discount','unlimited_coupon','Unlimited coupon?','2023-11-15 03:06:17','2023-11-15 03:06:17'),(1749,1,'en','plugins/ecommerce/discount','enter_number','Enter number','2023-11-15 03:06:17','2023-11-15 03:06:17'),(1750,1,'en','plugins/ecommerce/discount','coupon_type','Coupon type','2023-11-15 03:06:17','2023-11-15 03:06:17'),(1751,1,'en','plugins/ecommerce/discount','percentage_discount','Percentage discount (%)','2023-11-15 03:06:17','2023-11-15 03:06:17'),(1752,1,'en','plugins/ecommerce/discount','free_shipping','Free shipping','2023-11-15 03:06:17','2023-11-15 03:06:17'),(1753,1,'en','plugins/ecommerce/discount','same_price','Same price','2023-11-15 03:06:17','2023-11-15 03:06:17'),(1754,1,'en','plugins/ecommerce/discount','apply_for','apply for','2023-11-15 03:06:17','2023-11-15 03:06:17'),(1755,1,'en','plugins/ecommerce/discount','all_orders','All orders','2023-11-15 03:06:17','2023-11-15 03:06:17'),(1756,1,'en','plugins/ecommerce/discount','order_amount_from','Order amount from','2023-11-15 03:06:17','2023-11-15 03:06:17'),(1757,1,'en','plugins/ecommerce/discount','product_collection','Product collection','2023-11-15 03:06:17','2023-11-15 03:06:17'),(1758,1,'en','plugins/ecommerce/discount','product_category','Product category','2023-11-15 03:06:17','2023-11-15 03:06:17'),(1759,1,'en','plugins/ecommerce/discount','product','Product','2023-11-15 03:06:17','2023-11-15 03:06:17'),(1760,1,'en','plugins/ecommerce/discount','customer','Customer','2023-11-15 03:06:17','2023-11-15 03:06:17'),(1761,1,'en','plugins/ecommerce/discount','variant','Variant','2023-11-15 03:06:17','2023-11-15 03:06:17'),(1762,1,'en','plugins/ecommerce/discount','search_product','Search product','2023-11-15 03:06:17','2023-11-15 03:06:17'),(1763,1,'en','plugins/ecommerce/discount','no_products_found','No products found!','2023-11-15 03:06:17','2023-11-15 03:06:17'),(1764,1,'en','plugins/ecommerce/discount','search_customer','Search customer','2023-11-15 03:06:17','2023-11-15 03:06:17'),(1765,1,'en','plugins/ecommerce/discount','no_customer_found','No customer found!','2023-11-15 03:06:17','2023-11-15 03:06:17'),(1766,1,'en','plugins/ecommerce/discount','one_time_per_order','One time per order','2023-11-15 03:06:18','2023-11-15 03:06:18'),(1767,1,'en','plugins/ecommerce/discount','one_time_per_product_in_cart','One time per product in cart','2023-11-15 03:06:18','2023-11-15 03:06:18'),(1768,1,'en','plugins/ecommerce/discount','number_of_products','Number of products required to apply','2023-11-15 03:06:18','2023-11-15 03:06:18'),(1769,1,'en','plugins/ecommerce/discount','selected_products','Selected products','2023-11-15 03:06:18','2023-11-15 03:06:18'),(1770,1,'en','plugins/ecommerce/discount','selected_customers','Selected customers','2023-11-15 03:06:18','2023-11-15 03:06:18'),(1771,1,'en','plugins/ecommerce/discount','time','Time','2023-11-15 03:06:18','2023-11-15 03:06:18'),(1772,1,'en','plugins/ecommerce/discount','start_date','Start date','2023-11-15 03:06:18','2023-11-15 03:06:18'),(1773,1,'en','plugins/ecommerce/discount','end_date','End date','2023-11-15 03:06:18','2023-11-15 03:06:18'),(1774,1,'en','plugins/ecommerce/discount','never_expired','Never expired?','2023-11-15 03:06:18','2023-11-15 03:06:18'),(1775,1,'en','plugins/ecommerce/discount','save','Save','2023-11-15 03:06:18','2023-11-15 03:06:18'),(1776,1,'en','plugins/ecommerce/discount','enter_promotion_name','Enter promotion name','2023-11-15 03:06:18','2023-11-15 03:06:18'),(1777,1,'en','plugins/ecommerce/discount','enter_coupon_name','Enter coupon name','2023-11-15 03:06:18','2023-11-15 03:06:18'),(1778,1,'en','plugins/ecommerce/discount','cancel','Cancel','2023-11-15 03:06:18','2023-11-15 03:06:18'),(1779,1,'en','plugins/ecommerce/discount','is','Is','2023-11-15 03:06:18','2023-11-15 03:06:18'),(1780,1,'en','plugins/ecommerce/discount','when_shipping_fee_less_than','when shipping fee less than','2023-11-15 03:06:18','2023-11-15 03:06:18'),(1781,1,'en','plugins/ecommerce/discount','minimum_order_amount_error','You are under :minimum_amount to apply the coupon, you must add :add_more more items to your cart','2023-11-15 03:06:18','2023-11-15 03:06:18'),(1782,1,'en','plugins/ecommerce/discount','once_per_customer','Once per customer','2023-11-15 03:06:18','2023-11-15 03:06:18'),(1783,1,'en','plugins/ecommerce/discount','you_need_login_to_use_coupon_code','You need to login to use this coupon code','2023-11-15 03:06:18','2023-11-15 03:06:18'),(1784,1,'en','plugins/ecommerce/discount','you_used_coupon_code','You have already used this coupon code','2023-11-15 03:06:18','2023-11-15 03:06:18'),(1785,1,'en','plugins/ecommerce/discount','customer_used_coupon_code','Customers who have used this discount code','2023-11-15 03:06:18','2023-11-15 03:06:18'),(1786,1,'en','plugins/ecommerce/discount','apply_via_url','Apply via URL?','2023-11-15 03:06:18','2023-11-15 03:06:18'),(1787,1,'en','plugins/ecommerce/discount','apply_via_url_description','This setting will apply coupon code when customers access the URL with the parameter \"?coupon=code\".','2023-11-15 03:06:18','2023-11-15 03:06:18'),(1788,1,'en','plugins/ecommerce/ecommerce','settings','Settings','2023-11-15 03:06:18','2023-11-15 03:06:18'),(1789,1,'en','plugins/ecommerce/ecommerce','name','Ecommerce','2023-11-15 03:06:18','2023-11-15 03:06:18'),(1790,1,'en','plugins/ecommerce/ecommerce','setting.email.title','E-commerce','2023-11-15 03:06:18','2023-11-15 03:06:18'),(1791,1,'en','plugins/ecommerce/ecommerce','setting.email.description','Ecommerce email config','2023-11-15 03:06:18','2023-11-15 03:06:18'),(1792,1,'en','plugins/ecommerce/ecommerce','setting.email.order_confirm_subject','Subject of order confirmation email','2023-11-15 03:06:18','2023-11-15 03:06:18'),(1793,1,'en','plugins/ecommerce/ecommerce','setting.email.order_confirm_subject_placeholder','The subject of email confirmation send to the customer','2023-11-15 03:06:18','2023-11-15 03:06:18'),(1794,1,'en','plugins/ecommerce/ecommerce','setting.email.order_confirm_content','Content of order confirmation email','2023-11-15 03:06:18','2023-11-15 03:06:18'),(1795,1,'en','plugins/ecommerce/ecommerce','setting.email.order_status_change_subject','Subject of email when changing order\'s status','2023-11-15 03:06:18','2023-11-15 03:06:18'),(1796,1,'en','plugins/ecommerce/ecommerce','setting.email.order_status_change_subject_placeholder','Subject of email when changing order\'s status send to customer','2023-11-15 03:06:18','2023-11-15 03:06:18'),(1797,1,'en','plugins/ecommerce/ecommerce','setting.email.order_status_change_content','Content of email when changing order\'s status','2023-11-15 03:06:18','2023-11-15 03:06:18'),(1798,1,'en','plugins/ecommerce/ecommerce','setting.email.from_email','Email from','2023-11-15 03:06:18','2023-11-15 03:06:18'),(1799,1,'en','plugins/ecommerce/ecommerce','setting.email.from_email_placeholder','Email from address to display in mail. Ex: example@gmail.com','2023-11-15 03:06:18','2023-11-15 03:06:18'),(1800,1,'en','plugins/ecommerce/ecommerce','setting.title','Basic information','2023-11-15 03:06:18','2023-11-15 03:06:18'),(1801,1,'en','plugins/ecommerce/ecommerce','setting.state','State','2023-11-15 03:06:18','2023-11-15 03:06:18'),(1802,1,'en','plugins/ecommerce/ecommerce','setting.city','City','2023-11-15 03:06:18','2023-11-15 03:06:18'),(1803,1,'en','plugins/ecommerce/ecommerce','setting.country','Country','2023-11-15 03:06:18','2023-11-15 03:06:18'),(1804,1,'en','plugins/ecommerce/ecommerce','setting.weight_unit_gram','Gram (g)','2023-11-15 03:06:18','2023-11-15 03:06:18'),(1805,1,'en','plugins/ecommerce/ecommerce','setting.weight_unit_kilogram','Kilogram (kg)','2023-11-15 03:06:18','2023-11-15 03:06:18'),(1806,1,'en','plugins/ecommerce/ecommerce','setting.weight_unit_lb','Pound (lb)','2023-11-15 03:06:18','2023-11-15 03:06:18'),(1807,1,'en','plugins/ecommerce/ecommerce','setting.weight_unit_oz','Ounce (oz)','2023-11-15 03:06:18','2023-11-15 03:06:18'),(1808,1,'en','plugins/ecommerce/ecommerce','setting.height_unit_cm','Centimeter (cm)','2023-11-15 03:06:18','2023-11-15 03:06:18'),(1809,1,'en','plugins/ecommerce/ecommerce','setting.height_unit_m','Meter (m)','2023-11-15 03:06:18','2023-11-15 03:06:18'),(1810,1,'en','plugins/ecommerce/ecommerce','setting.height_unit_inch','Inch','2023-11-15 03:06:18','2023-11-15 03:06:18'),(1811,1,'en','plugins/ecommerce/ecommerce','setting.store_locator_title','Store locators','2023-11-15 03:06:18','2023-11-15 03:06:18'),(1812,1,'en','plugins/ecommerce/ecommerce','setting.store_locator_description','All the lists of your chains, main stores, branches, etc. The locations can be used to track sales and to help us configure tax rates to charge when selling products.','2023-11-15 03:06:18','2023-11-15 03:06:18'),(1813,1,'en','plugins/ecommerce/ecommerce','setting.phone','Phone','2023-11-15 03:06:18','2023-11-15 03:06:18'),(1814,1,'en','plugins/ecommerce/ecommerce','setting.email_address','Email','2023-11-15 03:06:18','2023-11-15 03:06:18'),(1815,1,'en','plugins/ecommerce/ecommerce','setting.address','Address','2023-11-15 03:06:18','2023-11-15 03:06:18'),(1816,1,'en','plugins/ecommerce/ecommerce','setting.is_primary','Primary?','2023-11-15 03:06:18','2023-11-15 03:06:18'),(1817,1,'en','plugins/ecommerce/ecommerce','setting.add_new','Add new','2023-11-15 03:06:18','2023-11-15 03:06:18'),(1818,1,'en','plugins/ecommerce/ecommerce','setting.or','Or','2023-11-15 03:06:18','2023-11-15 03:06:18'),(1819,1,'en','plugins/ecommerce/ecommerce','setting.change_primary_store','change default store locator','2023-11-15 03:06:18','2023-11-15 03:06:18'),(1820,1,'en','plugins/ecommerce/ecommerce','setting.other_settings','Other settings','2023-11-15 03:06:18','2023-11-15 03:06:18'),(1821,1,'en','plugins/ecommerce/ecommerce','setting.other_settings_description','Settings for cart, review...','2023-11-15 03:06:18','2023-11-15 03:06:18'),(1822,1,'en','plugins/ecommerce/ecommerce','setting.enable_cart','Enable shopping cart?','2023-11-15 03:06:18','2023-11-15 03:06:18'),(1823,1,'en','plugins/ecommerce/ecommerce','setting.enable_tax','Enable tax?','2023-11-15 03:06:18','2023-11-15 03:06:18'),(1824,1,'en','plugins/ecommerce/ecommerce','setting.display_product_price_including_taxes','Display product price including taxes?','2023-11-15 03:06:18','2023-11-15 03:06:18'),(1825,1,'en','plugins/ecommerce/ecommerce','setting.enable_review','Enable review?','2023-11-15 03:06:18','2023-11-15 03:06:18'),(1826,1,'en','plugins/ecommerce/ecommerce','setting.enable_quick_buy_button','Enable quick buy button?','2023-11-15 03:06:18','2023-11-15 03:06:18'),(1827,1,'en','plugins/ecommerce/ecommerce','setting.quick_buy_target','Quick buy target page?','2023-11-15 03:06:18','2023-11-15 03:06:18'),(1828,1,'en','plugins/ecommerce/ecommerce','setting.checkout_page','Checkout page','2023-11-15 03:06:18','2023-11-15 03:06:18'),(1829,1,'en','plugins/ecommerce/ecommerce','setting.cart_page','Cart page','2023-11-15 03:06:18','2023-11-15 03:06:18'),(1830,1,'en','plugins/ecommerce/ecommerce','setting.add_location','Add location','2023-11-15 03:06:18','2023-11-15 03:06:18'),(1831,1,'en','plugins/ecommerce/ecommerce','setting.edit_location','Edit location','2023-11-15 03:06:18','2023-11-15 03:06:18'),(1832,1,'en','plugins/ecommerce/ecommerce','setting.delete_location','Delete location','2023-11-15 03:06:18','2023-11-15 03:06:18'),(1833,1,'en','plugins/ecommerce/ecommerce','setting.change_primary_location','Change primary location','2023-11-15 03:06:18','2023-11-15 03:06:18'),(1834,1,'en','plugins/ecommerce/ecommerce','setting.delete_location_confirmation','Are you sure you want to delete this location? This action cannot be undo.','2023-11-15 03:06:18','2023-11-15 03:06:18'),(1835,1,'en','plugins/ecommerce/ecommerce','setting.save_location','Save location','2023-11-15 03:06:18','2023-11-15 03:06:18'),(1836,1,'en','plugins/ecommerce/ecommerce','setting.accept','Accept','2023-11-15 03:06:18','2023-11-15 03:06:18'),(1837,1,'en','plugins/ecommerce/ecommerce','setting.select_country','Select country...','2023-11-15 03:06:18','2023-11-15 03:06:18'),(1838,1,'en','plugins/ecommerce/ecommerce','setting.zip_code_enabled','Enable Zip Code?','2023-11-15 03:06:18','2023-11-15 03:06:18'),(1839,1,'en','plugins/ecommerce/ecommerce','setting.thousands_separator','Thousands separator','2023-11-15 03:06:18','2023-11-15 03:06:18'),(1840,1,'en','plugins/ecommerce/ecommerce','setting.decimal_separator','Decimal separator','2023-11-15 03:06:18','2023-11-15 03:06:18'),(1841,1,'en','plugins/ecommerce/ecommerce','setting.separator_period','Period (.)','2023-11-15 03:06:18','2023-11-15 03:06:18'),(1842,1,'en','plugins/ecommerce/ecommerce','setting.separator_comma','Comma (,)','2023-11-15 03:06:18','2023-11-15 03:06:18'),(1843,1,'en','plugins/ecommerce/ecommerce','setting.separator_space','Space ( )','2023-11-15 03:06:18','2023-11-15 03:06:18'),(1844,1,'en','plugins/ecommerce/ecommerce','setting.available_countries','Available countries','2023-11-15 03:06:18','2023-11-15 03:06:18'),(1845,1,'en','plugins/ecommerce/ecommerce','setting.all','All','2023-11-15 03:06:18','2023-11-15 03:06:18'),(1846,1,'en','plugins/ecommerce/ecommerce','setting.verify_customer_email','Verify customer\'s email?','2023-11-15 03:06:18','2023-11-15 03:06:18'),(1847,1,'en','plugins/ecommerce/ecommerce','setting.minimum_order_amount','Minimum order amount to place an order (:currency).','2023-11-15 03:06:18','2023-11-15 03:06:18'),(1848,1,'en','plugins/ecommerce/ecommerce','setting.enable_guest_checkout','Enable guest checkout?','2023-11-15 03:06:18','2023-11-15 03:06:18'),(1849,1,'en','plugins/ecommerce/ecommerce','setting.show_number_of_products','Show number of products in the product single','2023-11-15 03:06:18','2023-11-15 03:06:18'),(1850,1,'en','plugins/ecommerce/ecommerce','setting.payment_method_cod_minimum_amount','Minimum order amount - :currency (Optional)','2023-11-15 03:06:18','2023-11-15 03:06:18'),(1851,1,'en','plugins/ecommerce/ecommerce','setting.review.max_file_size','Review max file size (MB)','2023-11-15 03:06:19','2023-11-15 03:06:19'),(1852,1,'en','plugins/ecommerce/ecommerce','setting.review.max_file_number','Review max file number','2023-11-15 03:06:19','2023-11-15 03:06:19'),(1853,1,'en','plugins/ecommerce/ecommerce','setting.using_custom_font_for_invoice','Using custom font for invoice?','2023-11-15 03:06:19','2023-11-15 03:06:19'),(1854,1,'en','plugins/ecommerce/ecommerce','setting.invoice_font_family','Invoice font family (Only work for Latin language)','2023-11-15 03:06:19','2023-11-15 03:06:19'),(1855,1,'en','plugins/ecommerce/ecommerce','setting.enable_invoice_stamp','Enable invoice stamp?','2023-11-15 03:06:19','2023-11-15 03:06:19'),(1856,1,'en','plugins/ecommerce/ecommerce','setting.invoice_support_arabic_language','Support Arabic language in invoice?','2023-11-15 03:06:19','2023-11-15 03:06:19'),(1857,1,'en','plugins/ecommerce/ecommerce','setting.disable_order_invoice_until_order_confirmed','Disable order invoice until order confirmed?','2023-11-15 03:06:19','2023-11-15 03:06:19'),(1858,1,'en','plugins/ecommerce/ecommerce','setting.vat_number','VAT number','2023-11-15 03:06:19','2023-11-15 03:06:19'),(1859,1,'en','plugins/ecommerce/ecommerce','setting.tax_id','Tax ID','2023-11-15 03:06:19','2023-11-15 03:06:19'),(1860,1,'en','plugins/ecommerce/ecommerce','setting.enable_recaptcha_in_register_page','Enable Recaptcha in the registration page?','2023-11-15 03:06:19','2023-11-15 03:06:19'),(1861,1,'en','plugins/ecommerce/ecommerce','setting.enable_math_captcha_in_register_page','Enable Math captcha in the registration page?','2023-11-15 03:06:19','2023-11-15 03:06:19'),(1862,1,'en','plugins/ecommerce/ecommerce','setting.enable_recaptcha_in_register_page_description','Need to setup Captcha in Admin -> Settings -> General first.','2023-11-15 03:06:19','2023-11-15 03:06:19'),(1863,1,'en','plugins/ecommerce/ecommerce','setting.show_out_of_stock_products','Show out of stock products?','2023-11-15 03:06:19','2023-11-15 03:06:19'),(1864,1,'en','plugins/ecommerce/ecommerce','setting.default_tax_rate','Default tax rate','2023-11-15 03:06:19','2023-11-15 03:06:19'),(1865,1,'en','plugins/ecommerce/ecommerce','setting.default_tax_rate_description','Important: it will be applied if no tax selected in product.','2023-11-15 03:06:19','2023-11-15 03:06:19'),(1866,1,'en','plugins/ecommerce/ecommerce','setting.how_to_display_product_variation_images','How to display product variation images?','2023-11-15 03:06:19','2023-11-15 03:06:19'),(1867,1,'en','plugins/ecommerce/ecommerce','setting.only_variation_images','Only variation images','2023-11-15 03:06:19','2023-11-15 03:06:19'),(1868,1,'en','plugins/ecommerce/ecommerce','setting.variation_images_and_main_product_images','Variation images + main product images','2023-11-15 03:06:19','2023-11-15 03:06:19'),(1869,1,'en','plugins/ecommerce/ecommerce','setting.load_countries_states_cities_from_location_plugin','Load countries, states, cities from plugin location?','2023-11-15 03:06:19','2023-11-15 03:06:19'),(1870,1,'en','plugins/ecommerce/ecommerce','setting.load_countries_states_cities_from_location_plugin_placeholder','After changing this option, you need to update all addresses again. You should set it once.','2023-11-15 03:06:19','2023-11-15 03:06:19'),(1871,1,'en','plugins/ecommerce/ecommerce','setting.enable_wishlist','Enable wishlist?','2023-11-15 03:06:19','2023-11-15 03:06:19'),(1872,1,'en','plugins/ecommerce/ecommerce','setting.enable_compare','Enable compare?','2023-11-15 03:06:19','2023-11-15 03:06:19'),(1873,1,'en','plugins/ecommerce/ecommerce','setting.enable_order_tracking','Enable order tracking?','2023-11-15 03:06:19','2023-11-15 03:06:19'),(1874,1,'en','plugins/ecommerce/ecommerce','setting.recently_viewed.enable','Enable customer recently viewed products?','2023-11-15 03:06:19','2023-11-15 03:06:19'),(1875,1,'en','plugins/ecommerce/ecommerce','setting.recently_viewed.max','Maximum number of customer recently viewed products','2023-11-15 03:06:19','2023-11-15 03:06:19'),(1876,1,'en','plugins/ecommerce/ecommerce','setting.recently_viewed.max_helper','If you set 0, it will save all products.','2023-11-15 03:06:19','2023-11-15 03:06:19'),(1877,1,'en','plugins/ecommerce/ecommerce','setting.search_products','Search products','2023-11-15 03:06:19','2023-11-15 03:06:19'),(1878,1,'en','plugins/ecommerce/ecommerce','setting.search_products_description','Config rules to search products','2023-11-15 03:06:19','2023-11-15 03:06:19'),(1879,1,'en','plugins/ecommerce/ecommerce','setting.search_for_an_exact_phrase','Search for an exact phrase?','2023-11-15 03:06:19','2023-11-15 03:06:19'),(1880,1,'en','plugins/ecommerce/ecommerce','setting.search_products_by','Search products by:','2023-11-15 03:06:19','2023-11-15 03:06:19'),(1881,1,'en','plugins/ecommerce/ecommerce','setting.tracking_settings','Tracking settings','2023-11-15 03:06:19','2023-11-15 03:06:19'),(1882,1,'en','plugins/ecommerce/ecommerce','setting.tracking_settings_description','Manage tracking: UTM, Facebook, Google Tag Manager...','2023-11-15 03:06:19','2023-11-15 03:06:19'),(1883,1,'en','plugins/ecommerce/ecommerce','setting.enable_facebook_pixel','Enable Facebook Pixel (Meta Pixel)?','2023-11-15 03:06:19','2023-11-15 03:06:19'),(1884,1,'en','plugins/ecommerce/ecommerce','setting.facebook_pixel_id','Facebook Pixel ID','2023-11-15 03:06:19','2023-11-15 03:06:19'),(1885,1,'en','plugins/ecommerce/ecommerce','setting.facebook_pixel_helper','Go to https://developers.facebook.com/docs/meta-pixel to create Facebook Pixel.','2023-11-15 03:06:19','2023-11-15 03:06:19'),(1886,1,'en','plugins/ecommerce/ecommerce','setting.enable_google_tag_manager','Enable Google Tag Manager?','2023-11-15 03:06:19','2023-11-15 03:06:19'),(1887,1,'en','plugins/ecommerce/ecommerce','setting.google_tag_manager_code','Google Tag Manager code','2023-11-15 03:06:19','2023-11-15 03:06:19'),(1888,1,'en','plugins/ecommerce/ecommerce','setting.google_tag_manager_helper','Go to https://ads.google.com/aw/conversions to create Google Ads Conversions.','2023-11-15 03:06:19','2023-11-15 03:06:19'),(1889,1,'en','plugins/ecommerce/ecommerce','setting.webhook','Webhook','2023-11-15 03:06:19','2023-11-15 03:06:19'),(1890,1,'en','plugins/ecommerce/ecommerce','setting.webhook_description','Send webhook when order placed.','2023-11-15 03:06:19','2023-11-15 03:06:19'),(1891,1,'en','plugins/ecommerce/ecommerce','setting.shipping','Shipping','2023-11-15 03:06:19','2023-11-15 03:06:19'),(1892,1,'en','plugins/ecommerce/ecommerce','setting.shipping_description','Settings for shipping','2023-11-15 03:06:19','2023-11-15 03:06:19'),(1893,1,'en','plugins/ecommerce/ecommerce','setting.hide_other_shipping_options_if_it_has_free_shipping','Hide other shipping options if it has free shipping in the list?','2023-11-15 03:06:19','2023-11-15 03:06:19'),(1894,1,'en','plugins/ecommerce/ecommerce','setting.order_placed_webhook_url','Order placed webhook URL (method: POST)','2023-11-15 03:06:19','2023-11-15 03:06:19'),(1895,1,'en','plugins/ecommerce/ecommerce','setting.return_request','Return Request','2023-11-15 03:06:19','2023-11-15 03:06:19'),(1896,1,'en','plugins/ecommerce/ecommerce','setting.return_request_description','Number of days a customer can request a return after the order is completed.','2023-11-15 03:06:19','2023-11-15 03:06:19'),(1897,1,'en','plugins/ecommerce/ecommerce','setting.returnable_days','Refundable days','2023-11-15 03:06:19','2023-11-15 03:06:19'),(1898,1,'en','plugins/ecommerce/ecommerce','setting.billing_address_enabled','Enable billing address?','2023-11-15 03:06:19','2023-11-15 03:06:19'),(1899,1,'en','plugins/ecommerce/ecommerce','setting.activate_custom_return_product_quantity','Activate custom return product quantity?','2023-11-15 03:06:19','2023-11-15 03:06:19'),(1900,1,'en','plugins/ecommerce/ecommerce','setting.allow_partial_return','Allow partial return?','2023-11-15 03:06:19','2023-11-15 03:06:19'),(1901,1,'en','plugins/ecommerce/ecommerce','setting.allow_partial_return_description','Customer can return a few products, do not need to return all products in an order.','2023-11-15 03:06:19','2023-11-15 03:06:19'),(1902,1,'en','plugins/ecommerce/ecommerce','setting.activate_custom_return_product_quantity_description','Allow customer to change the quantity of the product they want to return.','2023-11-15 03:06:19','2023-11-15 03:06:19'),(1903,1,'en','plugins/ecommerce/ecommerce','setting.digital_product','Digital product','2023-11-15 03:06:19','2023-11-15 03:06:19'),(1904,1,'en','plugins/ecommerce/ecommerce','setting.digital_product_title','Is enabled to support the digital products?','2023-11-15 03:06:19','2023-11-15 03:06:19'),(1905,1,'en','plugins/ecommerce/ecommerce','setting.allow_guest_checkout_for_digital_products','Allow guest checkout for digital products?','2023-11-15 03:06:19','2023-11-15 03:06:19'),(1906,1,'en','plugins/ecommerce/ecommerce','setting.company_settings','Company settings','2023-11-15 03:06:19','2023-11-15 03:06:19'),(1907,1,'en','plugins/ecommerce/ecommerce','setting.company_settings_description','Settings Company information for invoicing','2023-11-15 03:06:19','2023-11-15 03:06:19'),(1908,1,'en','plugins/ecommerce/ecommerce','setting.company_name','Company name','2023-11-15 03:06:19','2023-11-15 03:06:19'),(1909,1,'en','plugins/ecommerce/ecommerce','setting.company_address','Company address','2023-11-15 03:06:19','2023-11-15 03:06:19'),(1910,1,'en','plugins/ecommerce/ecommerce','setting.company_zipcode','Company zipcode','2023-11-15 03:06:19','2023-11-15 03:06:19'),(1911,1,'en','plugins/ecommerce/ecommerce','setting.company_email','Company email','2023-11-15 03:06:19','2023-11-15 03:06:19'),(1912,1,'en','plugins/ecommerce/ecommerce','setting.company_phone','Company phone','2023-11-15 03:06:19','2023-11-15 03:06:19'),(1913,1,'en','plugins/ecommerce/ecommerce','setting.company_logo','Company logo','2023-11-15 03:06:19','2023-11-15 03:06:19'),(1914,1,'en','plugins/ecommerce/ecommerce','setting.company_tax_id','Company tax ID','2023-11-15 03:06:19','2023-11-15 03:06:19'),(1915,1,'en','plugins/ecommerce/ecommerce','setting.invoice_code_prefix','Invoice code prefix','2023-11-15 03:06:19','2023-11-15 03:06:19'),(1916,1,'en','plugins/ecommerce/ecommerce','setting.only_allow_customers_purchased_to_review','Only customers who have purchased the product can review the product?','2023-11-15 03:06:19','2023-11-15 03:06:19'),(1917,1,'en','plugins/ecommerce/ecommerce','setting.enable_order_auto_confirmed','Auto confirm order?','2023-11-15 03:06:19','2023-11-15 03:06:19'),(1918,1,'en','plugins/ecommerce/ecommerce','setting.is_enabled_order_return','Is enabled order return?','2023-11-15 03:06:19','2023-11-15 03:06:19'),(1919,1,'en','plugins/ecommerce/ecommerce','setting.is_enabled_product_options','Is enabled product options?','2023-11-15 03:06:19','2023-11-15 03:06:19'),(1920,1,'en','plugins/ecommerce/ecommerce','setting.exchange_rate.choose_api_provider','Choose API provider','2023-11-15 03:06:19','2023-11-15 03:06:19'),(1921,1,'en','plugins/ecommerce/ecommerce','setting.exchange_rate.select','-- Select --','2023-11-15 03:06:19','2023-11-15 03:06:19'),(1922,1,'en','plugins/ecommerce/ecommerce','setting.exchange_rate.provider.api_layer','API Layer','2023-11-15 03:06:19','2023-11-15 03:06:19'),(1923,1,'en','plugins/ecommerce/ecommerce','setting.exchange_rate.provider.open_exchange_rate','Open Exchange Rates','2023-11-15 03:06:19','2023-11-15 03:06:19'),(1924,1,'en','plugins/ecommerce/ecommerce','setting.exchange_rate.open_exchange_app_id','Open Exchange Rates App ID','2023-11-15 03:06:19','2023-11-15 03:06:19'),(1925,1,'en','plugins/ecommerce/ecommerce','setting.display_bank_info_at_the_checkout_success_page','Display bank info at the checkout success page?','2023-11-15 03:06:19','2023-11-15 03:06:19'),(1926,1,'en','plugins/ecommerce/ecommerce','setting.mandatory_form_fields_at_checkout','Mandatory fields at the checkout page:','2023-11-15 03:06:19','2023-11-15 03:06:19'),(1927,1,'en','plugins/ecommerce/ecommerce','setting.hide_form_fields_at_checkout','Hide customer fields at checkout page:','2023-11-15 03:06:20','2023-11-15 03:06:20'),(1928,1,'en','plugins/ecommerce/ecommerce','setting.display_tax_fields_at_checkout_page','Display tax information fields at the checkout page?','2023-11-15 03:06:20','2023-11-15 03:06:20'),(1929,1,'en','plugins/ecommerce/ecommerce','setting.enable_filter_products_by_brands','Enable filter products by brands?','2023-11-15 03:06:20','2023-11-15 03:06:20'),(1930,1,'en','plugins/ecommerce/ecommerce','setting.enable_filter_products_by_tags','Enable filter products by tags?','2023-11-15 03:06:20','2023-11-15 03:06:20'),(1931,1,'en','plugins/ecommerce/ecommerce','setting.enable_filter_products_by_attributes','Enable filter products by attributes?','2023-11-15 03:06:20','2023-11-15 03:06:20'),(1932,1,'en','plugins/ecommerce/ecommerce','setting.use_city_field_as_field_text','Use city field as a free text field?','2023-11-15 03:06:20','2023-11-15 03:06:20'),(1933,1,'en','plugins/ecommerce/ecommerce','setting.auto_generate_product_sku','Auto generate SKU when creating product?','2023-11-15 03:06:20','2023-11-15 03:06:20'),(1934,1,'en','plugins/ecommerce/ecommerce','setting.product_sku_format','SKU format','2023-11-15 03:06:20','2023-11-15 03:06:20'),(1935,1,'en','plugins/ecommerce/ecommerce','setting.product_sku_format_helper','You can use %s (1 string character) or %d (1 digit) in the format to generate random string. Ex: SKU-%s%s%s-HN-%d%d%d','2023-11-15 03:06:20','2023-11-15 03:06:20'),(1936,1,'en','plugins/ecommerce/ecommerce','store_address','Store address','2023-11-15 03:06:20','2023-11-15 03:06:20'),(1937,1,'en','plugins/ecommerce/ecommerce','store_phone','Store phone','2023-11-15 03:06:20','2023-11-15 03:06:20'),(1938,1,'en','plugins/ecommerce/ecommerce','order_id','Order ID','2023-11-15 03:06:20','2023-11-15 03:06:20'),(1939,1,'en','plugins/ecommerce/ecommerce','order_token','Order token','2023-11-15 03:06:20','2023-11-15 03:06:20'),(1940,1,'en','plugins/ecommerce/ecommerce','customer_name','Customer name','2023-11-15 03:06:20','2023-11-15 03:06:20'),(1941,1,'en','plugins/ecommerce/ecommerce','customer_email','Customer email','2023-11-15 03:06:20','2023-11-15 03:06:20'),(1942,1,'en','plugins/ecommerce/ecommerce','customer_phone','Customer phone','2023-11-15 03:06:20','2023-11-15 03:06:20'),(1943,1,'en','plugins/ecommerce/ecommerce','customer_address','Customer address','2023-11-15 03:06:20','2023-11-15 03:06:20'),(1944,1,'en','plugins/ecommerce/ecommerce','product_list','List products in order','2023-11-15 03:06:20','2023-11-15 03:06:20'),(1945,1,'en','plugins/ecommerce/ecommerce','order_note','Order note','2023-11-15 03:06:20','2023-11-15 03:06:20'),(1946,1,'en','plugins/ecommerce/ecommerce','payment_detail','Payment detail','2023-11-15 03:06:20','2023-11-15 03:06:20'),(1947,1,'en','plugins/ecommerce/ecommerce','shipping_method','Shipping method','2023-11-15 03:06:20','2023-11-15 03:06:20'),(1948,1,'en','plugins/ecommerce/ecommerce','payment_method','Payment method','2023-11-15 03:06:20','2023-11-15 03:06:20'),(1949,1,'en','plugins/ecommerce/ecommerce','standard_and_format','Standard & Format','2023-11-15 03:06:20','2023-11-15 03:06:20'),(1950,1,'en','plugins/ecommerce/ecommerce','standard_and_format_description','Standards and formats are used to calculate things like product prices, shipping weights, and order times.','2023-11-15 03:06:20','2023-11-15 03:06:20'),(1951,1,'en','plugins/ecommerce/ecommerce','change_order_format','Edit order code format (optional)','2023-11-15 03:06:20','2023-11-15 03:06:20'),(1952,1,'en','plugins/ecommerce/ecommerce','change_order_format_description','The default order code starts at: number. You can change the start or end string to create the order code you want, for example \"DH-: number\" or \": number-A\"','2023-11-15 03:06:20','2023-11-15 03:06:20'),(1953,1,'en','plugins/ecommerce/ecommerce','start_with','Start with','2023-11-15 03:06:20','2023-11-15 03:06:20'),(1954,1,'en','plugins/ecommerce/ecommerce','end_with','End with','2023-11-15 03:06:20','2023-11-15 03:06:20'),(1955,1,'en','plugins/ecommerce/ecommerce','order_will_be_shown','Your order code will be shown','2023-11-15 03:06:20','2023-11-15 03:06:20'),(1956,1,'en','plugins/ecommerce/ecommerce','weight_unit','Unit of weight','2023-11-15 03:06:20','2023-11-15 03:06:20'),(1957,1,'en','plugins/ecommerce/ecommerce','height_unit','Unit length / height','2023-11-15 03:06:20','2023-11-15 03:06:20'),(1958,1,'en','plugins/ecommerce/ecommerce','theme_options.name','Ecommerce','2023-11-15 03:06:20','2023-11-15 03:06:20'),(1959,1,'en','plugins/ecommerce/ecommerce','theme_options.description','Theme options for Ecommerce','2023-11-15 03:06:20','2023-11-15 03:06:20'),(1960,1,'en','plugins/ecommerce/ecommerce','theme_options.number_products_per_page','Number of products per page','2023-11-15 03:06:20','2023-11-15 03:06:20'),(1961,1,'en','plugins/ecommerce/ecommerce','theme_options.number_of_cross_sale_product','Number of cross sale products in product detail page','2023-11-15 03:06:20','2023-11-15 03:06:20'),(1962,1,'en','plugins/ecommerce/ecommerce','theme_options.max_price_filter','Maximum price to filter','2023-11-15 03:06:20','2023-11-15 03:06:20'),(1963,1,'en','plugins/ecommerce/ecommerce','theme_options.logo_in_the_checkout_page','Logo in the checkout page (Default is the main logo)','2023-11-15 03:06:20','2023-11-15 03:06:20'),(1964,1,'en','plugins/ecommerce/ecommerce','basic_settings','Basic settings','2023-11-15 03:06:20','2023-11-15 03:06:20'),(1965,1,'en','plugins/ecommerce/ecommerce','advanced_settings','Advanced settings','2023-11-15 03:06:20','2023-11-15 03:06:20'),(1966,1,'en','plugins/ecommerce/ecommerce','product_review_list','Product review list','2023-11-15 03:06:20','2023-11-15 03:06:20'),(1967,1,'en','plugins/ecommerce/ecommerce','forms.duplicate','Duplicate','2023-11-15 03:06:20','2023-11-15 03:06:20'),(1968,1,'en','plugins/ecommerce/ecommerce','forms.duplicate_success_message','Duplicate product successfully!','2023-11-15 03:06:20','2023-11-15 03:06:20'),(1969,1,'en','plugins/ecommerce/ecommerce','duplicate_modal','Duplicate product','2023-11-15 03:06:20','2023-11-15 03:06:20'),(1970,1,'en','plugins/ecommerce/ecommerce','duplicate_modal_description','Are you sure you want to duplicate this product?','2023-11-15 03:06:20','2023-11-15 03:06:20'),(1971,1,'en','plugins/ecommerce/email','customer_new_order_title','Order confirmation','2023-11-15 03:06:20','2023-11-15 03:06:20'),(1972,1,'en','plugins/ecommerce/email','customer_new_order_description','Send email confirmation to customer when an order placed','2023-11-15 03:06:20','2023-11-15 03:06:20'),(1973,1,'en','plugins/ecommerce/email','order_cancellation_title','Order cancellation','2023-11-15 03:06:20','2023-11-15 03:06:20'),(1974,1,'en','plugins/ecommerce/email','order_cancellation_description','Send to custom when they cancelled order','2023-11-15 03:06:20','2023-11-15 03:06:20'),(1975,1,'en','plugins/ecommerce/email','delivery_confirmation_title','Delivering confirmation','2023-11-15 03:06:20','2023-11-15 03:06:20'),(1976,1,'en','plugins/ecommerce/email','delivery_confirmation_description','Send to customer when order is delivering','2023-11-15 03:06:20','2023-11-15 03:06:20'),(1977,1,'en','plugins/ecommerce/email','order_delivered_title','Order delivered','2023-11-15 03:06:20','2023-11-15 03:06:20'),(1978,1,'en','plugins/ecommerce/email','order_delivered_description','Send to customer when order is delivered','2023-11-15 03:06:20','2023-11-15 03:06:20'),(1979,1,'en','plugins/ecommerce/email','admin_new_order_title','Notice about new order','2023-11-15 03:06:20','2023-11-15 03:06:20'),(1980,1,'en','plugins/ecommerce/email','admin_new_order_description','Send to administrators when an order placed','2023-11-15 03:06:20','2023-11-15 03:06:20'),(1981,1,'en','plugins/ecommerce/email','order_confirmation_title','Order confirmation','2023-11-15 03:06:20','2023-11-15 03:06:20'),(1982,1,'en','plugins/ecommerce/email','order_confirmation_description','Send to customer when they order was confirmed by admins','2023-11-15 03:06:20','2023-11-15 03:06:20'),(1983,1,'en','plugins/ecommerce/email','payment_confirmation_title','Payment confirmation','2023-11-15 03:06:20','2023-11-15 03:06:20'),(1984,1,'en','plugins/ecommerce/email','payment_confirmation_description','Send to customer when their payment was confirmed','2023-11-15 03:06:20','2023-11-15 03:06:20'),(1985,1,'en','plugins/ecommerce/email','order_recover_title','Incomplete order','2023-11-15 03:06:20','2023-11-15 03:06:20'),(1986,1,'en','plugins/ecommerce/email','order_recover_description','Send to custom to remind them about incomplete orders','2023-11-15 03:06:20','2023-11-15 03:06:20'),(1987,1,'en','plugins/ecommerce/email','view_order','View order','2023-11-15 03:06:20','2023-11-15 03:06:20'),(1988,1,'en','plugins/ecommerce/email','link_go_to_our_shop','or <a href=\":link\">Go to our shop</a>','2023-11-15 03:06:20','2023-11-15 03:06:20'),(1989,1,'en','plugins/ecommerce/email','order_number','Order number: <strong>:order_id</strong>','2023-11-15 03:06:20','2023-11-15 03:06:20'),(1990,1,'en','plugins/ecommerce/email','order_information','Order information:','2023-11-15 03:06:20','2023-11-15 03:06:20'),(1991,1,'en','plugins/ecommerce/email','order_return_request_title','Order return request','2023-11-15 03:06:20','2023-11-15 03:06:20'),(1992,1,'en','plugins/ecommerce/email','order_return_request_description','Send to customer when they return order','2023-11-15 03:06:20','2023-11-15 03:06:20'),(1993,1,'en','plugins/ecommerce/export','products.name','Export products','2023-11-15 03:06:20','2023-11-15 03:06:20'),(1994,1,'en','plugins/ecommerce/export','products.title','Export Products (CSV)','2023-11-15 03:06:20','2023-11-15 03:06:20'),(1995,1,'en','plugins/ecommerce/export','products.total_products','Total products','2023-11-15 03:06:20','2023-11-15 03:06:20'),(1996,1,'en','plugins/ecommerce/export','products.total_variations','Total variations','2023-11-15 03:06:20','2023-11-15 03:06:20'),(1997,1,'en','plugins/ecommerce/export','start_export','Start export','2023-11-15 03:06:20','2023-11-15 03:06:20'),(1998,1,'en','plugins/ecommerce/export','exporting','Exporting...','2023-11-15 03:06:20','2023-11-15 03:06:20'),(1999,1,'en','plugins/ecommerce/export','export','Export','2023-11-15 03:06:20','2023-11-15 03:06:20'),(2000,1,'en','plugins/ecommerce/flash-sale','name','Flash sales','2023-11-15 03:06:20','2023-11-15 03:06:20'),(2001,1,'en','plugins/ecommerce/flash-sale','create','New flash sale','2023-11-15 03:06:20','2023-11-15 03:06:20'),(2002,1,'en','plugins/ecommerce/flash-sale','edit','Edit flash sale','2023-11-15 03:06:20','2023-11-15 03:06:20'),(2003,1,'en','plugins/ecommerce/flash-sale','products','Products','2023-11-15 03:06:20','2023-11-15 03:06:20'),(2004,1,'en','plugins/ecommerce/invoice-template','name','Invoice template','2023-11-15 03:06:21','2023-11-15 03:06:21'),(2005,1,'en','plugins/ecommerce/invoice-template','setting','Invoice Settings','2023-11-15 03:06:21','2023-11-15 03:06:21'),(2006,1,'en','plugins/ecommerce/invoice-template','setting_description','Settings for Invoice template','2023-11-15 03:06:21','2023-11-15 03:06:21'),(2007,1,'en','plugins/ecommerce/invoice-template','setting_content','Content','2023-11-15 03:06:21','2023-11-15 03:06:21'),(2008,1,'en','plugins/ecommerce/invoice-template','preview','Preview','2023-11-15 03:06:21','2023-11-15 03:06:21'),(2009,1,'en','plugins/ecommerce/invoice-template','preview_heading','Preview Invoice template','2023-11-15 03:06:21','2023-11-15 03:06:21'),(2010,1,'en','plugins/ecommerce/invoice','name','Invoices','2023-11-15 03:06:21','2023-11-15 03:06:21'),(2011,1,'en','plugins/ecommerce/invoice','create','New invoice','2023-11-15 03:06:21','2023-11-15 03:06:21'),(2012,1,'en','plugins/ecommerce/invoice','edit','Edit invoice','2023-11-15 03:06:21','2023-11-15 03:06:21'),(2013,1,'en','plugins/ecommerce/invoice','print','Print Invoice','2023-11-15 03:06:21','2023-11-15 03:06:21'),(2014,1,'en','plugins/ecommerce/invoice','download','Download Invoice','2023-11-15 03:06:21','2023-11-15 03:06:21'),(2015,1,'en','plugins/ecommerce/invoice','heading','Invoice','2023-11-15 03:06:21','2023-11-15 03:06:21'),(2016,1,'en','plugins/ecommerce/invoice','invoice_for_job','','2023-11-15 03:06:21','2023-11-15 03:06:21'),(2017,1,'en','plugins/ecommerce/invoice','table.code','Code','2023-11-15 03:06:21','2023-11-15 03:06:21'),(2018,1,'en','plugins/ecommerce/invoice','table.amount','Amount','2023-11-15 03:06:21','2023-11-15 03:06:21'),(2019,1,'en','plugins/ecommerce/invoice','detail.invoice_for','Invoice For','2023-11-15 03:06:21','2023-11-15 03:06:21'),(2020,1,'en','plugins/ecommerce/invoice','detail.invoice_to','Invoice To','2023-11-15 03:06:21','2023-11-15 03:06:21'),(2021,1,'en','plugins/ecommerce/invoice','detail.tax_id','Tax ID','2023-11-15 03:06:21','2023-11-15 03:06:21'),(2022,1,'en','plugins/ecommerce/invoice','detail.code','Invoice Code','2023-11-15 03:06:21','2023-11-15 03:06:21'),(2023,1,'en','plugins/ecommerce/invoice','detail.issue_at','Issue At','2023-11-15 03:06:21','2023-11-15 03:06:21'),(2024,1,'en','plugins/ecommerce/invoice','detail.description','Description','2023-11-15 03:06:21','2023-11-15 03:06:21'),(2025,1,'en','plugins/ecommerce/invoice','detail.qty','Qty','2023-11-15 03:06:21','2023-11-15 03:06:21'),(2026,1,'en','plugins/ecommerce/invoice','detail.quantity','Quantity','2023-11-15 03:06:21','2023-11-15 03:06:21'),(2027,1,'en','plugins/ecommerce/invoice','detail.amount','Amount','2023-11-15 03:06:21','2023-11-15 03:06:21'),(2028,1,'en','plugins/ecommerce/invoice','detail.discount','Discount','2023-11-15 03:06:21','2023-11-15 03:06:21'),(2029,1,'en','plugins/ecommerce/invoice','detail.grand_total','Grand Total','2023-11-15 03:06:21','2023-11-15 03:06:21'),(2030,1,'en','plugins/ecommerce/invoice','detail.shipping_fee','Shipping Fee','2023-11-15 03:06:21','2023-11-15 03:06:21'),(2031,1,'en','plugins/ecommerce/invoice','detail.sub_total','Sub Total','2023-11-15 03:06:21','2023-11-15 03:06:21'),(2032,1,'en','plugins/ecommerce/invoice','detail.tax','Tax','2023-11-15 03:06:21','2023-11-15 03:06:21'),(2033,1,'en','plugins/ecommerce/invoice','detail.total','Total','2023-11-15 03:06:21','2023-11-15 03:06:21'),(2034,1,'en','plugins/ecommerce/invoice','detail.attributes','Attributes','2023-11-15 03:06:21','2023-11-15 03:06:21'),(2035,1,'en','plugins/ecommerce/invoice','detail.product_options','Product options','2023-11-15 03:06:21','2023-11-15 03:06:21'),(2036,1,'en','plugins/ecommerce/invoice','detail.license_code','License code','2023-11-15 03:06:21','2023-11-15 03:06:21'),(2037,1,'en','plugins/ecommerce/invoice','total_amount','Total Amount','2023-11-15 03:06:21','2023-11-15 03:06:21'),(2038,1,'en','plugins/ecommerce/invoice','payment_info','Payment Info','2023-11-15 03:06:21','2023-11-15 03:06:21'),(2039,1,'en','plugins/ecommerce/invoice','payment_method','Payment Method','2023-11-15 03:06:21','2023-11-15 03:06:21'),(2040,1,'en','plugins/ecommerce/invoice','payment_status','Payment Status','2023-11-15 03:06:21','2023-11-15 03:06:21'),(2041,1,'en','plugins/ecommerce/invoice','generate_invoices','Generate Invoices','2023-11-15 03:06:21','2023-11-15 03:06:21'),(2042,1,'en','plugins/ecommerce/invoice','generate_success_message','Generated :count invoices successfully','2023-11-15 03:06:21','2023-11-15 03:06:21'),(2043,1,'en','plugins/ecommerce/invoice','generate_invoice','Generate invoice','2023-11-15 03:06:21','2023-11-15 03:06:21'),(2044,1,'en','plugins/ecommerce/invoice','order','Order','2023-11-15 03:06:21','2023-11-15 03:06:21'),(2045,1,'en','plugins/ecommerce/order','statuses.pending','Pending','2023-11-15 03:06:21','2023-11-15 03:06:21'),(2046,1,'en','plugins/ecommerce/order','statuses.processing','Processing','2023-11-15 03:06:21','2023-11-15 03:06:21'),(2047,1,'en','plugins/ecommerce/order','statuses.completed','Completed','2023-11-15 03:06:21','2023-11-15 03:06:21'),(2048,1,'en','plugins/ecommerce/order','statuses.canceled','Canceled','2023-11-15 03:06:21','2023-11-15 03:06:21'),(2049,1,'en','plugins/ecommerce/order','statuses.partial_returned','Partial returned','2023-11-15 03:06:21','2023-11-15 03:06:21'),(2050,1,'en','plugins/ecommerce/order','statuses.returned','Returned','2023-11-15 03:06:21','2023-11-15 03:06:21'),(2051,1,'en','plugins/ecommerce/order','return_statuses.pending','Pending','2023-11-15 03:06:21','2023-11-15 03:06:21'),(2052,1,'en','plugins/ecommerce/order','return_statuses.processing','Processing','2023-11-15 03:06:21','2023-11-15 03:06:21'),(2053,1,'en','plugins/ecommerce/order','return_statuses.completed','Completed','2023-11-15 03:06:21','2023-11-15 03:06:21'),(2054,1,'en','plugins/ecommerce/order','return_statuses.canceled','Canceled','2023-11-15 03:06:21','2023-11-15 03:06:21'),(2055,1,'en','plugins/ecommerce/order','menu','Orders','2023-11-15 03:06:21','2023-11-15 03:06:21'),(2056,1,'en','plugins/ecommerce/order','create','Create an order','2023-11-15 03:06:21','2023-11-15 03:06:21'),(2057,1,'en','plugins/ecommerce/order','cancel_error','The order is delivering or not completed','2023-11-15 03:06:21','2023-11-15 03:06:21'),(2058,1,'en','plugins/ecommerce/order','cancel_success','You do cancel the order successful','2023-11-15 03:06:21','2023-11-15 03:06:21'),(2059,1,'en','plugins/ecommerce/order','return_error','The order is delivering or not completed','2023-11-15 03:06:21','2023-11-15 03:06:21'),(2060,1,'en','plugins/ecommerce/order','return_success','Requested product(s) return successfully!','2023-11-15 03:06:21','2023-11-15 03:06:21'),(2061,1,'en','plugins/ecommerce/order','incomplete_order','Incomplete orders','2023-11-15 03:06:21','2023-11-15 03:06:21'),(2062,1,'en','plugins/ecommerce/order','order_id','Order ID','2023-11-15 03:06:21','2023-11-15 03:06:21'),(2063,1,'en','plugins/ecommerce/order','product_id','Product ID','2023-11-15 03:06:21','2023-11-15 03:06:21'),(2064,1,'en','plugins/ecommerce/order','customer_label','Customer','2023-11-15 03:06:21','2023-11-15 03:06:21'),(2065,1,'en','plugins/ecommerce/order','tax_amount','Tax Amount','2023-11-15 03:06:21','2023-11-15 03:06:21'),(2066,1,'en','plugins/ecommerce/order','shipping_amount','Shipping amount','2023-11-15 03:06:21','2023-11-15 03:06:21'),(2067,1,'en','plugins/ecommerce/order','payment_method','Payment method','2023-11-15 03:06:21','2023-11-15 03:06:21'),(2068,1,'en','plugins/ecommerce/order','payment_status_label','Payment status','2023-11-15 03:06:21','2023-11-15 03:06:21'),(2069,1,'en','plugins/ecommerce/order','manage_orders','Manage orders','2023-11-15 03:06:21','2023-11-15 03:06:21'),(2070,1,'en','plugins/ecommerce/order','order_intro_description','Once your store has orders, this is where you will process and track those orders.','2023-11-15 03:06:21','2023-11-15 03:06:21'),(2071,1,'en','plugins/ecommerce/order','create_new_order','Create a new order','2023-11-15 03:06:21','2023-11-15 03:06:21'),(2072,1,'en','plugins/ecommerce/order','manage_incomplete_orders','Manage incomplete orders','2023-11-15 03:06:21','2023-11-15 03:06:21'),(2073,1,'en','plugins/ecommerce/order','incomplete_orders_intro_description','Incomplete order is an order created when a customer adds a product to the cart, proceeds to fill out the purchase information but does not complete the checkout process.','2023-11-15 03:06:21','2023-11-15 03:06:21'),(2074,1,'en','plugins/ecommerce/order','invoice_for_order','Invoice for order','2023-11-15 03:06:21','2023-11-15 03:06:21'),(2075,1,'en','plugins/ecommerce/order','created','Created','2023-11-15 03:06:21','2023-11-15 03:06:21'),(2076,1,'en','plugins/ecommerce/order','invoice','Invoice','2023-11-15 03:06:21','2023-11-15 03:06:21'),(2077,1,'en','plugins/ecommerce/order','return','Order Return Request','2023-11-15 03:06:21','2023-11-15 03:06:21'),(2078,1,'en','plugins/ecommerce/order','is_return','Return checkbox','2023-11-15 03:06:21','2023-11-15 03:06:21'),(2079,1,'en','plugins/ecommerce/order','total_refund_amount','Total refund amount','2023-11-15 03:06:21','2023-11-15 03:06:21'),(2080,1,'en','plugins/ecommerce/order','total_amount_can_be_refunded','Total amount can be refunded','2023-11-15 03:06:21','2023-11-15 03:06:21'),(2081,1,'en','plugins/ecommerce/order','refund_reason','Refund reason','2023-11-15 03:06:21','2023-11-15 03:06:21'),(2082,1,'en','plugins/ecommerce/order','products','product(s)','2023-11-15 03:06:22','2023-11-15 03:06:22'),(2083,1,'en','plugins/ecommerce/order','default','Default','2023-11-15 03:06:22','2023-11-15 03:06:22'),(2084,1,'en','plugins/ecommerce/order','system','System','2023-11-15 03:06:22','2023-11-15 03:06:22'),(2085,1,'en','plugins/ecommerce/order','new_order_from','New order :order_id from :customer','2023-11-15 03:06:22','2023-11-15 03:06:22'),(2086,1,'en','plugins/ecommerce/order','confirmation_email_was_sent_to_customer','The email confirmation was sent to customer','2023-11-15 03:06:22','2023-11-15 03:06:22'),(2087,1,'en','plugins/ecommerce/order','create_order_from_payment_page','Order was created from checkout page','2023-11-15 03:06:22','2023-11-15 03:06:22'),(2088,1,'en','plugins/ecommerce/order','create_order_from_admin_page','Order was created from admin page','2023-11-15 03:06:22','2023-11-15 03:06:22'),(2089,1,'en','plugins/ecommerce/order','order_was_verified_by','Order was verified by %user_name%','2023-11-15 03:06:22','2023-11-15 03:06:22'),(2090,1,'en','plugins/ecommerce/order','new_order','New order :order_id','2023-11-15 03:06:22','2023-11-15 03:06:22'),(2091,1,'en','plugins/ecommerce/order','payment_was_confirmed_by','Payment was confirmed (amount :money) by %user_name%','2023-11-15 03:06:22','2023-11-15 03:06:22'),(2092,1,'en','plugins/ecommerce/order','edit_order','Edit order :code','2023-11-15 03:06:22','2023-11-15 03:06:22'),(2093,1,'en','plugins/ecommerce/order','confirm_order_success','Confirm order successfully!','2023-11-15 03:06:22','2023-11-15 03:06:22'),(2094,1,'en','plugins/ecommerce/order','error_when_sending_email','There is an error when sending email','2023-11-15 03:06:22','2023-11-15 03:06:22'),(2095,1,'en','plugins/ecommerce/order','sent_confirmation_email_success','Sent confirmation email successfully!','2023-11-15 03:06:22','2023-11-15 03:06:22'),(2096,1,'en','plugins/ecommerce/order','order_was_sent_to_shipping_team','Order was sent to shipping team','2023-11-15 03:06:22','2023-11-15 03:06:22'),(2097,1,'en','plugins/ecommerce/order','by_username','by %user_name%','2023-11-15 03:06:22','2023-11-15 03:06:22'),(2098,1,'en','plugins/ecommerce/order','shipping_was_created_from','Shipping was created from order %order_id%','2023-11-15 03:06:22','2023-11-15 03:06:22'),(2099,1,'en','plugins/ecommerce/order','shipping_was_canceled_success','Shipping was cancelled successfully!','2023-11-15 03:06:22','2023-11-15 03:06:22'),(2100,1,'en','plugins/ecommerce/order','shipping_was_canceled_by','Shipping was cancelled by %user_name%','2023-11-15 03:06:22','2023-11-15 03:06:22'),(2101,1,'en','plugins/ecommerce/order','update_shipping_address_success','Update shipping address successfully!','2023-11-15 03:06:22','2023-11-15 03:06:22'),(2102,1,'en','plugins/ecommerce/order','order_was_canceled_by','Order was cancelled by %user_name%','2023-11-15 03:06:22','2023-11-15 03:06:22'),(2103,1,'en','plugins/ecommerce/order','order_was_returned_by','Order was returned by %user_name%','2023-11-15 03:06:22','2023-11-15 03:06:22'),(2104,1,'en','plugins/ecommerce/order','confirm_payment_success','Confirm payment successfully!','2023-11-15 03:06:22','2023-11-15 03:06:22'),(2105,1,'en','plugins/ecommerce/order','refund_amount_invalid','Refund amount must be lower or equal :price','2023-11-15 03:06:22','2023-11-15 03:06:22'),(2106,1,'en','plugins/ecommerce/order','number_of_products_invalid','Number of products refund is not valid!','2023-11-15 03:06:22','2023-11-15 03:06:22'),(2107,1,'en','plugins/ecommerce/order','cannot_found_payment_for_this_order','Cannot found payment for this order!','2023-11-15 03:06:22','2023-11-15 03:06:22'),(2108,1,'en','plugins/ecommerce/order','refund_success_with_price','Refund success :price','2023-11-15 03:06:22','2023-11-15 03:06:22'),(2109,1,'en','plugins/ecommerce/order','refund_success','Refund successfully!','2023-11-15 03:06:22','2023-11-15 03:06:22'),(2110,1,'en','plugins/ecommerce/order','order_is_not_existed','Order is not existed!','2023-11-15 03:06:22','2023-11-15 03:06:22'),(2111,1,'en','plugins/ecommerce/order','reorder','Reorder','2023-11-15 03:06:22','2023-11-15 03:06:22'),(2112,1,'en','plugins/ecommerce/order','sent_email_incomplete_order_success','Sent email to remind about incomplete order successfully!','2023-11-15 03:06:22','2023-11-15 03:06:22'),(2113,1,'en','plugins/ecommerce/order','applied_coupon_success','Applied coupon \":code\" successfully!','2023-11-15 03:06:22','2023-11-15 03:06:22'),(2114,1,'en','plugins/ecommerce/order','new_order_notice','You have <span class=\"bold\">:count</span> New Order(s)','2023-11-15 03:06:22','2023-11-15 03:06:22'),(2115,1,'en','plugins/ecommerce/order','view_all','View all','2023-11-15 03:06:22','2023-11-15 03:06:22'),(2116,1,'en','plugins/ecommerce/order','cancel_order','Cancel order','2023-11-15 03:06:22','2023-11-15 03:06:22'),(2117,1,'en','plugins/ecommerce/order','order_canceled','Order canceled','2023-11-15 03:06:22','2023-11-15 03:06:22'),(2118,1,'en','plugins/ecommerce/order','order_was_canceled_at','Order was canceled at','2023-11-15 03:06:22','2023-11-15 03:06:22'),(2119,1,'en','plugins/ecommerce/order','return_order','Return order','2023-11-15 03:06:22','2023-11-15 03:06:22'),(2120,1,'en','plugins/ecommerce/order','order_returned','Order returned','2023-11-15 03:06:22','2023-11-15 03:06:22'),(2121,1,'en','plugins/ecommerce/order','order_was_returned_at','Order was returned at','2023-11-15 03:06:22','2023-11-15 03:06:22'),(2122,1,'en','plugins/ecommerce/order','completed','Completed','2023-11-15 03:06:22','2023-11-15 03:06:22'),(2123,1,'en','plugins/ecommerce/order','uncompleted','Uncompleted','2023-11-15 03:06:22','2023-11-15 03:06:22'),(2124,1,'en','plugins/ecommerce/order','sku','SKU','2023-11-15 03:06:22','2023-11-15 03:06:22'),(2125,1,'en','plugins/ecommerce/order','warehouse','Warehouse','2023-11-15 03:06:22','2023-11-15 03:06:22'),(2126,1,'en','plugins/ecommerce/order','sub_amount','Sub amount','2023-11-15 03:06:22','2023-11-15 03:06:22'),(2127,1,'en','plugins/ecommerce/order','coupon_code','Coupon code: \":code\"','2023-11-15 03:06:22','2023-11-15 03:06:22'),(2128,1,'en','plugins/ecommerce/order','shipping_fee','Shipping fee','2023-11-15 03:06:22','2023-11-15 03:06:22'),(2129,1,'en','plugins/ecommerce/order','tax','Tax','2023-11-15 03:06:22','2023-11-15 03:06:22'),(2130,1,'en','plugins/ecommerce/order','refunded_amount','Refunded amount','2023-11-15 03:06:22','2023-11-15 03:06:22'),(2131,1,'en','plugins/ecommerce/order','amount_received','The amount actually received','2023-11-15 03:06:22','2023-11-15 03:06:22'),(2132,1,'en','plugins/ecommerce/order','download_invoice','Download invoice','2023-11-15 03:06:22','2023-11-15 03:06:22'),(2133,1,'en','plugins/ecommerce/order','print_invoice','Print invoice','2023-11-15 03:06:22','2023-11-15 03:06:22'),(2134,1,'en','plugins/ecommerce/order','add_note','Add note...','2023-11-15 03:06:22','2023-11-15 03:06:22'),(2135,1,'en','plugins/ecommerce/order','order_was_confirmed','Order was confirmed','2023-11-15 03:06:22','2023-11-15 03:06:22'),(2136,1,'en','plugins/ecommerce/order','confirm_order','Confirm order','2023-11-15 03:06:22','2023-11-15 03:06:22'),(2137,1,'en','plugins/ecommerce/order','confirm','Confirm','2023-11-15 03:06:22','2023-11-15 03:06:22'),(2138,1,'en','plugins/ecommerce/order','order_was_canceled','Order was canceled','2023-11-15 03:06:22','2023-11-15 03:06:22'),(2139,1,'en','plugins/ecommerce/order','order_was_returned','Order was returned','2023-11-15 03:06:22','2023-11-15 03:06:22'),(2140,1,'en','plugins/ecommerce/order','pending_payment','Pending payment','2023-11-15 03:06:22','2023-11-15 03:06:22'),(2141,1,'en','plugins/ecommerce/order','payment_was_accepted','Payment :money was accepted','2023-11-15 03:06:22','2023-11-15 03:06:22'),(2142,1,'en','plugins/ecommerce/order','payment_was_refunded','Payment was refunded','2023-11-15 03:06:22','2023-11-15 03:06:22'),(2143,1,'en','plugins/ecommerce/order','confirm_payment','Confirm payment','2023-11-15 03:06:22','2023-11-15 03:06:22'),(2144,1,'en','plugins/ecommerce/order','refund','Refund','2023-11-15 03:06:22','2023-11-15 03:06:22'),(2145,1,'en','plugins/ecommerce/order','all_products_are_not_delivered','All products are not delivered','2023-11-15 03:06:22','2023-11-15 03:06:22'),(2146,1,'en','plugins/ecommerce/order','delivery','Delivery','2023-11-15 03:06:22','2023-11-15 03:06:22'),(2147,1,'en','plugins/ecommerce/order','history','History','2023-11-15 03:06:22','2023-11-15 03:06:22'),(2148,1,'en','plugins/ecommerce/order','order_number','Order number','2023-11-15 03:06:22','2023-11-15 03:06:22'),(2149,1,'en','plugins/ecommerce/order','from','from','2023-11-15 03:06:22','2023-11-15 03:06:22'),(2150,1,'en','plugins/ecommerce/order','status','Status','2023-11-15 03:06:22','2023-11-15 03:06:22'),(2151,1,'en','plugins/ecommerce/order','successfully','Successfully','2023-11-15 03:06:22','2023-11-15 03:06:22'),(2152,1,'en','plugins/ecommerce/order','transaction_type','Transaction\'s type','2023-11-15 03:06:22','2023-11-15 03:06:22'),(2153,1,'en','plugins/ecommerce/order','staff','Staff','2023-11-15 03:06:22','2023-11-15 03:06:22'),(2154,1,'en','plugins/ecommerce/order','refund_date','Refund date','2023-11-15 03:06:22','2023-11-15 03:06:22'),(2155,1,'en','plugins/ecommerce/order','n_a','N\\A','2023-11-15 03:06:22','2023-11-15 03:06:22'),(2156,1,'en','plugins/ecommerce/order','payment_date','Payment date','2023-11-15 03:06:22','2023-11-15 03:06:22'),(2157,1,'en','plugins/ecommerce/order','payment_gateway','Payment gateway','2023-11-15 03:06:22','2023-11-15 03:06:22'),(2158,1,'en','plugins/ecommerce/order','transaction_amount','Transaction amount','2023-11-15 03:06:22','2023-11-15 03:06:22'),(2159,1,'en','plugins/ecommerce/order','resend','Resend','2023-11-15 03:06:22','2023-11-15 03:06:22'),(2160,1,'en','plugins/ecommerce/order','default_store','Default store','2023-11-15 03:06:22','2023-11-15 03:06:22'),(2161,1,'en','plugins/ecommerce/order','update_address','Update address','2023-11-15 03:06:22','2023-11-15 03:06:22'),(2162,1,'en','plugins/ecommerce/order','have_an_account_already','Have an account already','2023-11-15 03:06:22','2023-11-15 03:06:22'),(2163,1,'en','plugins/ecommerce/order','dont_have_an_account_yet','Don\'t have an account yet','2023-11-15 03:06:22','2023-11-15 03:06:22'),(2164,1,'en','plugins/ecommerce/order','mark_payment_as_confirmed','Mark <span>:method</span> as confirmed','2023-11-15 03:06:23','2023-11-15 03:06:23'),(2165,1,'en','plugins/ecommerce/order','resend_order_confirmation','Resend order confirmation','2023-11-15 03:06:23','2023-11-15 03:06:23'),(2166,1,'en','plugins/ecommerce/order','resend_order_confirmation_description','Confirmation email will be sent to <strong>:email</strong>?','2023-11-15 03:06:23','2023-11-15 03:06:23'),(2167,1,'en','plugins/ecommerce/order','send','Send','2023-11-15 03:06:23','2023-11-15 03:06:23'),(2168,1,'en','plugins/ecommerce/order','update','Update','2023-11-15 03:06:23','2023-11-15 03:06:23'),(2169,1,'en','plugins/ecommerce/order','cancel_shipping_confirmation','Cancel shipping confirmation?','2023-11-15 03:06:23','2023-11-15 03:06:23'),(2170,1,'en','plugins/ecommerce/order','cancel_shipping_confirmation_description','Cancel shipping confirmation?','2023-11-15 03:06:23','2023-11-15 03:06:23'),(2171,1,'en','plugins/ecommerce/order','cancel_order_confirmation','Cancel order confirmation?','2023-11-15 03:06:23','2023-11-15 03:06:23'),(2172,1,'en','plugins/ecommerce/order','cancel_order_confirmation_description','Are you sure you want to cancel this order? This action cannot rollback','2023-11-15 03:06:23','2023-11-15 03:06:23'),(2173,1,'en','plugins/ecommerce/order','return_order_confirmation','Return order confirmation?','2023-11-15 03:06:23','2023-11-15 03:06:23'),(2174,1,'en','plugins/ecommerce/order','return_order_confirmation_description','Are you sure you want to return this order? This action cannot rollback','2023-11-15 03:06:23','2023-11-15 03:06:23'),(2175,1,'en','plugins/ecommerce/order','confirm_payment_confirmation_description','Processed by <strong>:method</strong>. Did you receive payment outside the system? This payment won\'t be saved into system and cannot be refunded','2023-11-15 03:06:23','2023-11-15 03:06:23'),(2176,1,'en','plugins/ecommerce/order','save_note','Save note','2023-11-15 03:06:23','2023-11-15 03:06:23'),(2177,1,'en','plugins/ecommerce/order','order_note','Order note','2023-11-15 03:06:23','2023-11-15 03:06:23'),(2178,1,'en','plugins/ecommerce/order','order_note_placeholder','Note about order, ex: time or shipping instruction.','2023-11-15 03:06:23','2023-11-15 03:06:23'),(2179,1,'en','plugins/ecommerce/order','order_amount','Order amount','2023-11-15 03:06:23','2023-11-15 03:06:23'),(2180,1,'en','plugins/ecommerce/order','additional_information','Additional information','2023-11-15 03:06:23','2023-11-15 03:06:23'),(2181,1,'en','plugins/ecommerce/order','notice_about_incomplete_order','Notice about incomplete order','2023-11-15 03:06:23','2023-11-15 03:06:23'),(2182,1,'en','plugins/ecommerce/order','notice_about_incomplete_order_description','Remind email about uncompleted order will be send to <strong>:email</strong>?','2023-11-15 03:06:23','2023-11-15 03:06:23'),(2183,1,'en','plugins/ecommerce/order','incomplete_order_description_1','An incomplete order is when a potential customer places items in their shopping cart, and goes all the way through to the payment page, but then doesn\'t complete the transaction.','2023-11-15 03:06:23','2023-11-15 03:06:23'),(2184,1,'en','plugins/ecommerce/order','incomplete_order_description_2','If you have contacted customers and they want to continue buying, you can help them complete their order by following the link:','2023-11-15 03:06:23','2023-11-15 03:06:23'),(2185,1,'en','plugins/ecommerce/order','send_an_email_to_recover_this_order','Send an email to customer to recover this order','2023-11-15 03:06:23','2023-11-15 03:06:23'),(2186,1,'en','plugins/ecommerce/order','see_maps','See maps','2023-11-15 03:06:23','2023-11-15 03:06:23'),(2187,1,'en','plugins/ecommerce/order','one_or_more_products_dont_have_enough_quantity','One or more products don\'t have enough quantity!','2023-11-15 03:06:23','2023-11-15 03:06:23'),(2188,1,'en','plugins/ecommerce/order','cannot_send_order_recover_to_mail','The email could not be found so it can\'t send a recovery email to the customer.','2023-11-15 03:06:23','2023-11-15 03:06:23'),(2189,1,'en','plugins/ecommerce/order','payment_info','Payment Info','2023-11-15 03:06:23','2023-11-15 03:06:23'),(2190,1,'en','plugins/ecommerce/order','payment_method_refund_automatic','Your customer will be refunded using :method automatically.','2023-11-15 03:06:23','2023-11-15 03:06:23'),(2191,1,'en','plugins/ecommerce/order','order','Order','2023-11-15 03:06:23','2023-11-15 03:06:23'),(2192,1,'en','plugins/ecommerce/order','order_information','Order information','2023-11-15 03:06:23','2023-11-15 03:06:23'),(2193,1,'en','plugins/ecommerce/order','create_a_new_product','Create a new product','2023-11-15 03:06:23','2023-11-15 03:06:23'),(2194,1,'en','plugins/ecommerce/order','out_of_stock','Out of stock','2023-11-15 03:06:23','2023-11-15 03:06:23'),(2195,1,'en','plugins/ecommerce/order','products_available','product(s) available','2023-11-15 03:06:23','2023-11-15 03:06:23'),(2196,1,'en','plugins/ecommerce/order','no_products_found','No products found!','2023-11-15 03:06:23','2023-11-15 03:06:23'),(2197,1,'en','plugins/ecommerce/order','note','Note','2023-11-15 03:06:23','2023-11-15 03:06:23'),(2198,1,'en','plugins/ecommerce/order','note_for_order','Note for order...','2023-11-15 03:06:23','2023-11-15 03:06:23'),(2199,1,'en','plugins/ecommerce/order','amount','Amount','2023-11-15 03:06:23','2023-11-15 03:06:23'),(2200,1,'en','plugins/ecommerce/order','add_discount','Add discount','2023-11-15 03:06:23','2023-11-15 03:06:23'),(2201,1,'en','plugins/ecommerce/order','discount','Discount','2023-11-15 03:06:23','2023-11-15 03:06:23'),(2202,1,'en','plugins/ecommerce/order','add_shipping_fee','Add shipping fee','2023-11-15 03:06:23','2023-11-15 03:06:23'),(2203,1,'en','plugins/ecommerce/order','shipping','Shipping','2023-11-15 03:06:23','2023-11-15 03:06:23'),(2204,1,'en','plugins/ecommerce/order','total_amount','Total amount','2023-11-15 03:06:23','2023-11-15 03:06:23'),(2205,1,'en','plugins/ecommerce/order','confirm_payment_and_create_order','Confirm payment and create order','2023-11-15 03:06:23','2023-11-15 03:06:23'),(2206,1,'en','plugins/ecommerce/order','paid','Paid','2023-11-15 03:06:23','2023-11-15 03:06:23'),(2207,1,'en','plugins/ecommerce/order','pay_later','Pay later','2023-11-15 03:06:23','2023-11-15 03:06:23'),(2208,1,'en','plugins/ecommerce/order','customer_information','Customer information','2023-11-15 03:06:23','2023-11-15 03:06:23'),(2209,1,'en','plugins/ecommerce/order','create_new_customer','Create new customer','2023-11-15 03:06:23','2023-11-15 03:06:23'),(2210,1,'en','plugins/ecommerce/order','no_customer_found','No customer found!','2023-11-15 03:06:23','2023-11-15 03:06:23'),(2211,1,'en','plugins/ecommerce/order','customer','Customer','2023-11-15 03:06:23','2023-11-15 03:06:23'),(2212,1,'en','plugins/ecommerce/order','orders','order(s)','2023-11-15 03:06:23','2023-11-15 03:06:23'),(2213,1,'en','plugins/ecommerce/order','shipping_address','Shipping Address','2023-11-15 03:06:23','2023-11-15 03:06:23'),(2214,1,'en','plugins/ecommerce/order','shipping_info','Shipping information','2023-11-15 03:06:23','2023-11-15 03:06:23'),(2215,1,'en','plugins/ecommerce/order','billing_address','Billing Address','2023-11-15 03:06:23','2023-11-15 03:06:23'),(2216,1,'en','plugins/ecommerce/order','see_on_maps','See on maps','2023-11-15 03:06:23','2023-11-15 03:06:23'),(2217,1,'en','plugins/ecommerce/order','name','Name','2023-11-15 03:06:23','2023-11-15 03:06:23'),(2218,1,'en','plugins/ecommerce/order','price','Price','2023-11-15 03:06:23','2023-11-15 03:06:23'),(2219,1,'en','plugins/ecommerce/order','product_name','Product name','2023-11-15 03:06:23','2023-11-15 03:06:23'),(2220,1,'en','plugins/ecommerce/order','total','Total','2023-11-15 03:06:23','2023-11-15 03:06:23'),(2221,1,'en','plugins/ecommerce/order','action','Action','2023-11-15 03:06:23','2023-11-15 03:06:23'),(2222,1,'en','plugins/ecommerce/order','add_product','Add product','2023-11-15 03:06:23','2023-11-15 03:06:23'),(2223,1,'en','plugins/ecommerce/order','enter_free_text','Enter free text','2023-11-15 03:06:23','2023-11-15 03:06:23'),(2224,1,'en','plugins/ecommerce/order','promotion_discount_amount','Promotion amount','2023-11-15 03:06:23','2023-11-15 03:06:23'),(2225,1,'en','plugins/ecommerce/order','add','Add','2023-11-15 03:06:23','2023-11-15 03:06:23'),(2226,1,'en','plugins/ecommerce/order','store','Store','2023-11-15 03:06:23','2023-11-15 03:06:23'),(2227,1,'en','plugins/ecommerce/order','please_choose_product_option','Please choose product option','2023-11-15 03:06:23','2023-11-15 03:06:23'),(2228,1,'en','plugins/ecommerce/order','sku_optional','SKU (optional)','2023-11-15 03:06:23','2023-11-15 03:06:23'),(2229,1,'en','plugins/ecommerce/order','with_storehouse_management','With storehouse management?','2023-11-15 03:06:23','2023-11-15 03:06:23'),(2230,1,'en','plugins/ecommerce/order','quantity','Quantity','2023-11-15 03:06:23','2023-11-15 03:06:23'),(2231,1,'en','plugins/ecommerce/order','allow_customer_checkout_when_this_product_out_of_stock','Allow customer checkout when this product out of stock?','2023-11-15 03:06:23','2023-11-15 03:06:23'),(2232,1,'en','plugins/ecommerce/order','address','Address','2023-11-15 03:06:23','2023-11-15 03:06:23'),(2233,1,'en','plugins/ecommerce/order','phone','Phone','2023-11-15 03:06:23','2023-11-15 03:06:23'),(2234,1,'en','plugins/ecommerce/order','country','Country','2023-11-15 03:06:23','2023-11-15 03:06:23'),(2235,1,'en','plugins/ecommerce/order','state','State','2023-11-15 03:06:23','2023-11-15 03:06:23'),(2236,1,'en','plugins/ecommerce/order','city','City','2023-11-15 03:06:23','2023-11-15 03:06:23'),(2237,1,'en','plugins/ecommerce/order','zip_code','Zip code','2023-11-15 03:06:23','2023-11-15 03:06:23'),(2238,1,'en','plugins/ecommerce/order','discount_based_on','Discount based on','2023-11-15 03:06:23','2023-11-15 03:06:23'),(2239,1,'en','plugins/ecommerce/order','or_coupon_code','Or coupon code','2023-11-15 03:06:23','2023-11-15 03:06:23'),(2240,1,'en','plugins/ecommerce/order','description','Description','2023-11-15 03:06:23','2023-11-15 03:06:23'),(2241,1,'en','plugins/ecommerce/order','how_to_select_configured_shipping','How to select configured shipping?','2023-11-15 03:06:23','2023-11-15 03:06:23'),(2242,1,'en','plugins/ecommerce/order','please_add_customer_information_with_the_complete_shipping_address_to_see_the_configured_shipping_rates','Please add customer information with the complete shipping address to see the configured shipping rates','2023-11-15 03:06:23','2023-11-15 03:06:23'),(2243,1,'en','plugins/ecommerce/order','please_products_and_customer_address_to_see_the_shipping_rates','Please add products and customer information with the complete shipping address to see the configured shipping rates','2023-11-15 03:06:23','2023-11-15 03:06:23'),(2244,1,'en','plugins/ecommerce/order','shipping_method_not_found','Shipping method not found','2023-11-15 03:06:24','2023-11-15 03:06:24'),(2245,1,'en','plugins/ecommerce/order','free_shipping','Free shipping','2023-11-15 03:06:24','2023-11-15 03:06:24'),(2246,1,'en','plugins/ecommerce/order','custom','Custom','2023-11-15 03:06:24','2023-11-15 03:06:24'),(2247,1,'en','plugins/ecommerce/order','email','Email','2023-11-15 03:06:24','2023-11-15 03:06:24'),(2248,1,'en','plugins/ecommerce/order','create_order','Create order','2023-11-15 03:06:24','2023-11-15 03:06:24'),(2249,1,'en','plugins/ecommerce/order','close','Close','2023-11-15 03:06:24','2023-11-15 03:06:24'),(2250,1,'en','plugins/ecommerce/order','confirm_payment_is_paid_for_this_order','Confirm payment is paid for this order','2023-11-15 03:06:24','2023-11-15 03:06:24'),(2251,1,'en','plugins/ecommerce/order','payment_status_of_the_order_is_paid_once_the_order_has_been_created_you_cannot_change_the_payment_method_or_status','Payment status of the order is Paid. Once the order has been created, you cannot change the payment method or status','2023-11-15 03:06:24','2023-11-15 03:06:24'),(2252,1,'en','plugins/ecommerce/order','select_payment_method','Select payment method','2023-11-15 03:06:24','2023-11-15 03:06:24'),(2253,1,'en','plugins/ecommerce/order','cash_on_delivery_cod','Cash on delivery (COD)','2023-11-15 03:06:24','2023-11-15 03:06:24'),(2254,1,'en','plugins/ecommerce/order','bank_transfer','Bank transfer','2023-11-15 03:06:24','2023-11-15 03:06:24'),(2255,1,'en','plugins/ecommerce/order','paid_amount','Paid amount','2023-11-15 03:06:24','2023-11-15 03:06:24'),(2256,1,'en','plugins/ecommerce/order','confirm_that_payment_for_this_order_will_be_paid_later','Confirm that payment for this order will be paid later','2023-11-15 03:06:24','2023-11-15 03:06:24'),(2257,1,'en','plugins/ecommerce/order','payment_status_of_the_order_is_pending_once_the_order_has_been_created_you_cannot_change_the_payment_method_or_status','Payment status of the order is Pending. Once the order has been created, you cannot change the payment method or status','2023-11-15 03:06:24','2023-11-15 03:06:24'),(2258,1,'en','plugins/ecommerce/order','pending_amount','Pending amount','2023-11-15 03:06:24','2023-11-15 03:06:24'),(2259,1,'en','plugins/ecommerce/order','update_email','Update email','2023-11-15 03:06:24','2023-11-15 03:06:24'),(2260,1,'en','plugins/ecommerce/order','save','Save','2023-11-15 03:06:24','2023-11-15 03:06:24'),(2261,1,'en','plugins/ecommerce/order','cancel','Cancel','2023-11-15 03:06:24','2023-11-15 03:06:24'),(2262,1,'en','plugins/ecommerce/order','create_a_new_order','Create a new order','2023-11-15 03:06:24','2023-11-15 03:06:24'),(2263,1,'en','plugins/ecommerce/order','search_or_create_new_product','Search or create a new product','2023-11-15 03:06:24','2023-11-15 03:06:24'),(2264,1,'en','plugins/ecommerce/order','search_or_create_new_customer','Search or create a new customer','2023-11-15 03:06:24','2023-11-15 03:06:24'),(2265,1,'en','plugins/ecommerce/order','discount_description','Discount description','2023-11-15 03:06:24','2023-11-15 03:06:24'),(2266,1,'en','plugins/ecommerce/order','cant_select_out_of_stock_product','Cannot select out of stock product!','2023-11-15 03:06:24','2023-11-15 03:06:24'),(2267,1,'en','plugins/ecommerce/order','referral','Referral','2023-11-15 03:06:24','2023-11-15 03:06:24'),(2268,1,'en','plugins/ecommerce/order','return_order_unique','Same :attribute already exists in a previous return request.','2023-11-15 03:06:24','2023-11-15 03:06:24'),(2269,1,'en','plugins/ecommerce/order','total_return_amount','Total return amount','2023-11-15 03:06:24','2023-11-15 03:06:24'),(2270,1,'en','plugins/ecommerce/order','change_return_order_status','Change return order status','2023-11-15 03:06:24','2023-11-15 03:06:24'),(2271,1,'en','plugins/ecommerce/order','return_reason','Return reason','2023-11-15 03:06:24','2023-11-15 03:06:24'),(2272,1,'en','plugins/ecommerce/order','referral_data.ip','IP','2023-11-15 03:06:24','2023-11-15 03:06:24'),(2273,1,'en','plugins/ecommerce/order','referral_data.landing_domain','Landing domain','2023-11-15 03:06:24','2023-11-15 03:06:24'),(2274,1,'en','plugins/ecommerce/order','referral_data.landing_page','Landing page','2023-11-15 03:06:24','2023-11-15 03:06:24'),(2275,1,'en','plugins/ecommerce/order','referral_data.landing_params','Landing params','2023-11-15 03:06:24','2023-11-15 03:06:24'),(2276,1,'en','plugins/ecommerce/order','referral_data.gclid','Gclid','2023-11-15 03:06:24','2023-11-15 03:06:24'),(2277,1,'en','plugins/ecommerce/order','referral_data.fclid','Fclid','2023-11-15 03:06:24','2023-11-15 03:06:24'),(2278,1,'en','plugins/ecommerce/order','referral_data.utm_source','UTM source','2023-11-15 03:06:24','2023-11-15 03:06:24'),(2279,1,'en','plugins/ecommerce/order','referral_data.utm_campaign','UTM campaign','2023-11-15 03:06:24','2023-11-15 03:06:24'),(2280,1,'en','plugins/ecommerce/order','referral_data.utm_medium','UTM medium','2023-11-15 03:06:24','2023-11-15 03:06:24'),(2281,1,'en','plugins/ecommerce/order','referral_data.utm_term','UTM term','2023-11-15 03:06:24','2023-11-15 03:06:24'),(2282,1,'en','plugins/ecommerce/order','referral_data.utm_content','UTM content','2023-11-15 03:06:24','2023-11-15 03:06:24'),(2283,1,'en','plugins/ecommerce/order','referral_data.referral','Referral','2023-11-15 03:06:24','2023-11-15 03:06:24'),(2284,1,'en','plugins/ecommerce/order','referral_data.referrer_url','Referral URL','2023-11-15 03:06:24','2023-11-15 03:06:24'),(2285,1,'en','plugins/ecommerce/order','referral_data.referrer_domain','Referral domain','2023-11-15 03:06:24','2023-11-15 03:06:24'),(2286,1,'en','plugins/ecommerce/order','order_address_types.shipping_address','Shipping address','2023-11-15 03:06:24','2023-11-15 03:06:24'),(2287,1,'en','plugins/ecommerce/order','order_address_types.billing_address','Billing address','2023-11-15 03:06:24','2023-11-15 03:06:24'),(2288,1,'en','plugins/ecommerce/order','order_return_reasons.damaged','Damaged product','2023-11-15 03:06:24','2023-11-15 03:06:24'),(2289,1,'en','plugins/ecommerce/order','order_return_reasons.defective','Defective','2023-11-15 03:06:24','2023-11-15 03:06:24'),(2290,1,'en','plugins/ecommerce/order','order_return_reasons.incorrect_item','Incorrect item','2023-11-15 03:06:24','2023-11-15 03:06:24'),(2291,1,'en','plugins/ecommerce/order','order_return_reasons.arrived_late','Arrived late','2023-11-15 03:06:24','2023-11-15 03:06:24'),(2292,1,'en','plugins/ecommerce/order','order_return_reasons.not_as_described','Not as described','2023-11-15 03:06:24','2023-11-15 03:06:24'),(2293,1,'en','plugins/ecommerce/order','order_return_reasons.no_longer_want','No longer want','2023-11-15 03:06:24','2023-11-15 03:06:24'),(2294,1,'en','plugins/ecommerce/order','order_return_reasons.other','Other','2023-11-15 03:06:24','2023-11-15 03:06:24'),(2295,1,'en','plugins/ecommerce/order','order_return_reason','Return reason','2023-11-15 03:06:24','2023-11-15 03:06:24'),(2296,1,'en','plugins/ecommerce/order','notices.update_return_order_status_error','Cannot update return order status! Maybe the return order status is not valid.','2023-11-15 03:06:24','2023-11-15 03:06:24'),(2297,1,'en','plugins/ecommerce/order','notices.update_return_order_status_success','Update return order status successfully!','2023-11-15 03:06:24','2023-11-15 03:06:24'),(2298,1,'en','plugins/ecommerce/order','order_return','Order returns','2023-11-15 03:06:24','2023-11-15 03:06:24'),(2299,1,'en','plugins/ecommerce/order','edit_order_return','Edit order return :code','2023-11-15 03:06:24','2023-11-15 03:06:24'),(2300,1,'en','plugins/ecommerce/order','order_return_items_count','Product item(s)','2023-11-15 03:06:24','2023-11-15 03:06:24'),(2301,1,'en','plugins/ecommerce/order','new_order_notifications.new_order','New order','2023-11-15 03:06:24','2023-11-15 03:06:24'),(2302,1,'en','plugins/ecommerce/order','new_order_notifications.view','View','2023-11-15 03:06:24','2023-11-15 03:06:24'),(2303,1,'en','plugins/ecommerce/order','new_order_notifications.description',':customer ordered :quantity :product','2023-11-15 03:06:24','2023-11-15 03:06:24'),(2304,1,'en','plugins/ecommerce/order','confirm_payment_notifications.confirm_payment','Confirm payment','2023-11-15 03:06:24','2023-11-15 03:06:24'),(2305,1,'en','plugins/ecommerce/order','confirm_payment_notifications.description','Order :order Payment was confirmed (amount :amount) by :by','2023-11-15 03:06:24','2023-11-15 03:06:24'),(2306,1,'en','plugins/ecommerce/order','update_shipping_status_notifications.update_shipping_status','Update shipping status','2023-11-15 03:06:24','2023-11-15 03:06:24'),(2307,1,'en','plugins/ecommerce/order','update_shipping_status_notifications.description','Order :order had changed shipping status :description','2023-11-15 03:06:24','2023-11-15 03:06:24'),(2308,1,'en','plugins/ecommerce/order','cancel_order_notifications.cancel_order','Cancel order','2023-11-15 03:06:24','2023-11-15 03:06:24'),(2309,1,'en','plugins/ecommerce/order','cancel_order_notifications.description','Order :order was cancelled by custom :customer','2023-11-15 03:06:24','2023-11-15 03:06:24'),(2310,1,'en','plugins/ecommerce/order','return_order_notifications.return_order','Return order','2023-11-15 03:06:24','2023-11-15 03:06:24'),(2311,1,'en','plugins/ecommerce/order','return_order_notifications.description',':customer has requested return product(s)','2023-11-15 03:06:24','2023-11-15 03:06:24'),(2312,1,'en','plugins/ecommerce/order','order_completed_notifications.order_completed','Order Completed','2023-11-15 03:06:24','2023-11-15 03:06:24'),(2313,1,'en','plugins/ecommerce/order','order_completed_notifications.description','Order :order has been completed','2023-11-15 03:06:24','2023-11-15 03:06:24'),(2314,1,'en','plugins/ecommerce/order','tax_info.name','Tax Information','2023-11-15 03:06:24','2023-11-15 03:06:24'),(2315,1,'en','plugins/ecommerce/order','tax_info.update','Update tax information','2023-11-15 03:06:24','2023-11-15 03:06:24'),(2316,1,'en','plugins/ecommerce/order','tax_info.update_success','Update tax information successfully!','2023-11-15 03:06:24','2023-11-15 03:06:24'),(2317,1,'en','plugins/ecommerce/order','tax_info.company_name','Company name','2023-11-15 03:06:24','2023-11-15 03:06:24'),(2318,1,'en','plugins/ecommerce/order','tax_info.company_address','Company address','2023-11-15 03:06:24','2023-11-15 03:06:24'),(2319,1,'en','plugins/ecommerce/order','tax_info.company_tax_code','Company tax code','2023-11-15 03:06:24','2023-11-15 03:06:24'),(2320,1,'en','plugins/ecommerce/order','tax_info.company_email','Company email','2023-11-15 03:06:24','2023-11-15 03:06:24'),(2321,1,'en','plugins/ecommerce/order','mark_as_completed.name','Mark as completed','2023-11-15 03:06:24','2023-11-15 03:06:24'),(2322,1,'en','plugins/ecommerce/order','mark_as_completed.modal_title','Mark order as completed','2023-11-15 03:06:24','2023-11-15 03:06:24'),(2323,1,'en','plugins/ecommerce/order','mark_as_completed.modal_description','Are you sure you want to mark this order as completed? This will change the order status to completed and cannot be undone.','2023-11-15 03:06:24','2023-11-15 03:06:24'),(2324,1,'en','plugins/ecommerce/order','mark_as_completed.success','Mark order as completed successfully!','2023-11-15 03:06:24','2023-11-15 03:06:24'),(2325,1,'en','plugins/ecommerce/order','mark_as_completed.history','Order is marked as completed by :admin at :time','2023-11-15 03:06:25','2023-11-15 03:06:25'),(2326,1,'en','plugins/ecommerce/order','generate_invoice','Generate invoice','2023-11-15 03:06:25','2023-11-15 03:06:25'),(2327,1,'en','plugins/ecommerce/order','generated_invoice_successfully','Generated invoice successfully!','2023-11-15 03:06:25','2023-11-15 03:06:25'),(2328,1,'en','plugins/ecommerce/order','required_customer','Please select or create a customer first!','2023-11-15 03:06:25','2023-11-15 03:06:25'),(2329,1,'en','plugins/ecommerce/order','customer_not_exists','This customer is not existing!','2023-11-15 03:06:25','2023-11-15 03:06:25'),(2330,1,'en','plugins/ecommerce/payment','name','Payments','2023-11-15 03:06:25','2023-11-15 03:06:25'),(2331,1,'en','plugins/ecommerce/payment','payment_method','Payment methods','2023-11-15 03:06:25','2023-11-15 03:06:25'),(2332,1,'en','plugins/ecommerce/payment','view_payment','View payment #','2023-11-15 03:06:25','2023-11-15 03:06:25'),(2333,1,'en','plugins/ecommerce/payment','charge_id','Charge ID','2023-11-15 03:06:25','2023-11-15 03:06:25'),(2334,1,'en','plugins/ecommerce/payment','amount','Amount','2023-11-15 03:06:25','2023-11-15 03:06:25'),(2335,1,'en','plugins/ecommerce/payment','currency','Currency','2023-11-15 03:06:25','2023-11-15 03:06:25'),(2336,1,'en','plugins/ecommerce/payment','user','User','2023-11-15 03:06:25','2023-11-15 03:06:25'),(2337,1,'en','plugins/ecommerce/payment','paypal_name_required','PayPal\'s name is required!','2023-11-15 03:06:25','2023-11-15 03:06:25'),(2338,1,'en','plugins/ecommerce/payment','paypal_name_max','PayPal\'s name is too long!','2023-11-15 03:06:25','2023-11-15 03:06:25'),(2339,1,'en','plugins/ecommerce/payment','status','Status','2023-11-15 03:06:25','2023-11-15 03:06:25'),(2340,1,'en','plugins/ecommerce/payment','enabled','Enabled','2023-11-15 03:06:25','2023-11-15 03:06:25'),(2341,1,'en','plugins/ecommerce/payment','disabled','Disabled','2023-11-15 03:06:25','2023-11-15 03:06:25'),(2342,1,'en','plugins/ecommerce/payment','client_id','Client ID','2023-11-15 03:06:25','2023-11-15 03:06:25'),(2343,1,'en','plugins/ecommerce/payment','client_secret','Client Secret','2023-11-15 03:06:25','2023-11-15 03:06:25'),(2344,1,'en','plugins/ecommerce/payment','mode','Mode','2023-11-15 03:06:25','2023-11-15 03:06:25'),(2345,1,'en','plugins/ecommerce/payment','sandbox','Sandbox','2023-11-15 03:06:25','2023-11-15 03:06:25'),(2346,1,'en','plugins/ecommerce/payment','live','Live','2023-11-15 03:06:25','2023-11-15 03:06:25'),(2347,1,'en','plugins/ecommerce/payment','enable_payment_log','Enable Payment Log','2023-11-15 03:06:25','2023-11-15 03:06:25'),(2348,1,'en','plugins/ecommerce/payment','yes','Yes','2023-11-15 03:06:25','2023-11-15 03:06:25'),(2349,1,'en','plugins/ecommerce/payment','no','No','2023-11-15 03:06:25','2023-11-15 03:06:25'),(2350,1,'en','plugins/ecommerce/payment','client_key','Client Key','2023-11-15 03:06:25','2023-11-15 03:06:25'),(2351,1,'en','plugins/ecommerce/payment','paypal','PayPal','2023-11-15 03:06:25','2023-11-15 03:06:25'),(2352,1,'en','plugins/ecommerce/payment','action','Action','2023-11-15 03:06:25','2023-11-15 03:06:25'),(2353,1,'en','plugins/ecommerce/payment','go_back','Go back','2023-11-15 03:06:25','2023-11-15 03:06:25'),(2354,1,'en','plugins/ecommerce/payment','view','View','2023-11-15 03:06:25','2023-11-15 03:06:25'),(2355,1,'en','plugins/ecommerce/payment','cash_on_delivery','Cash on delivery (COD)','2023-11-15 03:06:25','2023-11-15 03:06:25'),(2356,1,'en','plugins/ecommerce/payment','via_bank_transfer','Via bank transfer','2023-11-15 03:06:25','2023-11-15 03:06:25'),(2357,1,'en','plugins/ecommerce/payment','payment_via_cart','Payment via card','2023-11-15 03:06:25','2023-11-15 03:06:25'),(2358,1,'en','plugins/ecommerce/payment','card_number','Card number','2023-11-15 03:06:25','2023-11-15 03:06:25'),(2359,1,'en','plugins/ecommerce/payment','full_name','Full name','2023-11-15 03:06:25','2023-11-15 03:06:25'),(2360,1,'en','plugins/ecommerce/payment','payment_via_paypal','Payment via PayPal','2023-11-15 03:06:25','2023-11-15 03:06:25'),(2361,1,'en','plugins/ecommerce/payment','mm_yy','MM/YY','2023-11-15 03:06:25','2023-11-15 03:06:25'),(2362,1,'en','plugins/ecommerce/payment','cvc','CVC','2023-11-15 03:06:25','2023-11-15 03:06:25'),(2363,1,'en','plugins/ecommerce/payment','details','Details','2023-11-15 03:06:25','2023-11-15 03:06:25'),(2364,1,'en','plugins/ecommerce/payment','payer_name','Payer Name','2023-11-15 03:06:25','2023-11-15 03:06:25'),(2365,1,'en','plugins/ecommerce/payment','email','Email','2023-11-15 03:06:25','2023-11-15 03:06:25'),(2366,1,'en','plugins/ecommerce/payment','phone','Phone','2023-11-15 03:06:25','2023-11-15 03:06:25'),(2367,1,'en','plugins/ecommerce/payment','country','Country','2023-11-15 03:06:25','2023-11-15 03:06:25'),(2368,1,'en','plugins/ecommerce/payment','shipping_address','Shipping Address','2023-11-15 03:06:25','2023-11-15 03:06:25'),(2369,1,'en','plugins/ecommerce/payment','payment_details','Payment Details','2023-11-15 03:06:25','2023-11-15 03:06:25'),(2370,1,'en','plugins/ecommerce/payment','card','Card','2023-11-15 03:06:25','2023-11-15 03:06:25'),(2371,1,'en','plugins/ecommerce/payment','address','Address','2023-11-15 03:06:25','2023-11-15 03:06:25'),(2372,1,'en','plugins/ecommerce/payment','new_payment','Payment for order :id','2023-11-15 03:06:25','2023-11-15 03:06:25'),(2373,1,'en','plugins/ecommerce/payment','payment_id','Payment ID','2023-11-15 03:06:25','2023-11-15 03:06:25'),(2374,1,'en','plugins/ecommerce/payment','order','Order','2023-11-15 03:06:25','2023-11-15 03:06:25'),(2375,1,'en','plugins/ecommerce/payment','add_payment','Add payment','2023-11-15 03:06:25','2023-11-15 03:06:25'),(2376,1,'en','plugins/ecommerce/payment','add_new_payment','New payment','2023-11-15 03:06:25','2023-11-15 03:06:25'),(2377,1,'en','plugins/ecommerce/payment','add','Add','2023-11-15 03:06:25','2023-11-15 03:06:25'),(2378,1,'en','plugins/ecommerce/payment','no_data','No data to display','2023-11-15 03:06:25','2023-11-15 03:06:25'),(2379,1,'en','plugins/ecommerce/payment','no_option','No option','2023-11-15 03:06:25','2023-11-15 03:06:25'),(2380,1,'en','plugins/ecommerce/payment','edit_payment','Edit payment','2023-11-15 03:06:25','2023-11-15 03:06:25'),(2381,1,'en','plugins/ecommerce/payment','save','Save','2023-11-15 03:06:25','2023-11-15 03:06:25'),(2382,1,'en','plugins/ecommerce/prices','name','Price','2023-11-15 03:06:25','2023-11-15 03:06:25'),(2383,1,'en','plugins/ecommerce/prices','create','New price','2023-11-15 03:06:25','2023-11-15 03:06:25'),(2384,1,'en','plugins/ecommerce/prices','edit','Edit price','2023-11-15 03:06:25','2023-11-15 03:06:25'),(2385,1,'en','plugins/ecommerce/prices','list','List price','2023-11-15 03:06:25','2023-11-15 03:06:25'),(2386,1,'en','plugins/ecommerce/product-attribute-sets','name','Product attribute sets','2023-11-15 03:06:25','2023-11-15 03:06:25'),(2387,1,'en','plugins/ecommerce/product-attribute-sets','create','New product attribute set','2023-11-15 03:06:25','2023-11-15 03:06:25'),(2388,1,'en','plugins/ecommerce/product-attribute-sets','edit','Edit product attribute set','2023-11-15 03:06:25','2023-11-15 03:06:25'),(2389,1,'en','plugins/ecommerce/product-attribute-sets','visible_in_categories','Visible in categories','2023-11-15 03:06:25','2023-11-15 03:06:25'),(2390,1,'en','plugins/ecommerce/product-attribute-sets','product_with_more_version','Product with more version','2023-11-15 03:06:25','2023-11-15 03:06:25'),(2391,1,'en','plugins/ecommerce/product-attribute-sets','create_a_version','Create a version','2023-11-15 03:06:25','2023-11-15 03:06:25'),(2392,1,'en','plugins/ecommerce/product-attribute-sets','enabled','Enabled','2023-11-15 03:06:25','2023-11-15 03:06:25'),(2393,1,'en','plugins/ecommerce/product-attribute-sets','attributes','Attributes','2023-11-15 03:06:25','2023-11-15 03:06:25'),(2394,1,'en','plugins/ecommerce/product-attribute-sets','price','Price','2023-11-15 03:06:25','2023-11-15 03:06:25'),(2395,1,'en','plugins/ecommerce/product-attribute-sets','edit_btn','Edit','2023-11-15 03:06:25','2023-11-15 03:06:25'),(2396,1,'en','plugins/ecommerce/product-attribute-sets','remove_btn','Remove','2023-11-15 03:06:25','2023-11-15 03:06:25'),(2397,1,'en','plugins/ecommerce/product-attribute-sets','product','Product','2023-11-15 03:06:25','2023-11-15 03:06:25'),(2398,1,'en','plugins/ecommerce/product-attribute-sets','back_to_product','Back to product','2023-11-15 03:06:25','2023-11-15 03:06:25'),(2399,1,'en','plugins/ecommerce/product-attribute-sets','save','Save','2023-11-15 03:06:25','2023-11-15 03:06:25'),(2400,1,'en','plugins/ecommerce/product-attribute-sets','other_existing_versions','Other existing versions','2023-11-15 03:06:25','2023-11-15 03:06:25'),(2401,1,'en','plugins/ecommerce/product-attribute-sets','version_information','Version information','2023-11-15 03:06:25','2023-11-15 03:06:25'),(2402,1,'en','plugins/ecommerce/product-attribute-sets','add_rule','Add rule','2023-11-15 03:06:25','2023-11-15 03:06:25'),(2403,1,'en','plugins/ecommerce/product-attribute-sets','rules','Rules','2023-11-15 03:06:25','2023-11-15 03:06:25'),(2404,1,'en','plugins/ecommerce/product-attribute-sets','pricing','Pricing','2023-11-15 03:06:25','2023-11-15 03:06:25'),(2405,1,'en','plugins/ecommerce/product-attribute-sets','sale_price','Sale price','2023-11-15 03:06:25','2023-11-15 03:06:25'),(2406,1,'en','plugins/ecommerce/product-attribute-sets','sale_type','Sale type','2023-11-15 03:06:25','2023-11-15 03:06:25'),(2407,1,'en','plugins/ecommerce/product-attribute-sets','no_sale_price','No sale price','2023-11-15 03:06:25','2023-11-15 03:06:25'),(2408,1,'en','plugins/ecommerce/product-attribute-sets','always_on_sale','Always on sale','2023-11-15 03:06:25','2023-11-15 03:06:25'),(2409,1,'en','plugins/ecommerce/product-attribute-sets','limited_time','Limited time','2023-11-15 03:06:25','2023-11-15 03:06:25'),(2410,1,'en','plugins/ecommerce/product-attribute-sets','from','From','2023-11-15 03:06:26','2023-11-15 03:06:26'),(2411,1,'en','plugins/ecommerce/product-attribute-sets','to','To','2023-11-15 03:06:26','2023-11-15 03:06:26'),(2412,1,'en','plugins/ecommerce/product-attribute-sets','storehouse','Storehouse','2023-11-15 03:06:26','2023-11-15 03:06:26'),(2413,1,'en','plugins/ecommerce/product-attribute-sets','no_storehouse_management','No storehouse management','2023-11-15 03:06:26','2023-11-15 03:06:26'),(2414,1,'en','plugins/ecommerce/product-attribute-sets','with_storehouse_management','With storehouse management','2023-11-15 03:06:26','2023-11-15 03:06:26'),(2415,1,'en','plugins/ecommerce/product-attribute-sets','quantity','Quantity','2023-11-15 03:06:26','2023-11-15 03:06:26'),(2416,1,'en','plugins/ecommerce/product-attribute-sets','allow_customer_checkout_out_of_stock','Allow customer checkout when this product out of stock','2023-11-15 03:06:26','2023-11-15 03:06:26'),(2417,1,'en','plugins/ecommerce/product-attribute-sets','shipping','Shipping','2023-11-15 03:06:26','2023-11-15 03:06:26'),(2418,1,'en','plugins/ecommerce/product-attribute-sets','length','Length','2023-11-15 03:06:26','2023-11-15 03:06:26'),(2419,1,'en','plugins/ecommerce/product-attribute-sets','wide','Wide','2023-11-15 03:06:26','2023-11-15 03:06:26'),(2420,1,'en','plugins/ecommerce/product-attribute-sets','height','Height','2023-11-15 03:06:26','2023-11-15 03:06:26'),(2421,1,'en','plugins/ecommerce/product-attribute-sets','weight','Weight','2023-11-15 03:06:26','2023-11-15 03:06:26'),(2422,1,'en','plugins/ecommerce/product-attribute-sets','version_images','Version images','2023-11-15 03:06:26','2023-11-15 03:06:26'),(2423,1,'en','plugins/ecommerce/product-attribute-sets','add_new_image','Add new image','2023-11-15 03:06:26','2023-11-15 03:06:26'),(2424,1,'en','plugins/ecommerce/product-attribute-sets','attribute_set','Attribute set','2023-11-15 03:06:26','2023-11-15 03:06:26'),(2425,1,'en','plugins/ecommerce/product-attribute-sets','value','Value','2023-11-15 03:06:26','2023-11-15 03:06:26'),(2426,1,'en','plugins/ecommerce/product-attribute-sets','dropdown_swatch','Dropdown Swatch','2023-11-15 03:06:26','2023-11-15 03:06:26'),(2427,1,'en','plugins/ecommerce/product-attribute-sets','visual_swatch','Visual Swatch','2023-11-15 03:06:26','2023-11-15 03:06:26'),(2428,1,'en','plugins/ecommerce/product-attribute-sets','text_swatch','Text Swatch','2023-11-15 03:06:26','2023-11-15 03:06:26'),(2429,1,'en','plugins/ecommerce/product-attribute-sets','display_layout','Display Layout','2023-11-15 03:06:26','2023-11-15 03:06:26'),(2430,1,'en','plugins/ecommerce/product-attribute-sets','searchable','Searchable','2023-11-15 03:06:26','2023-11-15 03:06:26'),(2431,1,'en','plugins/ecommerce/product-attribute-sets','comparable','Comparable','2023-11-15 03:06:26','2023-11-15 03:06:26'),(2432,1,'en','plugins/ecommerce/product-attribute-sets','use_in_product_listing','Used in product listing','2023-11-15 03:06:26','2023-11-15 03:06:26'),(2433,1,'en','plugins/ecommerce/product-attribute-sets','attributes_list','Attributes list','2023-11-15 03:06:26','2023-11-15 03:06:26'),(2434,1,'en','plugins/ecommerce/product-attribute-sets','is_default','Is default?','2023-11-15 03:06:26','2023-11-15 03:06:26'),(2435,1,'en','plugins/ecommerce/product-attribute-sets','title','Title','2023-11-15 03:06:26','2023-11-15 03:06:26'),(2436,1,'en','plugins/ecommerce/product-attribute-sets','slug','Slug','2023-11-15 03:06:26','2023-11-15 03:06:26'),(2437,1,'en','plugins/ecommerce/product-attribute-sets','color','Color','2023-11-15 03:06:26','2023-11-15 03:06:26'),(2438,1,'en','plugins/ecommerce/product-attribute-sets','image','Image','2023-11-15 03:06:26','2023-11-15 03:06:26'),(2439,1,'en','plugins/ecommerce/product-attribute-sets','remove','Remove','2023-11-15 03:06:26','2023-11-15 03:06:26'),(2440,1,'en','plugins/ecommerce/product-attribute-sets','add_new_attribute','Add new attribute','2023-11-15 03:06:26','2023-11-15 03:06:26'),(2441,1,'en','plugins/ecommerce/product-attribute-sets','use_image_from_product_variation','Use image from product variation (for Visual Swatch only)','2023-11-15 03:06:26','2023-11-15 03:06:26'),(2442,1,'en','plugins/ecommerce/product-attributes','name','Product attributes','2023-11-15 03:06:26','2023-11-15 03:06:26'),(2443,1,'en','plugins/ecommerce/product-attributes','create','New product attribute','2023-11-15 03:06:26','2023-11-15 03:06:26'),(2444,1,'en','plugins/ecommerce/product-attributes','edit','Edit product attribute','2023-11-15 03:06:26','2023-11-15 03:06:26'),(2445,1,'en','plugins/ecommerce/product-attributes','intro.title','Manage product attributes','2023-11-15 03:06:26','2023-11-15 03:06:26'),(2446,1,'en','plugins/ecommerce/product-attributes','intro.description','Product attribute such as color, width, height ...','2023-11-15 03:06:26','2023-11-15 03:06:26'),(2447,1,'en','plugins/ecommerce/product-attributes','intro.button_text','Create product attribute','2023-11-15 03:06:26','2023-11-15 03:06:26'),(2448,1,'en','plugins/ecommerce/product-categories','name','Product categories','2023-11-15 03:06:26','2023-11-15 03:06:26'),(2449,1,'en','plugins/ecommerce/product-categories','create','Create new product category','2023-11-15 03:06:26','2023-11-15 03:06:26'),(2450,1,'en','plugins/ecommerce/product-categories','edit','Edit product category','2023-11-15 03:06:26','2023-11-15 03:06:26'),(2451,1,'en','plugins/ecommerce/product-categories','list','List product categories','2023-11-15 03:06:26','2023-11-15 03:06:26'),(2452,1,'en','plugins/ecommerce/product-categories','none','None','2023-11-15 03:06:26','2023-11-15 03:06:26'),(2453,1,'en','plugins/ecommerce/product-categories','menu','Product categories','2023-11-15 03:06:26','2023-11-15 03:06:26'),(2454,1,'en','plugins/ecommerce/product-categories','intro.title','Manage product categories','2023-11-15 03:06:26','2023-11-15 03:06:26'),(2455,1,'en','plugins/ecommerce/product-categories','intro.description','Such as clothes, shoes, bags, jewelry ...','2023-11-15 03:06:26','2023-11-15 03:06:26'),(2456,1,'en','plugins/ecommerce/product-categories','intro.button_text','Create product category','2023-11-15 03:06:26','2023-11-15 03:06:26'),(2457,1,'en','plugins/ecommerce/product-categories','total_products','Total products: :total','2023-11-15 03:06:26','2023-11-15 03:06:26'),(2458,1,'en','plugins/ecommerce/product-collections','name','Product collections','2023-11-15 03:06:26','2023-11-15 03:06:26'),(2459,1,'en','plugins/ecommerce/product-collections','create','New product collection','2023-11-15 03:06:26','2023-11-15 03:06:26'),(2460,1,'en','plugins/ecommerce/product-collections','edit','Edit product collection','2023-11-15 03:06:26','2023-11-15 03:06:26'),(2461,1,'en','plugins/ecommerce/product-collections','slug_help_block','Label key: <code>:slug</code>. We will use this key for filter.','2023-11-15 03:06:26','2023-11-15 03:06:26'),(2462,1,'en','plugins/ecommerce/product-collections','intro.title','Manage product collections','2023-11-15 03:06:26','2023-11-15 03:06:26'),(2463,1,'en','plugins/ecommerce/product-collections','intro.description','Group your products into collections to make it easier for customers to find them by category.','2023-11-15 03:06:26','2023-11-15 03:06:26'),(2464,1,'en','plugins/ecommerce/product-collections','intro.button_text','Create product collection','2023-11-15 03:06:26','2023-11-15 03:06:26'),(2465,1,'en','plugins/ecommerce/product-label','name','Product labels','2023-11-15 03:06:26','2023-11-15 03:06:26'),(2466,1,'en','plugins/ecommerce/product-label','create','New product label','2023-11-15 03:06:26','2023-11-15 03:06:26'),(2467,1,'en','plugins/ecommerce/product-label','edit','Edit product label','2023-11-15 03:06:26','2023-11-15 03:06:26'),(2468,1,'en','plugins/ecommerce/product-label','color','Color','2023-11-15 03:06:26','2023-11-15 03:06:26'),(2469,1,'en','plugins/ecommerce/product-label','color_placeholder','Example: #f0f0f0','2023-11-15 03:06:26','2023-11-15 03:06:26'),(2470,1,'en','plugins/ecommerce/product-option','name','Product options','2023-11-15 03:06:26','2023-11-15 03:06:26'),(2471,1,'en','plugins/ecommerce/product-option','options','Options','2023-11-15 03:06:26','2023-11-15 03:06:26'),(2472,1,'en','plugins/ecommerce/product-option','create','New option','2023-11-15 03:06:26','2023-11-15 03:06:26'),(2473,1,'en','plugins/ecommerce/product-option','edit','Edit option :name','2023-11-15 03:06:26','2023-11-15 03:06:26'),(2474,1,'en','plugins/ecommerce/product-option','required','Is required?','2023-11-15 03:06:26','2023-11-15 03:06:26'),(2475,1,'en','plugins/ecommerce/product-option','option_value','Option value','2023-11-15 03:06:26','2023-11-15 03:06:26'),(2476,1,'en','plugins/ecommerce/product-option','option_type','Type','2023-11-15 03:06:26','2023-11-15 03:06:26'),(2477,1,'en','plugins/ecommerce/product-option','label','Label','2023-11-15 03:06:26','2023-11-15 03:06:26'),(2478,1,'en','plugins/ecommerce/product-option','price','Price','2023-11-15 03:06:26','2023-11-15 03:06:26'),(2479,1,'en','plugins/ecommerce/product-option','price_type','Price Type','2023-11-15 03:06:26','2023-11-15 03:06:26'),(2480,1,'en','plugins/ecommerce/product-option','percent','Percent','2023-11-15 03:06:26','2023-11-15 03:06:26'),(2481,1,'en','plugins/ecommerce/product-option','fixed','Fixed','2023-11-15 03:06:26','2023-11-15 03:06:26'),(2482,1,'en','plugins/ecommerce/product-option','label_placeholder','Please fill label','2023-11-15 03:06:26','2023-11-15 03:06:26'),(2483,1,'en','plugins/ecommerce/product-option','affect_price_label','Please fill affect price','2023-11-15 03:06:26','2023-11-15 03:06:26'),(2484,1,'en','plugins/ecommerce/product-option','add_new_row','Add new row','2023-11-15 03:06:26','2023-11-15 03:06:26'),(2485,1,'en','plugins/ecommerce/product-option','add_new_option','Add new option','2023-11-15 03:06:26','2023-11-15 03:06:26'),(2486,1,'en','plugins/ecommerce/product-option','select_global_option','Select Global Option','2023-11-15 03:06:26','2023-11-15 03:06:26'),(2487,1,'en','plugins/ecommerce/product-option','add_global_option','Add Global Option','2023-11-15 03:06:26','2023-11-15 03:06:26'),(2488,1,'en','plugins/ecommerce/product-option','please_select_option','Please select option','2023-11-15 03:06:26','2023-11-15 03:06:26'),(2489,1,'en','plugins/ecommerce/product-option','add_to_cart_value_required','Option :value is required','2023-11-15 03:06:26','2023-11-15 03:06:26'),(2490,1,'en','plugins/ecommerce/product-option','option_value_attribute','value :item of :value_key on option #:option_key','2023-11-15 03:06:26','2023-11-15 03:06:26'),(2491,1,'en','plugins/ecommerce/product-option','option_name_attribute','Option :key','2023-11-15 03:06:26','2023-11-15 03:06:26'),(2492,1,'en','plugins/ecommerce/product-option','option_type_attribute','Type of option :key','2023-11-15 03:06:26','2023-11-15 03:06:26'),(2493,1,'en','plugins/ecommerce/product-option','option_value_name_attribute','Values of option :key','2023-11-15 03:06:26','2023-11-15 03:06:26'),(2494,1,'en','plugins/ecommerce/product-option','please_choose_option_type','Please choose option type!','2023-11-15 03:06:27','2023-11-15 03:06:27'),(2495,1,'en','plugins/ecommerce/product-tag','name','Product tags','2023-11-15 03:06:27','2023-11-15 03:06:27'),(2496,1,'en','plugins/ecommerce/product-tag','create','New product tag','2023-11-15 03:06:27','2023-11-15 03:06:27'),(2497,1,'en','plugins/ecommerce/product-tag','edit','Edit product tag','2023-11-15 03:06:27','2023-11-15 03:06:27'),(2498,1,'en','plugins/ecommerce/products','name','Products','2023-11-15 03:06:27','2023-11-15 03:06:27'),(2499,1,'en','plugins/ecommerce/products','create','New product','2023-11-15 03:06:27','2023-11-15 03:06:27'),(2500,1,'en','plugins/ecommerce/products','create_product_type.physical','New physical product','2023-11-15 03:06:27','2023-11-15 03:06:27'),(2501,1,'en','plugins/ecommerce/products','create_product_type.digital','New digital product','2023-11-15 03:06:27','2023-11-15 03:06:27'),(2502,1,'en','plugins/ecommerce/products','edit','Edit product - :name','2023-11-15 03:06:27','2023-11-15 03:06:27'),(2503,1,'en','plugins/ecommerce/products','form.name','Name','2023-11-15 03:06:27','2023-11-15 03:06:27'),(2504,1,'en','plugins/ecommerce/products','form.name_placeholder','Product\'s name (Maximum 120 characters)','2023-11-15 03:06:27','2023-11-15 03:06:27'),(2505,1,'en','plugins/ecommerce/products','form.description','Description','2023-11-15 03:06:27','2023-11-15 03:06:27'),(2506,1,'en','plugins/ecommerce/products','form.description_placeholder','Short description for product (Maximum 400 characters)','2023-11-15 03:06:27','2023-11-15 03:06:27'),(2507,1,'en','plugins/ecommerce/products','form.categories','Categories','2023-11-15 03:06:27','2023-11-15 03:06:27'),(2508,1,'en','plugins/ecommerce/products','form.content','Content','2023-11-15 03:06:27','2023-11-15 03:06:27'),(2509,1,'en','plugins/ecommerce/products','form.price','Price','2023-11-15 03:06:27','2023-11-15 03:06:27'),(2510,1,'en','plugins/ecommerce/products','form.quantity','Quantity','2023-11-15 03:06:27','2023-11-15 03:06:27'),(2511,1,'en','plugins/ecommerce/products','form.brand','Brand','2023-11-15 03:06:27','2023-11-15 03:06:27'),(2512,1,'en','plugins/ecommerce/products','form.width','Width','2023-11-15 03:06:27','2023-11-15 03:06:27'),(2513,1,'en','plugins/ecommerce/products','form.height','Height','2023-11-15 03:06:27','2023-11-15 03:06:27'),(2514,1,'en','plugins/ecommerce/products','form.weight','Weight','2023-11-15 03:06:27','2023-11-15 03:06:27'),(2515,1,'en','plugins/ecommerce/products','form.date.start','From date','2023-11-15 03:06:27','2023-11-15 03:06:27'),(2516,1,'en','plugins/ecommerce/products','form.date.end','To date','2023-11-15 03:06:27','2023-11-15 03:06:27'),(2517,1,'en','plugins/ecommerce/products','form.image','Images','2023-11-15 03:06:27','2023-11-15 03:06:27'),(2518,1,'en','plugins/ecommerce/products','form.collections','Product collections','2023-11-15 03:06:27','2023-11-15 03:06:27'),(2519,1,'en','plugins/ecommerce/products','form.labels','Labels','2023-11-15 03:06:27','2023-11-15 03:06:27'),(2520,1,'en','plugins/ecommerce/products','form.price_sale','Price sale','2023-11-15 03:06:27','2023-11-15 03:06:27'),(2521,1,'en','plugins/ecommerce/products','form.product_type.title','Product type','2023-11-15 03:06:27','2023-11-15 03:06:27'),(2522,1,'en','plugins/ecommerce/products','form.product','Product','2023-11-15 03:06:27','2023-11-15 03:06:27'),(2523,1,'en','plugins/ecommerce/products','form.total','Total','2023-11-15 03:06:27','2023-11-15 03:06:27'),(2524,1,'en','plugins/ecommerce/products','form.sub_total','Subtotal','2023-11-15 03:06:27','2023-11-15 03:06:27'),(2525,1,'en','plugins/ecommerce/products','form.shipping_fee','Shipping fee','2023-11-15 03:06:27','2023-11-15 03:06:27'),(2526,1,'en','plugins/ecommerce/products','form.discount','Discount','2023-11-15 03:06:27','2023-11-15 03:06:27'),(2527,1,'en','plugins/ecommerce/products','form.options','Options','2023-11-15 03:06:27','2023-11-15 03:06:27'),(2528,1,'en','plugins/ecommerce/products','form.shipping.height','Height','2023-11-15 03:06:27','2023-11-15 03:06:27'),(2529,1,'en','plugins/ecommerce/products','form.shipping.length','Length','2023-11-15 03:06:27','2023-11-15 03:06:27'),(2530,1,'en','plugins/ecommerce/products','form.shipping.title','Shipping','2023-11-15 03:06:27','2023-11-15 03:06:27'),(2531,1,'en','plugins/ecommerce/products','form.shipping.weight','Weight','2023-11-15 03:06:27','2023-11-15 03:06:27'),(2532,1,'en','plugins/ecommerce/products','form.shipping.wide','Wide','2023-11-15 03:06:27','2023-11-15 03:06:27'),(2533,1,'en','plugins/ecommerce/products','form.barcode','Barcode (ISBN, UPC, GTIN, etc.) ','2023-11-15 03:06:27','2023-11-15 03:06:27'),(2534,1,'en','plugins/ecommerce/products','form.barcode_placeholder','Enter barcode','2023-11-15 03:06:27','2023-11-15 03:06:27'),(2535,1,'en','plugins/ecommerce/products','form.cost_per_item','Cost per item','2023-11-15 03:06:27','2023-11-15 03:06:27'),(2536,1,'en','plugins/ecommerce/products','form.cost_per_item_placeholder','Enter cost per item','2023-11-15 03:06:27','2023-11-15 03:06:27'),(2537,1,'en','plugins/ecommerce/products','form.cost_per_item_helper','Customers won\'t see this price.','2023-11-15 03:06:27','2023-11-15 03:06:27'),(2538,1,'en','plugins/ecommerce/products','form.stock.allow_order_when_out','Allow customer checkout when this product out of stock','2023-11-15 03:06:27','2023-11-15 03:06:27'),(2539,1,'en','plugins/ecommerce/products','form.stock.in_stock','In stock','2023-11-15 03:06:27','2023-11-15 03:06:27'),(2540,1,'en','plugins/ecommerce/products','form.stock.out_stock','Out stock','2023-11-15 03:06:27','2023-11-15 03:06:27'),(2541,1,'en','plugins/ecommerce/products','form.stock.title','Stock status','2023-11-15 03:06:27','2023-11-15 03:06:27'),(2542,1,'en','plugins/ecommerce/products','form.storehouse.no_storehouse','No storehouse management','2023-11-15 03:06:27','2023-11-15 03:06:27'),(2543,1,'en','plugins/ecommerce/products','form.storehouse.storehouse','With storehouse management','2023-11-15 03:06:27','2023-11-15 03:06:27'),(2544,1,'en','plugins/ecommerce/products','form.storehouse.title','Storehouse','2023-11-15 03:06:27','2023-11-15 03:06:27'),(2545,1,'en','plugins/ecommerce/products','form.storehouse.quantity','Quantity','2023-11-15 03:06:27','2023-11-15 03:06:27'),(2546,1,'en','plugins/ecommerce/products','form.tax','Tax','2023-11-15 03:06:27','2023-11-15 03:06:27'),(2547,1,'en','plugins/ecommerce/products','form.taxes','Taxes','2023-11-15 03:06:27','2023-11-15 03:06:27'),(2548,1,'en','plugins/ecommerce/products','form.is_default','Is default','2023-11-15 03:06:27','2023-11-15 03:06:27'),(2549,1,'en','plugins/ecommerce/products','form.action','Action','2023-11-15 03:06:27','2023-11-15 03:06:27'),(2550,1,'en','plugins/ecommerce/products','form.restock_quantity','Restock quantity','2023-11-15 03:06:27','2023-11-15 03:06:27'),(2551,1,'en','plugins/ecommerce/products','form.remain','Remain','2023-11-15 03:06:27','2023-11-15 03:06:27'),(2552,1,'en','plugins/ecommerce/products','form.choose_discount_period','Choose Discount Period','2023-11-15 03:06:27','2023-11-15 03:06:27'),(2553,1,'en','plugins/ecommerce/products','form.cancel','Cancel','2023-11-15 03:06:27','2023-11-15 03:06:27'),(2554,1,'en','plugins/ecommerce/products','form.no_results','No results!','2023-11-15 03:06:27','2023-11-15 03:06:27'),(2555,1,'en','plugins/ecommerce/products','form.value','Value','2023-11-15 03:06:27','2023-11-15 03:06:27'),(2556,1,'en','plugins/ecommerce/products','form.attribute_name','Attribute name','2023-11-15 03:06:27','2023-11-15 03:06:27'),(2557,1,'en','plugins/ecommerce/products','form.add_more_attribute','Add more attribute','2023-11-15 03:06:27','2023-11-15 03:06:27'),(2558,1,'en','plugins/ecommerce/products','form.continue','Continue','2023-11-15 03:06:27','2023-11-15 03:06:27'),(2559,1,'en','plugins/ecommerce/products','form.add_new_attributes','Add new attributes','2023-11-15 03:06:27','2023-11-15 03:06:27'),(2560,1,'en','plugins/ecommerce/products','form.add_new_attributes_description','Adding new attributes helps the product to have many options, such as size or color.','2023-11-15 03:06:27','2023-11-15 03:06:27'),(2561,1,'en','plugins/ecommerce/products','form.create_product_variations',':link to create product variations!','2023-11-15 03:06:27','2023-11-15 03:06:27'),(2562,1,'en','plugins/ecommerce/products','form.tags','Tags','2023-11-15 03:06:27','2023-11-15 03:06:27'),(2563,1,'en','plugins/ecommerce/products','form.write_some_tags','Write some tags','2023-11-15 03:06:27','2023-11-15 03:06:27'),(2564,1,'en','plugins/ecommerce/products','form.variation_existed','This variation is existed.','2023-11-15 03:06:27','2023-11-15 03:06:27'),(2565,1,'en','plugins/ecommerce/products','form.no_attributes_selected','No attributes selected!','2023-11-15 03:06:27','2023-11-15 03:06:27'),(2566,1,'en','plugins/ecommerce/products','form.added_variation_success','Added variation successfully!','2023-11-15 03:06:27','2023-11-15 03:06:27'),(2567,1,'en','plugins/ecommerce/products','form.updated_variation_success','Updated variation successfully!','2023-11-15 03:06:27','2023-11-15 03:06:27'),(2568,1,'en','plugins/ecommerce/products','form.created_all_variation_success','Created all variations successfully!','2023-11-15 03:06:27','2023-11-15 03:06:27'),(2569,1,'en','plugins/ecommerce/products','form.updated_product_attributes_success','Updated product attributes successfully!','2023-11-15 03:06:27','2023-11-15 03:06:27'),(2570,1,'en','plugins/ecommerce/products','form.stock_status','Stock status','2023-11-15 03:06:27','2023-11-15 03:06:27'),(2571,1,'en','plugins/ecommerce/products','form.auto_generate_sku','Auto generate SKU?','2023-11-15 03:06:27','2023-11-15 03:06:27'),(2572,1,'en','plugins/ecommerce/products','form.featured_image','Featured image (optional)','2023-11-15 03:06:27','2023-11-15 03:06:27'),(2573,1,'en','plugins/ecommerce/products','form.product_id','Product ID','2023-11-15 03:06:27','2023-11-15 03:06:27'),(2574,1,'en','plugins/ecommerce/products','price','Price','2023-11-15 03:06:27','2023-11-15 03:06:27'),(2575,1,'en','plugins/ecommerce/products','quantity','Quantity','2023-11-15 03:06:27','2023-11-15 03:06:27'),(2576,1,'en','plugins/ecommerce/products','type','Type','2023-11-15 03:06:27','2023-11-15 03:06:27'),(2577,1,'en','plugins/ecommerce/products','image','Thumbnail','2023-11-15 03:06:27','2023-11-15 03:06:27'),(2578,1,'en','plugins/ecommerce/products','sku','SKU','2023-11-15 03:06:27','2023-11-15 03:06:27'),(2579,1,'en','plugins/ecommerce/products','variation_sku','Variation SKU','2023-11-15 03:06:28','2023-11-15 03:06:28'),(2580,1,'en','plugins/ecommerce/products','brand','Brand','2023-11-15 03:06:28','2023-11-15 03:06:28'),(2581,1,'en','plugins/ecommerce/products','cannot_delete','Product could not be deleted','2023-11-15 03:06:28','2023-11-15 03:06:28'),(2582,1,'en','plugins/ecommerce/products','product_deleted','Product deleted','2023-11-15 03:06:28','2023-11-15 03:06:28'),(2583,1,'en','plugins/ecommerce/products','product_collections','Product collections','2023-11-15 03:06:28','2023-11-15 03:06:28'),(2584,1,'en','plugins/ecommerce/products','products','Products','2023-11-15 03:06:28','2023-11-15 03:06:28'),(2585,1,'en','plugins/ecommerce/products','menu','Products','2023-11-15 03:06:28','2023-11-15 03:06:28'),(2586,1,'en','plugins/ecommerce/products','control.button_add_image','Add image','2023-11-15 03:06:28','2023-11-15 03:06:28'),(2587,1,'en','plugins/ecommerce/products','price_sale','Sale price','2023-11-15 03:06:28','2023-11-15 03:06:28'),(2588,1,'en','plugins/ecommerce/products','price_group_title','Manager product price','2023-11-15 03:06:28','2023-11-15 03:06:28'),(2589,1,'en','plugins/ecommerce/products','store_house_group_title','Manager store house','2023-11-15 03:06:28','2023-11-15 03:06:28'),(2590,1,'en','plugins/ecommerce/products','shipping_group_title','Manager shipping','2023-11-15 03:06:28','2023-11-15 03:06:28'),(2591,1,'en','plugins/ecommerce/products','overview','Overview','2023-11-15 03:06:28','2023-11-15 03:06:28'),(2592,1,'en','plugins/ecommerce/products','attributes','Attributes','2023-11-15 03:06:28','2023-11-15 03:06:28'),(2593,1,'en','plugins/ecommerce/products','product_has_variations','Product has variations','2023-11-15 03:06:28','2023-11-15 03:06:28'),(2594,1,'en','plugins/ecommerce/products','manage_products','Manage products','2023-11-15 03:06:28','2023-11-15 03:06:28'),(2595,1,'en','plugins/ecommerce/products','add_new_product','Add a new product','2023-11-15 03:06:28','2023-11-15 03:06:28'),(2596,1,'en','plugins/ecommerce/products','start_by_adding_new_product','Start by adding new products.','2023-11-15 03:06:28','2023-11-15 03:06:28'),(2597,1,'en','plugins/ecommerce/products','edit_this_product','Edit this product','2023-11-15 03:06:28','2023-11-15 03:06:28'),(2598,1,'en','plugins/ecommerce/products','delete','Delete','2023-11-15 03:06:28','2023-11-15 03:06:28'),(2599,1,'en','plugins/ecommerce/products','related_products','Related products','2023-11-15 03:06:28','2023-11-15 03:06:28'),(2600,1,'en','plugins/ecommerce/products','cross_selling_products','Cross-selling products','2023-11-15 03:06:28','2023-11-15 03:06:28'),(2601,1,'en','plugins/ecommerce/products','up_selling_products','Up-selling products','2023-11-15 03:06:28','2023-11-15 03:06:28'),(2602,1,'en','plugins/ecommerce/products','grouped_products','Grouped products','2023-11-15 03:06:28','2023-11-15 03:06:28'),(2603,1,'en','plugins/ecommerce/products','search_products','Search products','2023-11-15 03:06:28','2023-11-15 03:06:28'),(2604,1,'en','plugins/ecommerce/products','selected_products','Selected products','2023-11-15 03:06:28','2023-11-15 03:06:28'),(2605,1,'en','plugins/ecommerce/products','edit_variation_item','Edit','2023-11-15 03:06:28','2023-11-15 03:06:28'),(2606,1,'en','plugins/ecommerce/products','variations_box_description','Click on \"Edit attribute\" to add/remove attributes of variation or click on \"Add new variation\" to add variation.','2023-11-15 03:06:28','2023-11-15 03:06:28'),(2607,1,'en','plugins/ecommerce/products','save_changes','Save changes','2023-11-15 03:06:28','2023-11-15 03:06:28'),(2608,1,'en','plugins/ecommerce/products','continue','Continue','2023-11-15 03:06:28','2023-11-15 03:06:28'),(2609,1,'en','plugins/ecommerce/products','edit_attribute','Edit attribute','2023-11-15 03:06:28','2023-11-15 03:06:28'),(2610,1,'en','plugins/ecommerce/products','select_attribute','Select attribute','2023-11-15 03:06:28','2023-11-15 03:06:28'),(2611,1,'en','plugins/ecommerce/products','add_new_variation','Add new variation','2023-11-15 03:06:28','2023-11-15 03:06:28'),(2612,1,'en','plugins/ecommerce/products','edit_variation','Edit variation','2023-11-15 03:06:28','2023-11-15 03:06:28'),(2613,1,'en','plugins/ecommerce/products','generate_all_variations','Generate all variations','2023-11-15 03:06:28','2023-11-15 03:06:28'),(2614,1,'en','plugins/ecommerce/products','generate_all_variations_confirmation','Are you sure you want to generate all variations for this product?','2023-11-15 03:06:28','2023-11-15 03:06:28'),(2615,1,'en','plugins/ecommerce/products','delete_variation','Delete variation?','2023-11-15 03:06:28','2023-11-15 03:06:28'),(2616,1,'en','plugins/ecommerce/products','delete_variation_confirmation','Are you sure you want to delete this variation? This action cannot be undo.','2023-11-15 03:06:28','2023-11-15 03:06:28'),(2617,1,'en','plugins/ecommerce/products','delete_variations_confirmation','Are you sure you want to delete those variations? This action cannot be undo.','2023-11-15 03:06:28','2023-11-15 03:06:28'),(2618,1,'en','plugins/ecommerce/products','product_create_validate_name_required','Please enter product\'s name','2023-11-15 03:06:28','2023-11-15 03:06:28'),(2619,1,'en','plugins/ecommerce/products','product_create_validate_sale_price_max','The discount must be less than the original price','2023-11-15 03:06:28','2023-11-15 03:06:28'),(2620,1,'en','plugins/ecommerce/products','product_create_validate_cost_per_item_max','The cost per item must be less than the original price','2023-11-15 03:06:28','2023-11-15 03:06:28'),(2621,1,'en','plugins/ecommerce/products','product_create_validate_sale_price_required_if','Must enter a discount when you want to schedule a promotion','2023-11-15 03:06:28','2023-11-15 03:06:28'),(2622,1,'en','plugins/ecommerce/products','product_create_validate_end_date_after','End date must be after start date','2023-11-15 03:06:28','2023-11-15 03:06:28'),(2623,1,'en','plugins/ecommerce/products','product_create_validate_start_date_required_if','Discount start date cannot be left blank when scheduling is selected','2023-11-15 03:06:28','2023-11-15 03:06:28'),(2624,1,'en','plugins/ecommerce/products','product_create_validate_sale_price','Discounts cannot be left blank when scheduling is selected','2023-11-15 03:06:28','2023-11-15 03:06:28'),(2625,1,'en','plugins/ecommerce/products','stock_statuses.in_stock','In stock','2023-11-15 03:06:28','2023-11-15 03:06:28'),(2626,1,'en','plugins/ecommerce/products','stock_statuses.out_of_stock','Out of stock','2023-11-15 03:06:28','2023-11-15 03:06:28'),(2627,1,'en','plugins/ecommerce/products','stock_statuses.on_backorder','On backorder','2023-11-15 03:06:28','2023-11-15 03:06:28'),(2628,1,'en','plugins/ecommerce/products','stock_status','Stock status','2023-11-15 03:06:28','2023-11-15 03:06:28'),(2629,1,'en','plugins/ecommerce/products','processing','Processing...','2023-11-15 03:06:28','2023-11-15 03:06:28'),(2630,1,'en','plugins/ecommerce/products','delete_selected_variations','Delete selected variations','2023-11-15 03:06:28','2023-11-15 03:06:28'),(2631,1,'en','plugins/ecommerce/products','delete_variations','Delete variations','2023-11-15 03:06:28','2023-11-15 03:06:28'),(2632,1,'en','plugins/ecommerce/products','category','Category','2023-11-15 03:06:28','2023-11-15 03:06:28'),(2633,1,'en','plugins/ecommerce/products','product_price_flash_sale_warning','This product is in flash sale <strong>:name</strong> so its price is <strong>:price</strong>.','2023-11-15 03:06:28','2023-11-15 03:06:28'),(2634,1,'en','plugins/ecommerce/products','product_price_discount_warning','This product is in discount <strong>:name</strong> so its price is <strong>:price</strong>.','2023-11-15 03:06:28','2023-11-15 03:06:28'),(2635,1,'en','plugins/ecommerce/products','product_image','Product image','2023-11-15 03:06:28','2023-11-15 03:06:28'),(2636,1,'en','plugins/ecommerce/products','product_name','Product name','2023-11-15 03:06:28','2023-11-15 03:06:28'),(2637,1,'en','plugins/ecommerce/products','types.physical','Physical','2023-11-15 03:06:28','2023-11-15 03:06:28'),(2638,1,'en','plugins/ecommerce/products','types.digital','Digital','2023-11-15 03:06:28','2023-11-15 03:06:28'),(2639,1,'en','plugins/ecommerce/products','digital_attachments.title','Digital attachments','2023-11-15 03:06:28','2023-11-15 03:06:28'),(2640,1,'en','plugins/ecommerce/products','digital_attachments.add','Add Attachment','2023-11-15 03:06:28','2023-11-15 03:06:28'),(2641,1,'en','plugins/ecommerce/products','digital_attachments.file_name','File name','2023-11-15 03:06:28','2023-11-15 03:06:28'),(2642,1,'en','plugins/ecommerce/products','digital_attachments.file_size','File size','2023-11-15 03:06:28','2023-11-15 03:06:28'),(2643,1,'en','plugins/ecommerce/products','digital_attachments.unsaved','Unsaved','2023-11-15 03:06:28','2023-11-15 03:06:28'),(2644,1,'en','plugins/ecommerce/products','digital_attachments.add_external_link','Add external link','2023-11-15 03:06:28','2023-11-15 03:06:28'),(2645,1,'en','plugins/ecommerce/products','digital_attachments.enter_file_name','Enter file name','2023-11-15 03:06:28','2023-11-15 03:06:28'),(2646,1,'en','plugins/ecommerce/products','digital_attachments.enter_external_link_download','Enter external link download','2023-11-15 03:06:28','2023-11-15 03:06:28'),(2647,1,'en','plugins/ecommerce/products','digital_attachments.enter_file_size','Enter file size','2023-11-15 03:06:28','2023-11-15 03:06:28'),(2648,1,'en','plugins/ecommerce/products','digital_attachments.external_link_download','External link download','2023-11-15 03:06:28','2023-11-15 03:06:28'),(2649,1,'en','plugins/ecommerce/products','digital_attachments.generate_license_code_after_purchasing_product','Generate license code after purchasing this product?','2023-11-15 03:06:28','2023-11-15 03:06:28'),(2650,1,'en','plugins/ecommerce/products','this_action_will_reload_page','This action will reload the page to update the data!','2023-11-15 03:06:28','2023-11-15 03:06:28'),(2651,1,'en','plugins/ecommerce/products','select','Select','2023-11-15 03:06:28','2023-11-15 03:06:28'),(2652,1,'en','plugins/ecommerce/products','set_this_variant_as_default','Set this variant as default','2023-11-15 03:06:28','2023-11-15 03:06:28'),(2653,1,'en','plugins/ecommerce/products','download','Download','2023-11-15 03:06:28','2023-11-15 03:06:28'),(2654,1,'en','plugins/ecommerce/reports','name','Report','2023-11-15 03:06:28','2023-11-15 03:06:28'),(2655,1,'en','plugins/ecommerce/reports','widget.order.title','Orders','2023-11-15 03:06:28','2023-11-15 03:06:28'),(2656,1,'en','plugins/ecommerce/reports','count.revenue','Today revenue','2023-11-15 03:06:28','2023-11-15 03:06:28'),(2657,1,'en','plugins/ecommerce/reports','count.orders','Today orders','2023-11-15 03:06:28','2023-11-15 03:06:28'),(2658,1,'en','plugins/ecommerce/reports','count.products','Total products','2023-11-15 03:06:28','2023-11-15 03:06:28'),(2659,1,'en','plugins/ecommerce/reports','count.customers','Total customers','2023-11-15 03:06:28','2023-11-15 03:06:28'),(2660,1,'en','plugins/ecommerce/reports','product_name','Product name','2023-11-15 03:06:28','2023-11-15 03:06:28'),(2661,1,'en','plugins/ecommerce/reports','quantity','Quantity','2023-11-15 03:06:28','2023-11-15 03:06:28'),(2662,1,'en','plugins/ecommerce/reports','revenue_statistics','Revenue statistics','2023-11-15 03:06:28','2023-11-15 03:06:28'),(2663,1,'en','plugins/ecommerce/reports','top_selling_products','Top Selling Products','2023-11-15 03:06:28','2023-11-15 03:06:28'),(2664,1,'en','plugins/ecommerce/reports','ranges.today','Today','2023-11-15 03:06:28','2023-11-15 03:06:28'),(2665,1,'en','plugins/ecommerce/reports','ranges.this_week','This week','2023-11-15 03:06:28','2023-11-15 03:06:28'),(2666,1,'en','plugins/ecommerce/reports','ranges.last_7_days','Last 7 days','2023-11-15 03:06:28','2023-11-15 03:06:28'),(2667,1,'en','plugins/ecommerce/reports','ranges.last_30_days','Last 30 days','2023-11-15 03:06:28','2023-11-15 03:06:28'),(2668,1,'en','plugins/ecommerce/reports','ranges.this_month','This month','2023-11-15 03:06:28','2023-11-15 03:06:28'),(2669,1,'en','plugins/ecommerce/reports','ranges.this_year','This year','2023-11-15 03:06:29','2023-11-15 03:06:29'),(2670,1,'en','plugins/ecommerce/reports','revenue_this_month','Revenue this month','2023-11-15 03:06:29','2023-11-15 03:06:29'),(2671,1,'en','plugins/ecommerce/reports','order_processing_this_month','order(s) processing in this month','2023-11-15 03:06:29','2023-11-15 03:06:29'),(2672,1,'en','plugins/ecommerce/reports','order_completed_this_month','order(s) completed in this month','2023-11-15 03:06:29','2023-11-15 03:06:29'),(2673,1,'en','plugins/ecommerce/reports','product_will_be_out_of_stock','product(s) will be out of stock soon','2023-11-15 03:06:29','2023-11-15 03:06:29'),(2674,1,'en','plugins/ecommerce/reports','product_out_of_stock','product(s) out of stock','2023-11-15 03:06:29','2023-11-15 03:06:29'),(2675,1,'en','plugins/ecommerce/reports','sales_reports','Sales Reports','2023-11-15 03:06:29','2023-11-15 03:06:29'),(2676,1,'en','plugins/ecommerce/reports','total_earnings','Total Earnings','2023-11-15 03:06:29','2023-11-15 03:06:29'),(2677,1,'en','plugins/ecommerce/reports','recent_orders','Recent Orders','2023-11-15 03:06:29','2023-11-15 03:06:29'),(2678,1,'en','plugins/ecommerce/reports','trending_products','Trending Products','2023-11-15 03:06:29','2023-11-15 03:06:29'),(2679,1,'en','plugins/ecommerce/reports','statistics','Statistics','2023-11-15 03:06:29','2023-11-15 03:06:29'),(2680,1,'en','plugins/ecommerce/reports','items_earning_sales','Items Earning Sales: :value','2023-11-15 03:06:29','2023-11-15 03:06:29'),(2681,1,'en','plugins/ecommerce/reports','revenue','Revenue','2023-11-15 03:06:29','2023-11-15 03:06:29'),(2682,1,'en','plugins/ecommerce/reports','orders','Orders','2023-11-15 03:06:29','2023-11-15 03:06:29'),(2683,1,'en','plugins/ecommerce/reports','products','Products','2023-11-15 03:06:29','2023-11-15 03:06:29'),(2684,1,'en','plugins/ecommerce/reports','customers','Customers','2023-11-15 03:06:29','2023-11-15 03:06:29'),(2685,1,'en','plugins/ecommerce/reports','earnings','Earnings','2023-11-15 03:06:29','2023-11-15 03:06:29'),(2686,1,'en','plugins/ecommerce/reports','views','Views','2023-11-15 03:06:29','2023-11-15 03:06:29'),(2687,1,'en','plugins/ecommerce/reports','date_range_format_value','From :from to :to','2023-11-15 03:06:29','2023-11-15 03:06:29'),(2688,1,'en','plugins/ecommerce/reports','select_range','Select Range','2023-11-15 03:06:29','2023-11-15 03:06:29'),(2689,1,'en','plugins/ecommerce/reports','customers_chart','Customers','2023-11-15 03:06:29','2023-11-15 03:06:29'),(2690,1,'en','plugins/ecommerce/reports','orders_chart','Orders','2023-11-15 03:06:29','2023-11-15 03:06:29'),(2691,1,'en','plugins/ecommerce/reports','number_of_orders','Number of orders','2023-11-15 03:06:29','2023-11-15 03:06:29'),(2692,1,'en','plugins/ecommerce/reports','number_of_customers','Number of customers','2023-11-15 03:06:29','2023-11-15 03:06:29'),(2693,1,'en','plugins/ecommerce/review','name','Reviews','2023-11-15 03:06:29','2023-11-15 03:06:29'),(2694,1,'en','plugins/ecommerce/review','add_review','Add review','2023-11-15 03:06:29','2023-11-15 03:06:29'),(2695,1,'en','plugins/ecommerce/review','delete_review','Delete review','2023-11-15 03:06:29','2023-11-15 03:06:29'),(2696,1,'en','plugins/ecommerce/review','create_review','Create Review','2023-11-15 03:06:29','2023-11-15 03:06:29'),(2697,1,'en','plugins/ecommerce/review','please_select_rating','Please select rating','2023-11-15 03:06:29','2023-11-15 03:06:29'),(2698,1,'en','plugins/ecommerce/review','comment','Comment','2023-11-15 03:06:29','2023-11-15 03:06:29'),(2699,1,'en','plugins/ecommerce/review','approve','Approve','2023-11-15 03:06:29','2023-11-15 03:06:29'),(2700,1,'en','plugins/ecommerce/review','approved','Approved','2023-11-15 03:06:29','2023-11-15 03:06:29'),(2701,1,'en','plugins/ecommerce/review','disapprove','Disapprove','2023-11-15 03:06:29','2023-11-15 03:06:29'),(2702,1,'en','plugins/ecommerce/review','disapproved','Disapproved','2023-11-15 03:06:29','2023-11-15 03:06:29'),(2703,1,'en','plugins/ecommerce/review','product','Product','2023-11-15 03:06:29','2023-11-15 03:06:29'),(2704,1,'en','plugins/ecommerce/review','user','User','2023-11-15 03:06:29','2023-11-15 03:06:29'),(2705,1,'en','plugins/ecommerce/review','star','Star','2023-11-15 03:06:29','2023-11-15 03:06:29'),(2706,1,'en','plugins/ecommerce/review','status','Status','2023-11-15 03:06:29','2023-11-15 03:06:29'),(2707,1,'en','plugins/ecommerce/review','list_review','Customer reviews','2023-11-15 03:06:29','2023-11-15 03:06:29'),(2708,1,'en','plugins/ecommerce/review','intro.title','Manage customer reviews','2023-11-15 03:06:29','2023-11-15 03:06:29'),(2709,1,'en','plugins/ecommerce/review','intro.description','Customer reviews will be shown here and you can manage it to show/hide in product detail page.','2023-11-15 03:06:29','2023-11-15 03:06:29'),(2710,1,'en','plugins/ecommerce/review','images','Images','2023-11-15 03:06:29','2023-11-15 03:06:29'),(2711,1,'en','plugins/ecommerce/review','delete','Delete','2023-11-15 03:06:29','2023-11-15 03:06:29'),(2712,1,'en','plugins/ecommerce/review','publish','Publish','2023-11-15 03:06:29','2023-11-15 03:06:29'),(2713,1,'en','plugins/ecommerce/review','unpublish','Unpublish','2023-11-15 03:06:29','2023-11-15 03:06:29'),(2714,1,'en','plugins/ecommerce/review','published_success','Review published successfully!','2023-11-15 03:06:29','2023-11-15 03:06:29'),(2715,1,'en','plugins/ecommerce/review','unpublished_success','Review unpublished successfully!','2023-11-15 03:06:29','2023-11-15 03:06:29'),(2716,1,'en','plugins/ecommerce/review','delete_modal.title','Delete review','2023-11-15 03:06:29','2023-11-15 03:06:29'),(2717,1,'en','plugins/ecommerce/review','delete_modal.description','Are you sure you want to delete this review? This action cannot be undone!','2023-11-15 03:06:29','2023-11-15 03:06:29'),(2718,1,'en','plugins/ecommerce/shipping','name','Shipping Rules','2023-11-15 03:06:29','2023-11-15 03:06:29'),(2719,1,'en','plugins/ecommerce/shipping','shipping','Shipping','2023-11-15 03:06:29','2023-11-15 03:06:29'),(2720,1,'en','plugins/ecommerce/shipping','title','Title','2023-11-15 03:06:29','2023-11-15 03:06:29'),(2721,1,'en','plugins/ecommerce/shipping','amount','Amount','2023-11-15 03:06:29','2023-11-15 03:06:29'),(2722,1,'en','plugins/ecommerce/shipping','enable','Enable','2023-11-15 03:06:29','2023-11-15 03:06:29'),(2723,1,'en','plugins/ecommerce/shipping','enabled','Enabled','2023-11-15 03:06:29','2023-11-15 03:06:29'),(2724,1,'en','plugins/ecommerce/shipping','disable','Disable','2023-11-15 03:06:29','2023-11-15 03:06:29'),(2725,1,'en','plugins/ecommerce/shipping','disabled','Disabled','2023-11-15 03:06:29','2023-11-15 03:06:29'),(2726,1,'en','plugins/ecommerce/shipping','create_shipping','Create a shipping','2023-11-15 03:06:29','2023-11-15 03:06:29'),(2727,1,'en','plugins/ecommerce/shipping','edit_shipping','Edit shipping :code','2023-11-15 03:06:29','2023-11-15 03:06:29'),(2728,1,'en','plugins/ecommerce/shipping','status','Status','2023-11-15 03:06:29','2023-11-15 03:06:29'),(2729,1,'en','plugins/ecommerce/shipping','shipping_methods','Shipping methods','2023-11-15 03:06:29','2023-11-15 03:06:29'),(2730,1,'en','plugins/ecommerce/shipping','create_shipping_method','Create shipping method','2023-11-15 03:06:29','2023-11-15 03:06:29'),(2731,1,'en','plugins/ecommerce/shipping','edit_shipping_method','Edit shipping method','2023-11-15 03:06:29','2023-11-15 03:06:29'),(2732,1,'en','plugins/ecommerce/shipping','add_shipping_region','Add shipping region','2023-11-15 03:06:29','2023-11-15 03:06:29'),(2733,1,'en','plugins/ecommerce/shipping','country','Country','2023-11-15 03:06:29','2023-11-15 03:06:29'),(2734,1,'en','plugins/ecommerce/shipping','state','State','2023-11-15 03:06:29','2023-11-15 03:06:29'),(2735,1,'en','plugins/ecommerce/shipping','city','City','2023-11-15 03:06:29','2023-11-15 03:06:29'),(2736,1,'en','plugins/ecommerce/shipping','address','Address','2023-11-15 03:06:29','2023-11-15 03:06:29'),(2737,1,'en','plugins/ecommerce/shipping','phone','Phone','2023-11-15 03:06:29','2023-11-15 03:06:29'),(2738,1,'en','plugins/ecommerce/shipping','email','Email','2023-11-15 03:06:29','2023-11-15 03:06:29'),(2739,1,'en','plugins/ecommerce/shipping','zip_code','Zip code','2023-11-15 03:06:29','2023-11-15 03:06:29'),(2740,1,'en','plugins/ecommerce/shipping','methods.default','Default','2023-11-15 03:06:29','2023-11-15 03:06:29'),(2741,1,'en','plugins/ecommerce/shipping','statuses.not_approved','Not approved','2023-11-15 03:06:29','2023-11-15 03:06:29'),(2742,1,'en','plugins/ecommerce/shipping','statuses.approved','Approved','2023-11-15 03:06:29','2023-11-15 03:06:29'),(2743,1,'en','plugins/ecommerce/shipping','statuses.pending','Pending','2023-11-15 03:06:29','2023-11-15 03:06:29'),(2744,1,'en','plugins/ecommerce/shipping','statuses.arrange_shipment','Arrange shipment','2023-11-15 03:06:29','2023-11-15 03:06:29'),(2745,1,'en','plugins/ecommerce/shipping','statuses.ready_to_be_shipped_out','Ready to be shipped out','2023-11-15 03:06:29','2023-11-15 03:06:29'),(2746,1,'en','plugins/ecommerce/shipping','statuses.picking','Picking','2023-11-15 03:06:29','2023-11-15 03:06:29'),(2747,1,'en','plugins/ecommerce/shipping','statuses.delay_picking','Delay picking','2023-11-15 03:06:29','2023-11-15 03:06:29'),(2748,1,'en','plugins/ecommerce/shipping','statuses.picked','Picked','2023-11-15 03:06:29','2023-11-15 03:06:29'),(2749,1,'en','plugins/ecommerce/shipping','statuses.not_picked','Not picked','2023-11-15 03:06:29','2023-11-15 03:06:29'),(2750,1,'en','plugins/ecommerce/shipping','statuses.delivering','Delivering','2023-11-15 03:06:29','2023-11-15 03:06:29'),(2751,1,'en','plugins/ecommerce/shipping','statuses.delivered','Delivered','2023-11-15 03:06:29','2023-11-15 03:06:29'),(2752,1,'en','plugins/ecommerce/shipping','statuses.not_delivered','Not delivered','2023-11-15 03:06:29','2023-11-15 03:06:29'),(2753,1,'en','plugins/ecommerce/shipping','statuses.audited','Audited','2023-11-15 03:06:29','2023-11-15 03:06:29'),(2754,1,'en','plugins/ecommerce/shipping','statuses.canceled','Canceled','2023-11-15 03:06:29','2023-11-15 03:06:29'),(2755,1,'en','plugins/ecommerce/shipping','cod_statuses.pending','Pending','2023-11-15 03:06:29','2023-11-15 03:06:29'),(2756,1,'en','plugins/ecommerce/shipping','cod_statuses.completed','Completed','2023-11-15 03:06:30','2023-11-15 03:06:30'),(2757,1,'en','plugins/ecommerce/shipping','delete','Delete','2023-11-15 03:06:30','2023-11-15 03:06:30'),(2758,1,'en','plugins/ecommerce/shipping','shipping_rules','Shipping Rules','2023-11-15 03:06:30','2023-11-15 03:06:30'),(2759,1,'en','plugins/ecommerce/shipping','shipping_rules_description','Rules to calculate shipping fee.','2023-11-15 03:06:30','2023-11-15 03:06:30'),(2760,1,'en','plugins/ecommerce/shipping','select_country','Select country','2023-11-15 03:06:30','2023-11-15 03:06:30'),(2761,1,'en','plugins/ecommerce/shipping','add_shipping_rule','Add shipping rule','2023-11-15 03:06:30','2023-11-15 03:06:30'),(2762,1,'en','plugins/ecommerce/shipping','delete_shipping_rate','Delete shipping rate for area','2023-11-15 03:06:30','2023-11-15 03:06:30'),(2763,1,'en','plugins/ecommerce/shipping','delete_shipping_rate_confirmation','Are you sure you want to delete <strong class=\"region-price-item-label\"></strong> from this shipping area?','2023-11-15 03:06:30','2023-11-15 03:06:30'),(2764,1,'en','plugins/ecommerce/shipping','delete_shipping_area','Delete shipping area','2023-11-15 03:06:30','2023-11-15 03:06:30'),(2765,1,'en','plugins/ecommerce/shipping','delete_shipping_area_confirmation','Are you sure you want to delete shipping area <strong class=\"region-item-label\"></strong>?','2023-11-15 03:06:30','2023-11-15 03:06:30'),(2766,1,'en','plugins/ecommerce/shipping','add_shipping_fee_for_area','Add shipping fee for area','2023-11-15 03:06:30','2023-11-15 03:06:30'),(2767,1,'en','plugins/ecommerce/shipping','confirm','Confirm','2023-11-15 03:06:30','2023-11-15 03:06:30'),(2768,1,'en','plugins/ecommerce/shipping','save','Save','2023-11-15 03:06:30','2023-11-15 03:06:30'),(2769,1,'en','plugins/ecommerce/shipping','greater_than','Greater than','2023-11-15 03:06:30','2023-11-15 03:06:30'),(2770,1,'en','plugins/ecommerce/shipping','type','Type','2023-11-15 03:06:30','2023-11-15 03:06:30'),(2771,1,'en','plugins/ecommerce/shipping','shipping_rule_name','Name of shipping rule','2023-11-15 03:06:30','2023-11-15 03:06:30'),(2772,1,'en','plugins/ecommerce/shipping','shipping_fee','Shipping fee','2023-11-15 03:06:30','2023-11-15 03:06:30'),(2773,1,'en','plugins/ecommerce/shipping','cancel','Cancel','2023-11-15 03:06:30','2023-11-15 03:06:30'),(2774,1,'en','plugins/ecommerce/shipping','based_on_weight','Based on product\'s weight (:unit)','2023-11-15 03:06:30','2023-11-15 03:06:30'),(2775,1,'en','plugins/ecommerce/shipping','based_on_price','Based on product\'s price','2023-11-15 03:06:30','2023-11-15 03:06:30'),(2776,1,'en','plugins/ecommerce/shipping','shipment_canceled','Shipment was canceled','2023-11-15 03:06:30','2023-11-15 03:06:30'),(2777,1,'en','plugins/ecommerce/shipping','at','At','2023-11-15 03:06:30','2023-11-15 03:06:30'),(2778,1,'en','plugins/ecommerce/shipping','cash_on_delivery','Cash on delivery (COD)','2023-11-15 03:06:30','2023-11-15 03:06:30'),(2779,1,'en','plugins/ecommerce/shipping','update_shipping_status','Update shipping status','2023-11-15 03:06:30','2023-11-15 03:06:30'),(2780,1,'en','plugins/ecommerce/shipping','update_cod_status','Update COD status','2023-11-15 03:06:30','2023-11-15 03:06:30'),(2781,1,'en','plugins/ecommerce/shipping','history','History','2023-11-15 03:06:30','2023-11-15 03:06:30'),(2782,1,'en','plugins/ecommerce/shipping','shipment_information','Shipment information','2023-11-15 03:06:30','2023-11-15 03:06:30'),(2783,1,'en','plugins/ecommerce/shipping','order_number','Order number','2023-11-15 03:06:30','2023-11-15 03:06:30'),(2784,1,'en','plugins/ecommerce/shipping','shipping_method','Shipping method','2023-11-15 03:06:30','2023-11-15 03:06:30'),(2785,1,'en','plugins/ecommerce/shipping','select_shipping_method','Select shipping method','2023-11-15 03:06:30','2023-11-15 03:06:30'),(2786,1,'en','plugins/ecommerce/shipping','cod_status','COD status','2023-11-15 03:06:30','2023-11-15 03:06:30'),(2787,1,'en','plugins/ecommerce/shipping','shipping_status','Shipping status','2023-11-15 03:06:30','2023-11-15 03:06:30'),(2788,1,'en','plugins/ecommerce/shipping','customer_information','Customer information','2023-11-15 03:06:30','2023-11-15 03:06:30'),(2789,1,'en','plugins/ecommerce/shipping','sku','SKU','2023-11-15 03:06:30','2023-11-15 03:06:30'),(2790,1,'en','plugins/ecommerce/shipping','change_status_confirm_title','Confirm <span class=\"shipment-status-label\"></span> ?','2023-11-15 03:06:30','2023-11-15 03:06:30'),(2791,1,'en','plugins/ecommerce/shipping','change_status_confirm_description','Are you sure you want to confirm <span class=\"shipment-status-label\"></span> for this shipment?','2023-11-15 03:06:30','2023-11-15 03:06:30'),(2792,1,'en','plugins/ecommerce/shipping','accept','Accept','2023-11-15 03:06:30','2023-11-15 03:06:30'),(2793,1,'en','plugins/ecommerce/shipping','weight_unit','Weight (:unit)','2023-11-15 03:06:30','2023-11-15 03:06:30'),(2794,1,'en','plugins/ecommerce/shipping','updated_at','Last Update','2023-11-15 03:06:30','2023-11-15 03:06:30'),(2795,1,'en','plugins/ecommerce/shipping','cod_amount','Cash on delivery amount (COD)','2023-11-15 03:06:30','2023-11-15 03:06:30'),(2796,1,'en','plugins/ecommerce/shipping','cancel_shipping','Cancel shipping','2023-11-15 03:06:30','2023-11-15 03:06:30'),(2797,1,'en','plugins/ecommerce/shipping','shipping_address','Shipping address','2023-11-15 03:06:30','2023-11-15 03:06:30'),(2798,1,'en','plugins/ecommerce/shipping','packages','Packages','2023-11-15 03:06:30','2023-11-15 03:06:30'),(2799,1,'en','plugins/ecommerce/shipping','edit','Edit','2023-11-15 03:06:30','2023-11-15 03:06:30'),(2800,1,'en','plugins/ecommerce/shipping','fee','Fee','2023-11-15 03:06:30','2023-11-15 03:06:30'),(2801,1,'en','plugins/ecommerce/shipping','note','Note','2023-11-15 03:06:30','2023-11-15 03:06:30'),(2802,1,'en','plugins/ecommerce/shipping','finish','Finish','2023-11-15 03:06:30','2023-11-15 03:06:30'),(2803,1,'en','plugins/ecommerce/shipping','shipping_fee_cod','Shipping fee/COD','2023-11-15 03:06:30','2023-11-15 03:06:30'),(2804,1,'en','plugins/ecommerce/shipping','send_confirmation_email_to_customer','Send confirmation email to customer','2023-11-15 03:06:30','2023-11-15 03:06:30'),(2805,1,'en','plugins/ecommerce/shipping','form_name','Name','2023-11-15 03:06:30','2023-11-15 03:06:30'),(2806,1,'en','plugins/ecommerce/shipping','changed_shipping_status','Changed status of shipping to: :status. Updated by: %user_name%','2023-11-15 03:06:30','2023-11-15 03:06:30'),(2807,1,'en','plugins/ecommerce/shipping','order_confirmed_by','Order confirmed by %user_name%','2023-11-15 03:06:30','2023-11-15 03:06:30'),(2808,1,'en','plugins/ecommerce/shipping','shipping_canceled_by','Shipping is cancelled by %user_name%','2023-11-15 03:06:30','2023-11-15 03:06:30'),(2809,1,'en','plugins/ecommerce/shipping','update_shipping_status_success','Update shipping status successfully!','2023-11-15 03:06:30','2023-11-15 03:06:30'),(2810,1,'en','plugins/ecommerce/shipping','update_cod_status_success','Updated COD status of shipping successfully!','2023-11-15 03:06:30','2023-11-15 03:06:30'),(2811,1,'en','plugins/ecommerce/shipping','updated_cod_status_by','Updated COD status to :status . Updated by: %user_name%','2023-11-15 03:06:30','2023-11-15 03:06:30'),(2812,1,'en','plugins/ecommerce/shipping','all','All','2023-11-15 03:06:30','2023-11-15 03:06:30'),(2813,1,'en','plugins/ecommerce/shipping','error_when_adding_new_region','There is an error when adding new region!','2023-11-15 03:06:30','2023-11-15 03:06:30'),(2814,1,'en','plugins/ecommerce/shipping','delivery','Delivery','2023-11-15 03:06:30','2023-11-15 03:06:30'),(2815,1,'en','plugins/ecommerce/shipping','adjustment_price_of','Adjustment price of :key','2023-11-15 03:06:30','2023-11-15 03:06:30'),(2816,1,'en','plugins/ecommerce/shipping','warehouse','Warehouse','2023-11-15 03:06:30','2023-11-15 03:06:30'),(2817,1,'en','plugins/ecommerce/shipping','delivery_note','Delivery note','2023-11-15 03:06:30','2023-11-15 03:06:30'),(2818,1,'en','plugins/ecommerce/shipping','shipments','Shipments','2023-11-15 03:06:30','2023-11-15 03:06:30'),(2819,1,'en','plugins/ecommerce/shipping','order_id','Order ID','2023-11-15 03:06:30','2023-11-15 03:06:30'),(2820,1,'en','plugins/ecommerce/shipping','not_available','Not available','2023-11-15 03:06:30','2023-11-15 03:06:30'),(2821,1,'en','plugins/ecommerce/shipping','shipping_amount','Shipping Amount','2023-11-15 03:06:30','2023-11-15 03:06:30'),(2822,1,'en','plugins/ecommerce/shipping','additional_shipment_information','Additional shipment information','2023-11-15 03:06:30','2023-11-15 03:06:30'),(2823,1,'en','plugins/ecommerce/shipping','shipping_company_name','Shipping Company Name','2023-11-15 03:06:30','2023-11-15 03:06:30'),(2824,1,'en','plugins/ecommerce/shipping','tracking_id','Tracking ID','2023-11-15 03:06:30','2023-11-15 03:06:30'),(2825,1,'en','plugins/ecommerce/shipping','tracking_link','Tracking Link','2023-11-15 03:06:30','2023-11-15 03:06:30'),(2826,1,'en','plugins/ecommerce/shipping','estimate_date_shipped','Estimate Date Shipped','2023-11-15 03:06:30','2023-11-15 03:06:30'),(2827,1,'en','plugins/ecommerce/shipping','date_shipped','Date Shipped','2023-11-15 03:06:30','2023-11-15 03:06:30'),(2828,1,'en','plugins/ecommerce/shipping','add_note','Add note...','2023-11-15 03:06:30','2023-11-15 03:06:30'),(2829,1,'en','plugins/ecommerce/shipping','view_order','View Order :order_id','2023-11-15 03:06:30','2023-11-15 03:06:30'),(2830,1,'en','plugins/ecommerce/shipping','rule.types.based_on_weight','Based on product\'s weight (:unit)','2023-11-15 03:06:30','2023-11-15 03:06:30'),(2831,1,'en','plugins/ecommerce/shipping','rule.types.based_on_price','Based on product\'s price','2023-11-15 03:06:30','2023-11-15 03:06:30'),(2832,1,'en','plugins/ecommerce/shipping','rule.types.based_on_zipcode','Based on zipcode','2023-11-15 03:06:30','2023-11-15 03:06:30'),(2833,1,'en','plugins/ecommerce/shipping','rule.types.based_on_location','Based on location','2023-11-15 03:06:30','2023-11-15 03:06:30'),(2834,1,'en','plugins/ecommerce/shipping','rule.types.unavailable','Unavailable','2023-11-15 03:06:30','2023-11-15 03:06:30'),(2835,1,'en','plugins/ecommerce/shipping','rule.item.name','Shipping Rule Items','2023-11-15 03:06:30','2023-11-15 03:06:30'),(2836,1,'en','plugins/ecommerce/shipping','rule.item.edit','Edit item','2023-11-15 03:06:30','2023-11-15 03:06:30'),(2837,1,'en','plugins/ecommerce/shipping','rule.item.create','Create new item','2023-11-15 03:06:30','2023-11-15 03:06:30'),(2838,1,'en','plugins/ecommerce/shipping','rule.item.delete','Delete shipping rule item','2023-11-15 03:06:30','2023-11-15 03:06:30'),(2839,1,'en','plugins/ecommerce/shipping','rule.item.confirmation','Are you sure you want to delete shipping rule item <strong class=\"item-label\"></strong>?','2023-11-15 03:06:30','2023-11-15 03:06:30'),(2840,1,'en','plugins/ecommerce/shipping','rule.item.load_data_table','Load data table (:total)','2023-11-15 03:06:30','2023-11-15 03:06:30'),(2841,1,'en','plugins/ecommerce/shipping','rule.item.tables.shipping_rule','Shipping rule','2023-11-15 03:06:30','2023-11-15 03:06:30'),(2842,1,'en','plugins/ecommerce/shipping','rule.item.tables.country','Country','2023-11-15 03:06:30','2023-11-15 03:06:30'),(2843,1,'en','plugins/ecommerce/shipping','rule.item.tables.state','State','2023-11-15 03:06:30','2023-11-15 03:06:30'),(2844,1,'en','plugins/ecommerce/shipping','rule.item.tables.city','City','2023-11-15 03:06:30','2023-11-15 03:06:30'),(2845,1,'en','plugins/ecommerce/shipping','rule.item.tables.zip_code','Zip code','2023-11-15 03:06:30','2023-11-15 03:06:30'),(2846,1,'en','plugins/ecommerce/shipping','rule.item.tables.adjustment_price','Adjustment price','2023-11-15 03:06:30','2023-11-15 03:06:30'),(2847,1,'en','plugins/ecommerce/shipping','rule.item.tables.is_enabled','Is enabled?','2023-11-15 03:06:30','2023-11-15 03:06:30'),(2848,1,'en','plugins/ecommerce/shipping','rule.item.forms.country','Country','2023-11-15 03:06:30','2023-11-15 03:06:30'),(2849,1,'en','plugins/ecommerce/shipping','rule.item.forms.country_placeholder','Country','2023-11-15 03:06:30','2023-11-15 03:06:30'),(2850,1,'en','plugins/ecommerce/shipping','rule.item.forms.state','State','2023-11-15 03:06:30','2023-11-15 03:06:30'),(2851,1,'en','plugins/ecommerce/shipping','rule.item.forms.state_placeholder','State','2023-11-15 03:06:30','2023-11-15 03:06:30'),(2852,1,'en','plugins/ecommerce/shipping','rule.item.forms.city','City','2023-11-15 03:06:30','2023-11-15 03:06:30'),(2853,1,'en','plugins/ecommerce/shipping','rule.item.forms.city_placeholder','City','2023-11-15 03:06:31','2023-11-15 03:06:31'),(2854,1,'en','plugins/ecommerce/shipping','rule.item.forms.zip_code','Zip code','2023-11-15 03:06:31','2023-11-15 03:06:31'),(2855,1,'en','plugins/ecommerce/shipping','rule.item.forms.zip_code_placeholder','Zip code','2023-11-15 03:06:31','2023-11-15 03:06:31'),(2856,1,'en','plugins/ecommerce/shipping','rule.item.forms.adjustment_price','Adjustment price','2023-11-15 03:06:31','2023-11-15 03:06:31'),(2857,1,'en','plugins/ecommerce/shipping','rule.item.forms.adjustment_price_placeholder','Adjustment price','2023-11-15 03:06:31','2023-11-15 03:06:31'),(2858,1,'en','plugins/ecommerce/shipping','rule.item.forms.is_enabled','Is enabled?','2023-11-15 03:06:31','2023-11-15 03:06:31'),(2859,1,'en','plugins/ecommerce/shipping','rule.item.forms.shipping_rule','Shipping rule','2023-11-15 03:06:31','2023-11-15 03:06:31'),(2860,1,'en','plugins/ecommerce/shipping','rule.item.forms.no_shipping_rule','No shipping rule','2023-11-15 03:06:31','2023-11-15 03:06:31'),(2861,1,'en','plugins/ecommerce/shipping','rule.item.bulk-import.menu','Bulk import Shipping Rule Items','2023-11-15 03:06:31','2023-11-15 03:06:31'),(2862,1,'en','plugins/ecommerce/shipping','rule.item.bulk-import.greater_than_or_equal','Only numbers or decimals are accepted and greater than or equal to :min.','2023-11-15 03:06:31','2023-11-15 03:06:31'),(2863,1,'en','plugins/ecommerce/shipping','rule.item.bulk-import.less_than_or_equal','Only numbers or decimals are accepted and less than or equal to :max.','2023-11-15 03:06:31','2023-11-15 03:06:31'),(2864,1,'en','plugins/ecommerce/shipping','rule.item.bulk-import.between','Only numbers or decimals are accepted and between :min and :max.','2023-11-15 03:06:31','2023-11-15 03:06:31'),(2865,1,'en','plugins/ecommerce/shipping','rule.item.bulk-import.overwrite','Overwrite','2023-11-15 03:06:31','2023-11-15 03:06:31'),(2866,1,'en','plugins/ecommerce/shipping','rule.item.bulk-import.add_new','Add new','2023-11-15 03:06:31','2023-11-15 03:06:31'),(2867,1,'en','plugins/ecommerce/shipping','rule.item.bulk-import.skip','Skip','2023-11-15 03:06:31','2023-11-15 03:06:31'),(2868,1,'en','plugins/ecommerce/shipping','rule.select_type','Select type','2023-11-15 03:06:31','2023-11-15 03:06:31'),(2869,1,'en','plugins/ecommerce/shipping','rule.cannot_create_rule_type_for_this_location','Cannot create rule type \":type\" on this location!','2023-11-15 03:06:31','2023-11-15 03:06:31'),(2870,1,'en','plugins/ecommerce/store-locator','name','Store locators','2023-11-15 03:06:31','2023-11-15 03:06:31'),(2871,1,'en','plugins/ecommerce/store-locator','description','This address will appear on your invoice and will be used to calculate your shipping price.','2023-11-15 03:06:31','2023-11-15 03:06:31'),(2872,1,'en','plugins/ecommerce/store-locator','shop_name','Shop name','2023-11-15 03:06:31','2023-11-15 03:06:31'),(2873,1,'en','plugins/ecommerce/store-locator','phone','Phone','2023-11-15 03:06:31','2023-11-15 03:06:31'),(2874,1,'en','plugins/ecommerce/store-locator','email','Email','2023-11-15 03:06:31','2023-11-15 03:06:31'),(2875,1,'en','plugins/ecommerce/store-locator','state','State','2023-11-15 03:06:31','2023-11-15 03:06:31'),(2876,1,'en','plugins/ecommerce/store-locator','city','City','2023-11-15 03:06:31','2023-11-15 03:06:31'),(2877,1,'en','plugins/ecommerce/store-locator','country','Country','2023-11-15 03:06:31','2023-11-15 03:06:31'),(2878,1,'en','plugins/ecommerce/store-locator','address','Address','2023-11-15 03:06:31','2023-11-15 03:06:31'),(2879,1,'en','plugins/ecommerce/store-locator','primary_store_is','Primary store is','2023-11-15 03:06:31','2023-11-15 03:06:31'),(2880,1,'en','plugins/ecommerce/store-locator','store_name','Store name','2023-11-15 03:06:31','2023-11-15 03:06:31'),(2881,1,'en','plugins/ecommerce/store-locator','select_country','Select country...','2023-11-15 03:06:31','2023-11-15 03:06:31'),(2882,1,'en','plugins/ecommerce/store-locator','default_shipping_location','Default shipping location','2023-11-15 03:06:31','2023-11-15 03:06:31'),(2883,1,'en','plugins/ecommerce/store-locator','default_store','Default store','2023-11-15 03:06:31','2023-11-15 03:06:31'),(2884,1,'en','plugins/ecommerce/store-locator','company','Company','2023-11-15 03:06:31','2023-11-15 03:06:31'),(2885,1,'en','plugins/ecommerce/store-locator','zip_code','Zip Code','2023-11-15 03:06:31','2023-11-15 03:06:31'),(2886,1,'en','plugins/ecommerce/tax','name','Taxes','2023-11-15 03:06:31','2023-11-15 03:06:31'),(2887,1,'en','plugins/ecommerce/tax','create','Create a tax','2023-11-15 03:06:31','2023-11-15 03:06:31'),(2888,1,'en','plugins/ecommerce/tax','edit','Edit tax :title','2023-11-15 03:06:31','2023-11-15 03:06:31'),(2889,1,'en','plugins/ecommerce/tax','title','Title','2023-11-15 03:06:31','2023-11-15 03:06:31'),(2890,1,'en','plugins/ecommerce/tax','percentage','Percentage %','2023-11-15 03:06:31','2023-11-15 03:06:31'),(2891,1,'en','plugins/ecommerce/tax','priority','Priority','2023-11-15 03:06:31','2023-11-15 03:06:31'),(2892,1,'en','plugins/ecommerce/tax','select_tax','-- select --','2023-11-15 03:06:31','2023-11-15 03:06:31'),(2893,1,'en','plugins/ecommerce/tax','default','Default','2023-11-15 03:06:31','2023-11-15 03:06:31'),(2894,1,'en','plugins/ecommerce/tax','country','Country','2023-11-15 03:06:31','2023-11-15 03:06:31'),(2895,1,'en','plugins/ecommerce/tax','state','State','2023-11-15 03:06:31','2023-11-15 03:06:31'),(2896,1,'en','plugins/ecommerce/tax','city','City','2023-11-15 03:06:31','2023-11-15 03:06:31'),(2897,1,'en','plugins/ecommerce/tax','zip_code','Zipcode','2023-11-15 03:06:31','2023-11-15 03:06:31'),(2898,1,'en','plugins/ecommerce/tax','rules','Rules','2023-11-15 03:06:31','2023-11-15 03:06:31'),(2899,1,'en','plugins/ecommerce/tax','tax','Tax','2023-11-15 03:06:31','2023-11-15 03:06:31'),(2900,1,'en','plugins/ecommerce/tax','rule.name','Tax rules','2023-11-15 03:06:31','2023-11-15 03:06:31'),(2901,1,'en','plugins/ecommerce/tax','rule.create','Create a tax rule','2023-11-15 03:06:31','2023-11-15 03:06:31'),(2902,1,'en','plugins/ecommerce/tax','rule.edit','Edit tax rule :title','2023-11-15 03:06:31','2023-11-15 03:06:31'),(2903,1,'en','plugins/faq/faq-category','name','Categories','2023-11-15 03:06:31','2023-11-15 03:06:31'),(2904,1,'en','plugins/faq/faq-category','create','New category','2023-11-15 03:06:31','2023-11-15 03:06:31'),(2905,1,'en','plugins/faq/faq','name','FAQ','2023-11-15 03:06:31','2023-11-15 03:06:31'),(2906,1,'en','plugins/faq/faq','create','New faq','2023-11-15 03:06:31','2023-11-15 03:06:31'),(2907,1,'en','plugins/faq/faq','question','Question','2023-11-15 03:06:31','2023-11-15 03:06:31'),(2908,1,'en','plugins/faq/faq','answer','Answer','2023-11-15 03:06:31','2023-11-15 03:06:31'),(2909,1,'en','plugins/faq/faq','category','Category','2023-11-15 03:06:31','2023-11-15 03:06:31'),(2910,1,'en','plugins/faq/faq','all','All','2023-11-15 03:06:31','2023-11-15 03:06:31'),(2911,1,'en','plugins/faq/faq','faq_schema_config','FAQ schema configuration (:link)','2023-11-15 03:06:31','2023-11-15 03:06:31'),(2912,1,'en','plugins/faq/faq','learn_more','Learn more','2023-11-15 03:06:31','2023-11-15 03:06:31'),(2913,1,'en','plugins/faq/faq','settings.title','FAQ','2023-11-15 03:06:31','2023-11-15 03:06:31'),(2914,1,'en','plugins/faq/faq','settings.description','Settings for FAQ','2023-11-15 03:06:31','2023-11-15 03:06:31'),(2915,1,'en','plugins/faq/faq','settings.enable_faq_schema','Enable FAQ Schema?','2023-11-15 03:06:31','2023-11-15 03:06:31'),(2916,1,'en','plugins/faq/faq','settings.enable_faq_schema_description','Learn more: https://developers.google.com/search/docs/data-types/faqpage','2023-11-15 03:06:31','2023-11-15 03:06:31'),(2917,1,'en','plugins/faq/faq','select_category','Select a category','2023-11-15 03:06:31','2023-11-15 03:06:31'),(2918,1,'en','plugins/faq/faq','add_item','Add item','2023-11-15 03:06:31','2023-11-15 03:06:31'),(2919,1,'en','plugins/gallery/gallery','create','Create new gallery','2023-11-15 03:06:31','2023-11-15 03:06:31'),(2920,1,'en','plugins/gallery/gallery','galleries','Galleries','2023-11-15 03:06:31','2023-11-15 03:06:31'),(2921,1,'en','plugins/gallery/gallery','item','Gallery item','2023-11-15 03:06:31','2023-11-15 03:06:31'),(2922,1,'en','plugins/gallery/gallery','select_image','Select images','2023-11-15 03:06:31','2023-11-15 03:06:31'),(2923,1,'en','plugins/gallery/gallery','reset','Reset gallery','2023-11-15 03:06:31','2023-11-15 03:06:31'),(2924,1,'en','plugins/gallery/gallery','update_photo_description','Update photo\'s description','2023-11-15 03:06:31','2023-11-15 03:06:31'),(2925,1,'en','plugins/gallery/gallery','update_photo_description_placeholder','Photo\'s description...','2023-11-15 03:06:31','2023-11-15 03:06:31'),(2926,1,'en','plugins/gallery/gallery','delete_photo','Delete this photo','2023-11-15 03:06:31','2023-11-15 03:06:31'),(2927,1,'en','plugins/gallery/gallery','gallery_box','Gallery images','2023-11-15 03:06:31','2023-11-15 03:06:31'),(2928,1,'en','plugins/gallery/gallery','by','By','2023-11-15 03:06:31','2023-11-15 03:06:31'),(2929,1,'en','plugins/gallery/gallery','menu_name','Galleries','2023-11-15 03:06:31','2023-11-15 03:06:31'),(2930,1,'en','plugins/gallery/gallery','gallery_images','Gallery images','2023-11-15 03:06:31','2023-11-15 03:06:31'),(2931,1,'en','plugins/gallery/gallery','add_gallery_short_code','Add a gallery','2023-11-15 03:06:31','2023-11-15 03:06:31'),(2932,1,'en','plugins/gallery/gallery','shortcode_name','Gallery images','2023-11-15 03:06:31','2023-11-15 03:06:31'),(2933,1,'en','plugins/gallery/gallery','limit_display','Limit number display','2023-11-15 03:06:31','2023-11-15 03:06:31'),(2934,1,'en','plugins/gallery/gallery','edit_this_gallery','Edit this gallery','2023-11-15 03:06:31','2023-11-15 03:06:31'),(2935,1,'en','plugins/gallery/gallery','galleries_page','Galleries page','2023-11-15 03:06:31','2023-11-15 03:06:31'),(2936,1,'en','plugins/language/language','name','Languages','2023-11-15 03:06:31','2023-11-15 03:06:31'),(2937,1,'en','plugins/language/language','choose_language','Choose a language','2023-11-15 03:06:31','2023-11-15 03:06:31'),(2938,1,'en','plugins/language/language','select_language','Select language','2023-11-15 03:06:31','2023-11-15 03:06:31'),(2939,1,'en','plugins/language/language','choose_language_helper','You can choose a language in the list or directly edit it below.','2023-11-15 03:06:31','2023-11-15 03:06:31'),(2940,1,'en','plugins/language/language','language_name','Language name','2023-11-15 03:06:32','2023-11-15 03:06:32'),(2941,1,'en','plugins/language/language','language_name_helper','The name is how it is displayed on your site (for example: English).','2023-11-15 03:06:32','2023-11-15 03:06:32'),(2942,1,'en','plugins/language/language','locale','Locale','2023-11-15 03:06:32','2023-11-15 03:06:32'),(2943,1,'en','plugins/language/language','locale_helper','Laravel Locale for the language (for example: <code>en</code>).','2023-11-15 03:06:32','2023-11-15 03:06:32'),(2944,1,'en','plugins/language/language','language_code','Language code','2023-11-15 03:06:32','2023-11-15 03:06:32'),(2945,1,'en','plugins/language/language','language_code_helper','Language code - preferably 2-letters ISO 639-1 (for example: en)','2023-11-15 03:06:32','2023-11-15 03:06:32'),(2946,1,'en','plugins/language/language','text_direction','Text direction','2023-11-15 03:06:32','2023-11-15 03:06:32'),(2947,1,'en','plugins/language/language','text_direction_helper','Choose the text direction for the language','2023-11-15 03:06:32','2023-11-15 03:06:32'),(2948,1,'en','plugins/language/language','left_to_right','Left to right','2023-11-15 03:06:32','2023-11-15 03:06:32'),(2949,1,'en','plugins/language/language','right_to_left','Right to left','2023-11-15 03:06:32','2023-11-15 03:06:32'),(2950,1,'en','plugins/language/language','flag','Flag','2023-11-15 03:06:32','2023-11-15 03:06:32'),(2951,1,'en','plugins/language/language','flag_helper','Choose a flag for the language.','2023-11-15 03:06:32','2023-11-15 03:06:32'),(2952,1,'en','plugins/language/language','order','Order','2023-11-15 03:06:32','2023-11-15 03:06:32'),(2953,1,'en','plugins/language/language','order_helper','Position of the language in the language switcher','2023-11-15 03:06:32','2023-11-15 03:06:32'),(2954,1,'en','plugins/language/language','add_new_language','Add new language','2023-11-15 03:06:32','2023-11-15 03:06:32'),(2955,1,'en','plugins/language/language','code','Code','2023-11-15 03:06:32','2023-11-15 03:06:32'),(2956,1,'en','plugins/language/language','default_language','Is default?','2023-11-15 03:06:32','2023-11-15 03:06:32'),(2957,1,'en','plugins/language/language','actions','Actions','2023-11-15 03:06:32','2023-11-15 03:06:32'),(2958,1,'en','plugins/language/language','translations','Translations','2023-11-15 03:06:32','2023-11-15 03:06:32'),(2959,1,'en','plugins/language/language','edit','Edit','2023-11-15 03:06:32','2023-11-15 03:06:32'),(2960,1,'en','plugins/language/language','edit_tooltip','Edit this language','2023-11-15 03:06:32','2023-11-15 03:06:32'),(2961,1,'en','plugins/language/language','delete','Delete','2023-11-15 03:06:32','2023-11-15 03:06:32'),(2962,1,'en','plugins/language/language','delete_tooltip','Delete this language and all its associated data','2023-11-15 03:06:32','2023-11-15 03:06:32'),(2963,1,'en','plugins/language/language','choose_default_language','Choose :language as default language','2023-11-15 03:06:32','2023-11-15 03:06:32'),(2964,1,'en','plugins/language/language','current_language','Current record\'s language','2023-11-15 03:06:32','2023-11-15 03:06:32'),(2965,1,'en','plugins/language/language','edit_related','Edit related language for this record','2023-11-15 03:06:32','2023-11-15 03:06:32'),(2966,1,'en','plugins/language/language','add_language_for_item','Add other language version for this record','2023-11-15 03:06:32','2023-11-15 03:06:32'),(2967,1,'en','plugins/language/language','settings','Settings','2023-11-15 03:06:32','2023-11-15 03:06:32'),(2968,1,'en','plugins/language/language','language_hide_default','Hide default language from URL?','2023-11-15 03:06:32','2023-11-15 03:06:32'),(2969,1,'en','plugins/language/language','language_display_flag_only','Flag only','2023-11-15 03:06:32','2023-11-15 03:06:32'),(2970,1,'en','plugins/language/language','language_display_name_only','Name only','2023-11-15 03:06:32','2023-11-15 03:06:32'),(2971,1,'en','plugins/language/language','language_display_all','Display all flag and name','2023-11-15 03:06:32','2023-11-15 03:06:32'),(2972,1,'en','plugins/language/language','language_display','Language display','2023-11-15 03:06:32','2023-11-15 03:06:32'),(2973,1,'en','plugins/language/language','switcher_display','Switcher language display','2023-11-15 03:06:32','2023-11-15 03:06:32'),(2974,1,'en','plugins/language/language','language_switcher_display_dropdown','Dropdown','2023-11-15 03:06:32','2023-11-15 03:06:32'),(2975,1,'en','plugins/language/language','language_switcher_display_list','List','2023-11-15 03:06:32','2023-11-15 03:06:32'),(2976,1,'en','plugins/language/language','current_language_edit_notification','You are editing \"<strong class=\"current_language_text\">:language</strong>\" version','2023-11-15 03:06:32','2023-11-15 03:06:32'),(2977,1,'en','plugins/language/language','confirm-change-language','Confirm change language','2023-11-15 03:06:32','2023-11-15 03:06:32'),(2978,1,'en','plugins/language/language','confirm-change-language-message','Do you really want to change language to \"<strong class=\"change_to_language_text\"></strong>\" ? This action will be override \"<strong class=\"change_to_language_text\"></strong>\" version if it\'s existed!','2023-11-15 03:06:32','2023-11-15 03:06:32'),(2979,1,'en','plugins/language/language','confirm-change-language-btn','Confirm change','2023-11-15 03:06:32','2023-11-15 03:06:32'),(2980,1,'en','plugins/language/language','hide_languages','Hide languages','2023-11-15 03:06:32','2023-11-15 03:06:32'),(2981,1,'en','plugins/language/language','hide_languages_description','You can completely hide content in specific languages from visitors and search engines, but still view it yourself. This allows reviewing translations that are in progress.','2023-11-15 03:06:32','2023-11-15 03:06:32'),(2982,1,'en','plugins/language/language','hide_languages_helper_display_hidden','{0} All languages are currently displayed.|{1} :language is currently hidden to visitors.|[2, Inf] :language are currently hidden to visitors.','2023-11-15 03:06:32','2023-11-15 03:06:32'),(2983,1,'en','plugins/language/language','show_all','Show all','2023-11-15 03:06:32','2023-11-15 03:06:32'),(2984,1,'en','plugins/language/language','change_language','Language','2023-11-15 03:06:32','2023-11-15 03:06:32'),(2985,1,'en','plugins/language/language','language_show_default_item_if_current_version_not_existed','Show item in default language if it is not existed in current language','2023-11-15 03:06:32','2023-11-15 03:06:32'),(2986,1,'en','plugins/language/language','select_flag','Select a flag...','2023-11-15 03:06:32','2023-11-15 03:06:32'),(2987,1,'en','plugins/language/language','delete_confirmation_message','Do you really want to delete this language? It also deletes all items in this language and cannot rollback!','2023-11-15 03:06:32','2023-11-15 03:06:32'),(2988,1,'en','plugins/language/language','added_already','This language was added already!','2023-11-15 03:06:32','2023-11-15 03:06:32'),(2989,1,'en','plugins/language/language','language_auto_detect_user_language','Auto detect user language?','2023-11-15 03:06:32','2023-11-15 03:06:32'),(2990,1,'en','plugins/location/bulk-import','name','Bulk Import','2023-11-15 03:06:32','2023-11-15 03:06:32'),(2991,1,'en','plugins/location/bulk-import','imported_successfully','Your locations have been imported successfully!','2023-11-15 03:06:32','2023-11-15 03:06:32'),(2992,1,'en','plugins/location/bulk-import','please_choose_the_file_mime','Please choose the file mime :types','2023-11-15 03:06:32','2023-11-15 03:06:32'),(2993,1,'en','plugins/location/bulk-import','please_choose_the_file','Please choose the file','2023-11-15 03:06:32','2023-11-15 03:06:32'),(2994,1,'en','plugins/location/bulk-import','start_import','Start Import','2023-11-15 03:06:32','2023-11-15 03:06:32'),(2995,1,'en','plugins/location/bulk-import','note','Note!','2023-11-15 03:06:32','2023-11-15 03:06:32'),(2996,1,'en','plugins/location/bulk-import','warning_before_importing','If this is your first time using this feature, please read the documentation or contact the Administrator for access to the correct functionality!','2023-11-15 03:06:32','2023-11-15 03:06:32'),(2997,1,'en','plugins/location/bulk-import','results','Result: :success successes, :failed failures','2023-11-15 03:06:32','2023-11-15 03:06:32'),(2998,1,'en','plugins/location/bulk-import','failures','Failures','2023-11-15 03:06:32','2023-11-15 03:06:32'),(2999,1,'en','plugins/location/bulk-import','tables.import','Import','2023-11-15 03:06:32','2023-11-15 03:06:32'),(3000,1,'en','plugins/location/bulk-import','template','Template','2023-11-15 03:06:32','2023-11-15 03:06:32'),(3001,1,'en','plugins/location/bulk-import','rules','Rules','2023-11-15 03:06:32','2023-11-15 03:06:32'),(3002,1,'en','plugins/location/bulk-import','choose_file_with_mime','Choose file with mime: (:types)','2023-11-15 03:06:32','2023-11-15 03:06:32'),(3003,1,'en','plugins/location/bulk-import','choose_file','Choose file','2023-11-15 03:06:32','2023-11-15 03:06:32'),(3004,1,'en','plugins/location/bulk-import','menu','Import locations','2023-11-15 03:06:32','2023-11-15 03:06:32'),(3005,1,'en','plugins/location/bulk-import','download-csv-file','Download CSV template','2023-11-15 03:06:32','2023-11-15 03:06:32'),(3006,1,'en','plugins/location/bulk-import','download-excel-file','Download Excel template','2023-11-15 03:06:32','2023-11-15 03:06:32'),(3007,1,'en','plugins/location/bulk-import','downloading','Downloading...','2023-11-15 03:06:32','2023-11-15 03:06:32'),(3008,1,'en','plugins/location/bulk-import','export.template.input_error','Input error','2023-11-15 03:06:32','2023-11-15 03:06:32'),(3009,1,'en','plugins/location/bulk-import','export.template.number_not_allowed','Number is not allowed!','2023-11-15 03:06:32','2023-11-15 03:06:32'),(3010,1,'en','plugins/location/bulk-import','export.template.allowed_input','Allowed input','2023-11-15 03:06:32','2023-11-15 03:06:32'),(3011,1,'en','plugins/location/bulk-import','export.template.prompt_decimal','Only numbers or decimals are accepted and greater than or equal to :min.','2023-11-15 03:06:32','2023-11-15 03:06:32'),(3012,1,'en','plugins/location/bulk-import','export.template.prompt_whole_number','Only numbers are accepted and greater than or equal to :min.','2023-11-15 03:06:32','2023-11-15 03:06:32'),(3013,1,'en','plugins/location/bulk-import','export.template.prompt_list','Please pick a value from the drop-down list.','2023-11-15 03:06:32','2023-11-15 03:06:32'),(3014,1,'en','plugins/location/bulk-import','export.template.pick_from_list','Pick from list','2023-11-15 03:06:32','2023-11-15 03:06:32'),(3015,1,'en','plugins/location/bulk-import','export.template.value_not_in_list','Value is not in list.','2023-11-15 03:06:32','2023-11-15 03:06:32'),(3016,1,'en','plugins/location/bulk-import','export.template.max_text_length','Max text length','2023-11-15 03:06:32','2023-11-15 03:06:32'),(3017,1,'en','plugins/location/bulk-import','export.template.prompt_max_text_length','Only accept text with length less than or equal to :max.','2023-11-15 03:06:32','2023-11-15 03:06:32'),(3018,1,'en','plugins/location/bulk-import','import_failed_description','Import failed, please check the errors below!','2023-11-15 03:06:32','2023-11-15 03:06:32'),(3019,1,'en','plugins/location/bulk-import','available_enable_multi_language','Only available when you enable \"Is Multi Language?\"','2023-11-15 03:06:32','2023-11-15 03:06:32'),(3020,1,'en','plugins/location/bulk-import','import_type_required_if','The :attribute field is required when \"Import Type\" is :value.','2023-11-15 03:06:32','2023-11-15 03:06:32'),(3021,1,'en','plugins/location/bulk-import','import_available_data','Import available data','2023-11-15 03:06:32','2023-11-15 03:06:32'),(3022,1,'en','plugins/location/bulk-import','import','Import','2023-11-15 03:06:32','2023-11-15 03:06:32'),(3023,1,'en','plugins/location/bulk-import','import_available_data_confirmation','Import available data confirmation','2023-11-15 03:06:32','2023-11-15 03:06:32'),(3024,1,'en','plugins/location/bulk-import','import_available_data_confirmation_content','Do you really want to import states/cities for this country?','2023-11-15 03:06:32','2023-11-15 03:06:32'),(3025,1,'en','plugins/location/bulk-import','upload_file_placeholder','Drag and drop file here or click to upload','2023-11-15 03:06:32','2023-11-15 03:06:32'),(3026,1,'en','plugins/location/bulk-import','uploading','Uploading...','2023-11-15 03:06:32','2023-11-15 03:06:32'),(3027,1,'en','plugins/location/bulk-import','validating','Validating...','2023-11-15 03:06:32','2023-11-15 03:06:32'),(3028,1,'en','plugins/location/bulk-import','importing','Importing...','2023-11-15 03:06:33','2023-11-15 03:06:33'),(3029,1,'en','plugins/location/bulk-import','validating_message','Validating from :from to :to...','2023-11-15 03:06:33','2023-11-15 03:06:33'),(3030,1,'en','plugins/location/bulk-import','importing_message','Importing from :from to :to...','2023-11-15 03:06:33','2023-11-15 03:06:33'),(3031,1,'en','plugins/location/bulk-import','total_rows','You have imported :total rows successfully!','2023-11-15 03:06:33','2023-11-15 03:06:33'),(3032,1,'en','plugins/location/city','name','Cities','2023-11-15 03:06:33','2023-11-15 03:06:33'),(3033,1,'en','plugins/location/city','create','New city','2023-11-15 03:06:33','2023-11-15 03:06:33'),(3034,1,'en','plugins/location/city','state','State','2023-11-15 03:06:33','2023-11-15 03:06:33'),(3035,1,'en','plugins/location/city','select_state','Select state...','2023-11-15 03:06:33','2023-11-15 03:06:33'),(3036,1,'en','plugins/location/city','select_city','Select city...','2023-11-15 03:06:33','2023-11-15 03:06:33'),(3037,1,'en','plugins/location/city','country','Country','2023-11-15 03:06:33','2023-11-15 03:06:33'),(3038,1,'en','plugins/location/city','select_country','Select country...','2023-11-15 03:06:33','2023-11-15 03:06:33'),(3039,1,'en','plugins/location/city','city','City','2023-11-15 03:06:33','2023-11-15 03:06:33'),(3040,1,'en','plugins/location/country','name','Countries','2023-11-15 03:06:33','2023-11-15 03:06:33'),(3041,1,'en','plugins/location/country','create','New country','2023-11-15 03:06:33','2023-11-15 03:06:33'),(3042,1,'en','plugins/location/country','nationality','Nationality','2023-11-15 03:06:33','2023-11-15 03:06:33'),(3043,1,'en','plugins/location/country','code','Country ISO code','2023-11-15 03:06:33','2023-11-15 03:06:33'),(3044,1,'en','plugins/location/country','code_placeholder','ISO country code, uppercase. Ex: US.','2023-11-15 03:06:33','2023-11-15 03:06:33'),(3045,1,'en','plugins/location/country','code_helper','Find country ISO code from here: https://en.wikipedia.org/wiki/List_of_ISO_3166_country_codes','2023-11-15 03:06:33','2023-11-15 03:06:33'),(3046,1,'en','plugins/location/location','name','Locations','2023-11-15 03:06:33','2023-11-15 03:06:33'),(3047,1,'en','plugins/location/location','all_states','All states','2023-11-15 03:06:33','2023-11-15 03:06:33'),(3048,1,'en','plugins/location/location','abbreviation','Abbreviation','2023-11-15 03:06:33','2023-11-15 03:06:33'),(3049,1,'en','plugins/location/location','abbreviation_placeholder','E.g: CA','2023-11-15 03:06:33','2023-11-15 03:06:33'),(3050,1,'en','plugins/location/location','exporting','Exporting','2023-11-15 03:06:33','2023-11-15 03:06:33'),(3051,1,'en','plugins/location/location','total_country','Total countries','2023-11-15 03:06:33','2023-11-15 03:06:33'),(3052,1,'en','plugins/location/location','total_state','Total states','2023-11-15 03:06:33','2023-11-15 03:06:33'),(3053,1,'en','plugins/location/location','total_city','Total cities','2023-11-15 03:06:33','2023-11-15 03:06:33'),(3054,1,'en','plugins/location/location','export_location','Export location','2023-11-15 03:06:33','2023-11-15 03:06:33'),(3055,1,'en','plugins/location/location','start_export','Start exporting','2023-11-15 03:06:33','2023-11-15 03:06:33'),(3056,1,'en','plugins/location/location','enums.import_type.country','Country','2023-11-15 03:06:33','2023-11-15 03:06:33'),(3057,1,'en','plugins/location/location','enums.import_type.state','State','2023-11-15 03:06:33','2023-11-15 03:06:33'),(3058,1,'en','plugins/location/location','enums.import_type.city','City','2023-11-15 03:06:33','2023-11-15 03:06:33'),(3059,1,'en','plugins/location/state','name','States','2023-11-15 03:06:33','2023-11-15 03:06:33'),(3060,1,'en','plugins/location/state','create','New state','2023-11-15 03:06:33','2023-11-15 03:06:33'),(3061,1,'en','plugins/location/state','country','Country','2023-11-15 03:06:33','2023-11-15 03:06:33'),(3062,1,'en','plugins/location/state','select_country','Select a country...','2023-11-15 03:06:33','2023-11-15 03:06:33'),(3063,1,'en','plugins/location/state','state','State','2023-11-15 03:06:33','2023-11-15 03:06:33'),(3064,1,'en','plugins/newsletter/newsletter','name','Newsletters','2023-11-15 03:06:33','2023-11-15 03:06:33'),(3065,1,'en','plugins/newsletter/newsletter','settings.email.templates.title','Newsletter','2023-11-15 03:06:33','2023-11-15 03:06:33'),(3066,1,'en','plugins/newsletter/newsletter','settings.email.templates.description','Config newsletter email templates','2023-11-15 03:06:33','2023-11-15 03:06:33'),(3067,1,'en','plugins/newsletter/newsletter','settings.email.templates.to_admin.title','Email send to admin','2023-11-15 03:06:33','2023-11-15 03:06:33'),(3068,1,'en','plugins/newsletter/newsletter','settings.email.templates.to_admin.description','Template for sending email to admin','2023-11-15 03:06:33','2023-11-15 03:06:33'),(3069,1,'en','plugins/newsletter/newsletter','settings.email.templates.to_user.title','Email send to user','2023-11-15 03:06:33','2023-11-15 03:06:33'),(3070,1,'en','plugins/newsletter/newsletter','settings.email.templates.to_user.description','Template for sending email to subscriber','2023-11-15 03:06:33','2023-11-15 03:06:33'),(3071,1,'en','plugins/newsletter/newsletter','settings.title','Newsletter','2023-11-15 03:06:33','2023-11-15 03:06:33'),(3072,1,'en','plugins/newsletter/newsletter','settings.description','Settings for newsletter (auto send newsletter email to SendGrid, Mailchimp... when someone register newsletter on website).','2023-11-15 03:06:33','2023-11-15 03:06:33'),(3073,1,'en','plugins/newsletter/newsletter','settings.mailchimp_api_key','Mailchimp API Key','2023-11-15 03:06:33','2023-11-15 03:06:33'),(3074,1,'en','plugins/newsletter/newsletter','settings.mailchimp_list_id','Mailchimp List ID','2023-11-15 03:06:33','2023-11-15 03:06:33'),(3075,1,'en','plugins/newsletter/newsletter','settings.mailchimp_list','Mailchimp List','2023-11-15 03:06:33','2023-11-15 03:06:33'),(3076,1,'en','plugins/newsletter/newsletter','settings.sendgrid_api_key','Sendgrid API Key','2023-11-15 03:06:33','2023-11-15 03:06:33'),(3077,1,'en','plugins/newsletter/newsletter','settings.sendgrid_list_id','Sendgrid List ID','2023-11-15 03:06:33','2023-11-15 03:06:33'),(3078,1,'en','plugins/newsletter/newsletter','settings.sendgrid_list','Sendgrid List','2023-11-15 03:06:33','2023-11-15 03:06:33'),(3079,1,'en','plugins/newsletter/newsletter','settings.enable_newsletter_contacts_list_api','Enable newsletter contacts list API?','2023-11-15 03:06:33','2023-11-15 03:06:33'),(3080,1,'en','plugins/newsletter/newsletter','statuses.subscribed','Subscribed','2023-11-15 03:06:33','2023-11-15 03:06:33'),(3081,1,'en','plugins/newsletter/newsletter','statuses.unsubscribed','Unsubscribed','2023-11-15 03:06:33','2023-11-15 03:06:33'),(3082,1,'en','plugins/payment/payment','payments','Payments','2023-11-15 03:06:33','2023-11-15 03:06:33'),(3083,1,'en','plugins/payment/payment','checkout_success','Checkout successfully!','2023-11-15 03:06:33','2023-11-15 03:06:33'),(3084,1,'en','plugins/payment/payment','view_payment','View payment #','2023-11-15 03:06:33','2023-11-15 03:06:33'),(3085,1,'en','plugins/payment/payment','charge_id','Charge ID','2023-11-15 03:06:33','2023-11-15 03:06:33'),(3086,1,'en','plugins/payment/payment','amount','Amount','2023-11-15 03:06:33','2023-11-15 03:06:33'),(3087,1,'en','plugins/payment/payment','currency','Currency','2023-11-15 03:06:33','2023-11-15 03:06:33'),(3088,1,'en','plugins/payment/payment','user','User','2023-11-15 03:06:33','2023-11-15 03:06:33'),(3089,1,'en','plugins/payment/payment','stripe','Stripe','2023-11-15 03:06:33','2023-11-15 03:06:33'),(3090,1,'en','plugins/payment/payment','paypal','PayPal','2023-11-15 03:06:33','2023-11-15 03:06:33'),(3091,1,'en','plugins/payment/payment','action','Action','2023-11-15 03:06:33','2023-11-15 03:06:33'),(3092,1,'en','plugins/payment/payment','payment_via_card','Payment via card','2023-11-15 03:06:33','2023-11-15 03:06:33'),(3093,1,'en','plugins/payment/payment','card_number','Card number','2023-11-15 03:06:33','2023-11-15 03:06:33'),(3094,1,'en','plugins/payment/payment','full_name','Full name','2023-11-15 03:06:33','2023-11-15 03:06:33'),(3095,1,'en','plugins/payment/payment','payment_via_paypal','Fast and safe online payment via PayPal.','2023-11-15 03:06:33','2023-11-15 03:06:33'),(3096,1,'en','plugins/payment/payment','mm_yy','MM/YY','2023-11-15 03:06:33','2023-11-15 03:06:33'),(3097,1,'en','plugins/payment/payment','cvc','CVC','2023-11-15 03:06:33','2023-11-15 03:06:33'),(3098,1,'en','plugins/payment/payment','details','Details','2023-11-15 03:06:33','2023-11-15 03:06:33'),(3099,1,'en','plugins/payment/payment','payer_name','Payer Name','2023-11-15 03:06:33','2023-11-15 03:06:33'),(3100,1,'en','plugins/payment/payment','email','Email','2023-11-15 03:06:33','2023-11-15 03:06:33'),(3101,1,'en','plugins/payment/payment','phone','Phone','2023-11-15 03:06:33','2023-11-15 03:06:33'),(3102,1,'en','plugins/payment/payment','country','Country','2023-11-15 03:06:33','2023-11-15 03:06:33'),(3103,1,'en','plugins/payment/payment','shipping_address','Shipping Address','2023-11-15 03:06:33','2023-11-15 03:06:33'),(3104,1,'en','plugins/payment/payment','payment_details','Payment Details','2023-11-15 03:06:33','2023-11-15 03:06:33'),(3105,1,'en','plugins/payment/payment','card','Card','2023-11-15 03:06:33','2023-11-15 03:06:33'),(3106,1,'en','plugins/payment/payment','address','Address','2023-11-15 03:06:33','2023-11-15 03:06:33'),(3107,1,'en','plugins/payment/payment','could_not_get_stripe_token','Could not get Stripe token to make a charge.','2023-11-15 03:06:33','2023-11-15 03:06:33'),(3108,1,'en','plugins/payment/payment','payment_id','Payment ID','2023-11-15 03:06:33','2023-11-15 03:06:33'),(3109,1,'en','plugins/payment/payment','payment_methods','Payment methods','2023-11-15 03:06:33','2023-11-15 03:06:33'),(3110,1,'en','plugins/payment/payment','transactions','Transactions','2023-11-15 03:06:33','2023-11-15 03:06:33'),(3111,1,'en','plugins/payment/payment','payment_methods_description','Setup payment methods for website','2023-11-15 03:06:33','2023-11-15 03:06:33'),(3112,1,'en','plugins/payment/payment','paypal_description','Customer can buy product and pay directly via PayPal','2023-11-15 03:06:33','2023-11-15 03:06:33'),(3113,1,'en','plugins/payment/payment','use','Use','2023-11-15 03:06:33','2023-11-15 03:06:33'),(3114,1,'en','plugins/payment/payment','stripe_description','Customer can buy product and pay directly using Visa, Credit card via Stripe','2023-11-15 03:06:33','2023-11-15 03:06:33'),(3115,1,'en','plugins/payment/payment','edit','Edit','2023-11-15 03:06:33','2023-11-15 03:06:33'),(3116,1,'en','plugins/payment/payment','settings','Settings','2023-11-15 03:06:33','2023-11-15 03:06:33'),(3117,1,'en','plugins/payment/payment','activate','Activate','2023-11-15 03:06:33','2023-11-15 03:06:33'),(3118,1,'en','plugins/payment/payment','deactivate','Deactivate','2023-11-15 03:06:33','2023-11-15 03:06:33'),(3119,1,'en','plugins/payment/payment','update','Update','2023-11-15 03:06:33','2023-11-15 03:06:33'),(3120,1,'en','plugins/payment/payment','configuration_instruction','Configuration instruction for :name','2023-11-15 03:06:33','2023-11-15 03:06:33'),(3121,1,'en','plugins/payment/payment','configuration_requirement','To use :name, you need','2023-11-15 03:06:34','2023-11-15 03:06:34'),(3122,1,'en','plugins/payment/payment','service_registration','Register with :name','2023-11-15 03:06:34','2023-11-15 03:06:34'),(3123,1,'en','plugins/payment/payment','after_service_registration_msg','After registration at :name, you will have Client ID, Client Secret','2023-11-15 03:06:34','2023-11-15 03:06:34'),(3124,1,'en','plugins/payment/payment','enter_client_id_and_secret','Enter Client ID, Secret into the box in right hand','2023-11-15 03:06:34','2023-11-15 03:06:34'),(3125,1,'en','plugins/payment/payment','method_name','Method name','2023-11-15 03:06:34','2023-11-15 03:06:34'),(3126,1,'en','plugins/payment/payment','please_provide_information','Please provide information','2023-11-15 03:06:34','2023-11-15 03:06:34'),(3127,1,'en','plugins/payment/payment','client_id','Client ID','2023-11-15 03:06:34','2023-11-15 03:06:34'),(3128,1,'en','plugins/payment/payment','client_secret','Client Secret','2023-11-15 03:06:34','2023-11-15 03:06:34'),(3129,1,'en','plugins/payment/payment','secret','Secret','2023-11-15 03:06:34','2023-11-15 03:06:34'),(3130,1,'en','plugins/payment/payment','stripe_key','Stripe Public Key','2023-11-15 03:06:34','2023-11-15 03:06:34'),(3131,1,'en','plugins/payment/payment','stripe_secret','Stripe Private Key','2023-11-15 03:06:34','2023-11-15 03:06:34'),(3132,1,'en','plugins/payment/payment','stripe_after_service_registration_msg','After registration at :name, you will have Public, Secret keys','2023-11-15 03:06:34','2023-11-15 03:06:34'),(3133,1,'en','plugins/payment/payment','stripe_enter_client_id_and_secret','Enter Public, Secret keys into the box in right hand','2023-11-15 03:06:34','2023-11-15 03:06:34'),(3134,1,'en','plugins/payment/payment','pay_online_via','Pay online via :name','2023-11-15 03:06:34','2023-11-15 03:06:34'),(3135,1,'en','plugins/payment/payment','sandbox_mode','Sandbox mode','2023-11-15 03:06:34','2023-11-15 03:06:34'),(3136,1,'en','plugins/payment/payment','deactivate_payment_method','Deactivate payment method','2023-11-15 03:06:34','2023-11-15 03:06:34'),(3137,1,'en','plugins/payment/payment','deactivate_payment_method_description','Do you really want to deactivate this payment method?','2023-11-15 03:06:34','2023-11-15 03:06:34'),(3138,1,'en','plugins/payment/payment','agree','Agree','2023-11-15 03:06:34','2023-11-15 03:06:34'),(3139,1,'en','plugins/payment/payment','name','Payments','2023-11-15 03:06:34','2023-11-15 03:06:34'),(3140,1,'en','plugins/payment/payment','create','New payment','2023-11-15 03:06:34','2023-11-15 03:06:34'),(3141,1,'en','plugins/payment/payment','go_back','Go back','2023-11-15 03:06:34','2023-11-15 03:06:34'),(3142,1,'en','plugins/payment/payment','information','Information','2023-11-15 03:06:34','2023-11-15 03:06:34'),(3143,1,'en','plugins/payment/payment','methods.paypal','PayPal','2023-11-15 03:06:34','2023-11-15 03:06:34'),(3144,1,'en','plugins/payment/payment','methods.cod','Cash on delivery (COD)','2023-11-15 03:06:34','2023-11-15 03:06:34'),(3145,1,'en','plugins/payment/payment','methods.bank_transfer','Bank transfer','2023-11-15 03:06:34','2023-11-15 03:06:34'),(3146,1,'en','plugins/payment/payment','statuses.pending','Pending','2023-11-15 03:06:34','2023-11-15 03:06:34'),(3147,1,'en','plugins/payment/payment','statuses.completed','Completed','2023-11-15 03:06:34','2023-11-15 03:06:34'),(3148,1,'en','plugins/payment/payment','statuses.refunding','Refunding','2023-11-15 03:06:34','2023-11-15 03:06:34'),(3149,1,'en','plugins/payment/payment','statuses.refunded','Refunded','2023-11-15 03:06:34','2023-11-15 03:06:34'),(3150,1,'en','plugins/payment/payment','statuses.fraud','Fraud','2023-11-15 03:06:34','2023-11-15 03:06:34'),(3151,1,'en','plugins/payment/payment','statuses.failed','Failed','2023-11-15 03:06:34','2023-11-15 03:06:34'),(3152,1,'en','plugins/payment/payment','payment_methods_instruction','Guide customers to pay directly. You can choose to pay by delivery or bank transfer','2023-11-15 03:06:34','2023-11-15 03:06:34'),(3153,1,'en','plugins/payment/payment','payment_method_description','Payment guide - (Displayed on the notice of successful purchase and payment page)','2023-11-15 03:06:34','2023-11-15 03:06:34'),(3154,1,'en','plugins/payment/payment','payment_via_cod','Cash on delivery (COD)','2023-11-15 03:06:34','2023-11-15 03:06:34'),(3155,1,'en','plugins/payment/payment','payment_via_bank_transfer','Bank transfer','2023-11-15 03:06:34','2023-11-15 03:06:34'),(3156,1,'en','plugins/payment/payment','payment_pending','Checkout successfully. Your payment is pending and will be checked by our staff.','2023-11-15 03:06:34','2023-11-15 03:06:34'),(3157,1,'en','plugins/payment/payment','created_at','Created At','2023-11-15 03:06:34','2023-11-15 03:06:34'),(3158,1,'en','plugins/payment/payment','payment_channel','Payment Channel','2023-11-15 03:06:34','2023-11-15 03:06:34'),(3159,1,'en','plugins/payment/payment','total','Total','2023-11-15 03:06:34','2023-11-15 03:06:34'),(3160,1,'en','plugins/payment/payment','status','Status','2023-11-15 03:06:34','2023-11-15 03:06:34'),(3161,1,'en','plugins/payment/payment','default_payment_method','Default payment method','2023-11-15 03:06:34','2023-11-15 03:06:34'),(3162,1,'en','plugins/payment/payment','turn_off_success','Turn off payment method successfully!','2023-11-15 03:06:34','2023-11-15 03:06:34'),(3163,1,'en','plugins/payment/payment','saved_payment_method_success','Saved payment method successfully!','2023-11-15 03:06:34','2023-11-15 03:06:34'),(3164,1,'en','plugins/payment/payment','saved_payment_settings_success','Saved payment settings successfully!','2023-11-15 03:06:34','2023-11-15 03:06:34'),(3165,1,'en','plugins/payment/payment','payment_name','Name','2023-11-15 03:06:34','2023-11-15 03:06:34'),(3166,1,'en','plugins/payment/payment','payment_not_found','Payment not found!','2023-11-15 03:06:34','2023-11-15 03:06:34'),(3167,1,'en','plugins/payment/payment','refunds.title','Refunds','2023-11-15 03:06:34','2023-11-15 03:06:34'),(3168,1,'en','plugins/payment/payment','refunds.id','ID','2023-11-15 03:06:34','2023-11-15 03:06:34'),(3169,1,'en','plugins/payment/payment','refunds.breakdowns','Breakdowns','2023-11-15 03:06:34','2023-11-15 03:06:34'),(3170,1,'en','plugins/payment/payment','refunds.gross_amount','Gross amount','2023-11-15 03:06:34','2023-11-15 03:06:34'),(3171,1,'en','plugins/payment/payment','refunds.paypal_fee','PayPal fee','2023-11-15 03:06:34','2023-11-15 03:06:34'),(3172,1,'en','plugins/payment/payment','refunds.net_amount','Net amount','2023-11-15 03:06:34','2023-11-15 03:06:34'),(3173,1,'en','plugins/payment/payment','refunds.total_refunded_amount','Total refunded amount','2023-11-15 03:06:34','2023-11-15 03:06:34'),(3174,1,'en','plugins/payment/payment','refunds.create_time','Create time','2023-11-15 03:06:34','2023-11-15 03:06:34'),(3175,1,'en','plugins/payment/payment','refunds.update_time','Update time','2023-11-15 03:06:34','2023-11-15 03:06:34'),(3176,1,'en','plugins/payment/payment','refunds.status','Status','2023-11-15 03:06:34','2023-11-15 03:06:34'),(3177,1,'en','plugins/payment/payment','refunds.description','Description','2023-11-15 03:06:34','2023-11-15 03:06:34'),(3178,1,'en','plugins/payment/payment','refunds.refunded_at','Refunded at','2023-11-15 03:06:34','2023-11-15 03:06:34'),(3179,1,'en','plugins/payment/payment','refunds.error_message','Error message','2023-11-15 03:06:34','2023-11-15 03:06:34'),(3180,1,'en','plugins/payment/payment','view_response_source','View response source','2023-11-15 03:06:34','2023-11-15 03:06:34'),(3181,1,'en','plugins/payment/payment','status_is_not_completed','Status is not COMPLETED','2023-11-15 03:06:34','2023-11-15 03:06:34'),(3182,1,'en','plugins/payment/payment','cannot_found_capture_id','Can not found capture id with payment detail','2023-11-15 03:06:34','2023-11-15 03:06:34'),(3183,1,'en','plugins/payment/payment','amount_refunded','Amount refunded','2023-11-15 03:06:34','2023-11-15 03:06:34'),(3184,1,'en','plugins/payment/payment','amount_remaining','Amount remaining','2023-11-15 03:06:34','2023-11-15 03:06:34'),(3185,1,'en','plugins/payment/payment','paid_at','Paid At','2023-11-15 03:06:34','2023-11-15 03:06:34'),(3186,1,'en','plugins/payment/payment','invalid_settings','Settings for :name are invalid!','2023-11-15 03:06:34','2023-11-15 03:06:34'),(3187,1,'en','plugins/payment/payment','view_transaction','Transaction \":charge_id\"','2023-11-15 03:06:34','2023-11-15 03:06:34'),(3188,1,'en','plugins/payment/payment','payment_description','Pay for your order #:order_id at :site_url','2023-11-15 03:06:34','2023-11-15 03:06:34'),(3189,1,'en','plugins/shippo/shippo','name','Shippo','2023-11-15 03:06:34','2023-11-15 03:06:34'),(3190,1,'en','plugins/shippo/shippo','description','All of the Carriers and Stores You Need','2023-11-15 03:06:34','2023-11-15 03:06:34'),(3191,1,'en','plugins/shippo/shippo','note_0','Before activating, please read the instructions below','2023-11-15 03:06:34','2023-11-15 03:06:34'),(3192,1,'en','plugins/shippo/shippo','note_1','Need to use cities, states, countries from Admin -> Locations, <a href=\":link\" target=\"_blank\" rel=\"noopener noreferrer\">:link</a>','2023-11-15 03:06:34','2023-11-15 03:06:34'),(3193,1,'en','plugins/shippo/shippo','note_2','Enabled \"Load countries, states, cities from plugin location?\" and \"Enable Zip Code?\" for Shippo to work correctly','2023-11-15 03:06:34','2023-11-15 03:06:34'),(3194,1,'en','plugins/shippo/shippo','note_3','Update city, state, country with location plugin data, enter and check the address and zip code in \"<a href=\":link\" target=\"_blank\">Basic information</a>\"','2023-11-15 03:06:34','2023-11-15 03:06:34'),(3195,1,'en','plugins/shippo/shippo','note_4','Vendor needs to update Company & Zip Code. Update city, state, country with location plugin data','2023-11-15 03:06:34','2023-11-15 03:06:34'),(3196,1,'en','plugins/shippo/shippo','note_5','Shippo only allows to create transactions with shipment/rate within 24 hours, if more than 24 hours, please update the rate again','2023-11-15 03:06:34','2023-11-15 03:06:34'),(3197,1,'en','plugins/shippo/shippo','note_6','COD payment method refer <a href=\":link\" target=\"_blank\" rel=\"noopener noreferrer\">here</a>','2023-11-15 03:06:34','2023-11-15 03:06:34'),(3198,1,'en','plugins/shippo/shippo','configuration_instruction','Configuration instruction for :name','2023-11-15 03:06:34','2023-11-15 03:06:34'),(3199,1,'en','plugins/shippo/shippo','configuration_requirement','To use :name, you need','2023-11-15 03:06:34','2023-11-15 03:06:34'),(3200,1,'en','plugins/shippo/shippo','service_registration','Register with :name','2023-11-15 03:06:34','2023-11-15 03:06:34'),(3201,1,'en','plugins/shippo/shippo','after_service_registration_msg','After registration at :name, you will have API Key','2023-11-15 03:06:34','2023-11-15 03:06:34'),(3202,1,'en','plugins/shippo/shippo','enter_api_key','Enter API Key into the box in right hand','2023-11-15 03:06:34','2023-11-15 03:06:34'),(3203,1,'en','plugins/shippo/shippo','please_provide_information','Please provide information','2023-11-15 03:06:34','2023-11-15 03:06:34'),(3204,1,'en','plugins/shippo/shippo','sandbox_mode','Test mode','2023-11-15 03:06:34','2023-11-15 03:06:34'),(3205,1,'en','plugins/shippo/shippo','activate','Activate','2023-11-15 03:06:34','2023-11-15 03:06:34'),(3206,1,'en','plugins/shippo/shippo','disabled_in_demo_mode','You cannot update Shippo settings in demo mode!','2023-11-15 03:06:34','2023-11-15 03:06:34'),(3207,1,'en','plugins/shippo/shippo','parcel','Parcel','2023-11-15 03:06:34','2023-11-15 03:06:34'),(3208,1,'en','plugins/shippo/shippo','estimated_days','Estimated delivery in :day day(s)','2023-11-15 03:06:34','2023-11-15 03:06:34'),(3209,1,'en','plugins/shippo/shippo','from_address','From address','2023-11-15 03:06:34','2023-11-15 03:06:34'),(3210,1,'en','plugins/shippo/shippo','to_address','To address','2023-11-15 03:06:34','2023-11-15 03:06:34'),(3211,1,'en','plugins/shippo/shippo','check_validate_token','Check validate token?','2023-11-15 03:06:34','2023-11-15 03:06:34'),(3212,1,'en','plugins/shippo/shippo','saved_shipping_settings_success','Saved settings successfully!','2023-11-15 03:06:34','2023-11-15 03:06:34'),(3213,1,'en','plugins/shippo/shippo','token_name_is_required',':name is required for the integration to work','2023-11-15 03:06:34','2023-11-15 03:06:34'),(3214,1,'en','plugins/shippo/shippo','token_name_is_invalid',':name is invalid','2023-11-15 03:06:34','2023-11-15 03:06:34'),(3215,1,'en','plugins/shippo/shippo','live_api_token','Live API Token','2023-11-15 03:06:34','2023-11-15 03:06:34'),(3216,1,'en','plugins/shippo/shippo','test_api_token','Test API Token','2023-11-15 03:06:35','2023-11-15 03:06:35'),(3217,1,'en','plugins/shippo/shippo','print_label','Print label','2023-11-15 03:06:35','2023-11-15 03:06:35'),(3218,1,'en','plugins/shippo/shippo','transaction.created','Created transaction #:tracking','2023-11-15 03:06:35','2023-11-15 03:06:35'),(3219,1,'en','plugins/shippo/shippo','transaction.view_and_create','View and Create transaction','2023-11-15 03:06:35','2023-11-15 03:06:35'),(3220,1,'en','plugins/shippo/shippo','transaction.create','Create transaction','2023-11-15 03:06:35','2023-11-15 03:06:35'),(3221,1,'en','plugins/shippo/shippo','transaction.created_success','Created transaction successfully!','2023-11-15 03:06:35','2023-11-15 03:06:35'),(3222,1,'en','plugins/shippo/shippo','transaction.updated','Updated transaction #:tracking','2023-11-15 03:06:35','2023-11-15 03:06:35'),(3223,1,'en','plugins/shippo/shippo','tracking.updated','Updated tracking #:tracking','2023-11-15 03:06:35','2023-11-15 03:06:35'),(3224,1,'en','plugins/shippo/shippo','tracking.statuses.pre_transit','The label is created but before the package is dropped off or picked up by the carrier.','2023-11-15 03:06:35','2023-11-15 03:06:35'),(3225,1,'en','plugins/shippo/shippo','tracking.statuses.transit','The package has been scanned by the carrier and is in transit.','2023-11-15 03:06:35','2023-11-15 03:06:35'),(3226,1,'en','plugins/shippo/shippo','tracking.statuses.delivered','The package has been successfully delivered.','2023-11-15 03:06:35','2023-11-15 03:06:35'),(3227,1,'en','plugins/shippo/shippo','tracking.statuses.returned','The package is en route to be returned to the sender, or has been returned successfully.','2023-11-15 03:06:35','2023-11-15 03:06:35'),(3228,1,'en','plugins/shippo/shippo','tracking.statuses.failure','The carrier indicated that there has been an issue with the delivery. This can happen for various reasons and depends on the carrier. This status does not indicate a technical, but a delivery issue.','2023-11-15 03:06:35','2023-11-15 03:06:35'),(3229,1,'en','plugins/shippo/shippo','tracking.statuses.unknown','The package has not been found via the carrier’s tracking system.','2023-11-15 03:06:35','2023-11-15 03:06:35'),(3230,1,'en','plugins/shippo/shippo','view_other_exchange_rates','View :count other exchange rates','2023-11-15 03:06:35','2023-11-15 03:06:35'),(3231,1,'en','plugins/shippo/shippo','carrier_could_not_be_found','The carrier for which the order was selected could not be found','2023-11-15 03:06:35','2023-11-15 03:06:35'),(3232,1,'en','plugins/shippo/shippo','update_rate','Update rate','2023-11-15 03:06:35','2023-11-15 03:06:35'),(3233,1,'en','plugins/shippo/shippo','updated_rate_success','Created rate successfully!','2023-11-15 03:06:35','2023-11-15 03:06:35'),(3234,1,'en','plugins/shippo/shippo','recheck_rate','Recheck rate','2023-11-15 03:06:35','2023-11-15 03:06:35'),(3235,1,'en','plugins/shippo/shippo','shipment_object_id_not_found','No matching shipping #:id information found','2023-11-15 03:06:35','2023-11-15 03:06:35'),(3236,1,'en','plugins/shippo/shippo','order_amount','Order amount','2023-11-15 03:06:35','2023-11-15 03:06:35'),(3237,1,'en','plugins/shippo/shippo','logging','Logging?','2023-11-15 03:06:35','2023-11-15 03:06:35'),(3238,1,'en','plugins/shippo/shippo','webhooks','Webhooks?','2023-11-15 03:06:35','2023-11-15 03:06:35'),(3239,1,'en','plugins/shippo/shippo','cache_response','Cache response?','2023-11-15 03:06:35','2023-11-15 03:06:35'),(3240,1,'en','plugins/shippo/shippo','not_available_in_cod_payment_method','Shippo options won\'t be shown if the selected payment method is COD!','2023-11-15 03:06:35','2023-11-15 03:06:35'),(3241,1,'en','plugins/simple-slider/simple-slider','create','New slider','2023-11-15 03:06:35','2023-11-15 03:06:35'),(3242,1,'en','plugins/simple-slider/simple-slider','menu','Simple sliders','2023-11-15 03:06:35','2023-11-15 03:06:35'),(3243,1,'en','plugins/simple-slider/simple-slider','settings.title','Simple sliders','2023-11-15 03:06:35','2023-11-15 03:06:35'),(3244,1,'en','plugins/simple-slider/simple-slider','settings.description','Settings for Simple sliders','2023-11-15 03:06:35','2023-11-15 03:06:35'),(3245,1,'en','plugins/simple-slider/simple-slider','settings.using_assets','Using default assets?','2023-11-15 03:06:35','2023-11-15 03:06:35'),(3246,1,'en','plugins/simple-slider/simple-slider','settings.using_assets_description','If using assets option is enabled then below scripts will be auto added to front site.','2023-11-15 03:06:35','2023-11-15 03:06:35'),(3247,1,'en','plugins/simple-slider/simple-slider','add_new','Add new','2023-11-15 03:06:35','2023-11-15 03:06:35'),(3248,1,'en','plugins/simple-slider/simple-slider','save_sorting','Save sorting','2023-11-15 03:06:35','2023-11-15 03:06:35'),(3249,1,'en','plugins/simple-slider/simple-slider','key','Key','2023-11-15 03:06:35','2023-11-15 03:06:35'),(3250,1,'en','plugins/simple-slider/simple-slider','slide_items','Slide Items','2023-11-15 03:06:35','2023-11-15 03:06:35'),(3251,1,'en','plugins/simple-slider/simple-slider','update_slide_position_success','Updated slide position successfully!','2023-11-15 03:06:35','2023-11-15 03:06:35'),(3252,1,'en','plugins/simple-slider/simple-slider','create_new_slide','Create a new slide','2023-11-15 03:06:35','2023-11-15 03:06:35'),(3253,1,'en','plugins/simple-slider/simple-slider','edit_slide','Edit slide #:id','2023-11-15 03:06:35','2023-11-15 03:06:35'),(3254,1,'en','plugins/simple-slider/simple-slider','simple_slider_shortcode_name','Simple slider','2023-11-15 03:06:35','2023-11-15 03:06:35'),(3255,1,'en','plugins/simple-slider/simple-slider','simple_slider_shortcode_description','Add a simple slider','2023-11-15 03:06:35','2023-11-15 03:06:35'),(3256,1,'en','plugins/simple-slider/simple-slider','select_slider','Select a slider','2023-11-15 03:06:35','2023-11-15 03:06:35'),(3257,1,'en','plugins/social-login/social-login','settings.title','Social Login settings','2023-11-15 03:06:35','2023-11-15 03:06:35'),(3258,1,'en','plugins/social-login/social-login','settings.description','Configure social login options','2023-11-15 03:06:35','2023-11-15 03:06:35'),(3259,1,'en','plugins/social-login/social-login','settings.facebook.title','Facebook login settings','2023-11-15 03:06:35','2023-11-15 03:06:35'),(3260,1,'en','plugins/social-login/social-login','settings.facebook.description','Enable/disable & configure app credentials for Facebook login','2023-11-15 03:06:35','2023-11-15 03:06:35'),(3261,1,'en','plugins/social-login/social-login','settings.facebook.app_id','App ID','2023-11-15 03:06:35','2023-11-15 03:06:35'),(3262,1,'en','plugins/social-login/social-login','settings.facebook.app_secret','App Secret','2023-11-15 03:06:35','2023-11-15 03:06:35'),(3263,1,'en','plugins/social-login/social-login','settings.facebook.helper','Please go to https://developers.facebook.com to create new app update App ID, App Secret. Callback URL is :callback','2023-11-15 03:06:35','2023-11-15 03:06:35'),(3264,1,'en','plugins/social-login/social-login','settings.google.title','Google login settings','2023-11-15 03:06:35','2023-11-15 03:06:35'),(3265,1,'en','plugins/social-login/social-login','settings.google.description','Enable/disable & configure app credentials for Google login','2023-11-15 03:06:35','2023-11-15 03:06:35'),(3266,1,'en','plugins/social-login/social-login','settings.google.app_id','App ID','2023-11-15 03:06:35','2023-11-15 03:06:35'),(3267,1,'en','plugins/social-login/social-login','settings.google.app_secret','App Secret','2023-11-15 03:06:35','2023-11-15 03:06:35'),(3268,1,'en','plugins/social-login/social-login','settings.google.helper','Please go to https://console.developers.google.com/apis/dashboard to create new app update App ID, App Secret. Callback URL is :callback','2023-11-15 03:06:35','2023-11-15 03:06:35'),(3269,1,'en','plugins/social-login/social-login','settings.github.title','Github login settings','2023-11-15 03:06:35','2023-11-15 03:06:35'),(3270,1,'en','plugins/social-login/social-login','settings.github.description','Enable/disable & configure app credentials for Github login','2023-11-15 03:06:35','2023-11-15 03:06:35'),(3271,1,'en','plugins/social-login/social-login','settings.github.app_id','App ID','2023-11-15 03:06:35','2023-11-15 03:06:35'),(3272,1,'en','plugins/social-login/social-login','settings.github.app_secret','App Secret','2023-11-15 03:06:35','2023-11-15 03:06:35'),(3273,1,'en','plugins/social-login/social-login','settings.github.helper','Please go to https://github.com/settings/developers to create new app update App ID, App Secret. Callback URL is :callback','2023-11-15 03:06:35','2023-11-15 03:06:35'),(3274,1,'en','plugins/social-login/social-login','settings.linkedin.title','Linkedin login settings','2023-11-15 03:06:35','2023-11-15 03:06:35'),(3275,1,'en','plugins/social-login/social-login','settings.linkedin.description','Enable/disable & configure app credentials for Linkedin login','2023-11-15 03:06:35','2023-11-15 03:06:35'),(3276,1,'en','plugins/social-login/social-login','settings.linkedin.app_id','App ID','2023-11-15 03:06:35','2023-11-15 03:06:35'),(3277,1,'en','plugins/social-login/social-login','settings.linkedin.app_secret','App Secret','2023-11-15 03:06:35','2023-11-15 03:06:35'),(3278,1,'en','plugins/social-login/social-login','settings.linkedin.helper','Please go to https://www.linkedin.com/developers/apps/new to create new app update App ID, App Secret. Callback URL is :callback','2023-11-15 03:06:35','2023-11-15 03:06:35'),(3279,1,'en','plugins/social-login/social-login','settings.enable','Enable?','2023-11-15 03:06:35','2023-11-15 03:06:35'),(3280,1,'en','plugins/social-login/social-login','menu','Social Login','2023-11-15 03:06:35','2023-11-15 03:06:35'),(3281,1,'en','plugins/translation/translation','translations','Translations','2023-11-15 03:06:35','2023-11-15 03:06:35'),(3282,1,'en','plugins/translation/translation','translations_description','Translate all words in system.','2023-11-15 03:06:35','2023-11-15 03:06:35'),(3283,1,'en','plugins/translation/translation','export_warning','Warning, translations are not visible until they are exported back to lang folder. Please use \"Publish translations\" button to apply changes.','2023-11-15 03:06:35','2023-11-15 03:06:35'),(3284,1,'en','plugins/translation/translation','import_done','Done importing, processed :counter items! Reload this page to refresh the groups!','2023-11-15 03:06:35','2023-11-15 03:06:35'),(3285,1,'en','plugins/translation/translation','translation_manager','Translations Manager','2023-11-15 03:06:35','2023-11-15 03:06:35'),(3286,1,'en','plugins/translation/translation','done_publishing','Done publishing the translations for group','2023-11-15 03:06:35','2023-11-15 03:06:35'),(3287,1,'en','plugins/translation/translation','append_translation','Append new translations','2023-11-15 03:06:35','2023-11-15 03:06:35'),(3288,1,'en','plugins/translation/translation','replace_translation','Replace existing translations','2023-11-15 03:06:35','2023-11-15 03:06:35'),(3289,1,'en','plugins/translation/translation','import_group','Import group','2023-11-15 03:06:35','2023-11-15 03:06:35'),(3290,1,'en','plugins/translation/translation','confirm_publish_group','Are you sure you want to publish the translations group \":group\"? This will overwrite existing language files.','2023-11-15 03:06:35','2023-11-15 03:06:35'),(3291,1,'en','plugins/translation/translation','publish_translations','Publish translations','2023-11-15 03:06:35','2023-11-15 03:06:35'),(3292,1,'en','plugins/translation/translation','back','Back','2023-11-15 03:06:35','2023-11-15 03:06:35'),(3293,1,'en','plugins/translation/translation','edit_title','Enter translation','2023-11-15 03:06:35','2023-11-15 03:06:35'),(3294,1,'en','plugins/translation/translation','choose_group_msg','Choose a group to display the group translations. If no groups are visible, make sure you have imported the translations.','2023-11-15 03:06:35','2023-11-15 03:06:35'),(3295,1,'en','plugins/translation/translation','choose_a_group','Choose a group','2023-11-15 03:06:35','2023-11-15 03:06:35'),(3296,1,'en','plugins/translation/translation','locales','Locales','2023-11-15 03:06:35','2023-11-15 03:06:35'),(3297,1,'en','plugins/translation/translation','theme-translations','Theme translations','2023-11-15 03:06:35','2023-11-15 03:06:35'),(3298,1,'en','plugins/translation/translation','admin-translations','Other translations','2023-11-15 03:06:35','2023-11-15 03:06:35'),(3299,1,'en','plugins/translation/translation','translate_from','Translate from','2023-11-15 03:06:35','2023-11-15 03:06:35'),(3300,1,'en','plugins/translation/translation','to','to','2023-11-15 03:06:35','2023-11-15 03:06:35'),(3301,1,'en','plugins/translation/translation','no_other_languages','No other language to translate!','2023-11-15 03:06:35','2023-11-15 03:06:35'),(3302,1,'en','plugins/translation/translation','edit','Edit','2023-11-15 03:06:35','2023-11-15 03:06:35'),(3303,1,'en','plugins/translation/translation','locale','Locale','2023-11-15 03:06:35','2023-11-15 03:06:35'),(3304,1,'en','plugins/translation/translation','locale_placeholder','Ex: en','2023-11-15 03:06:35','2023-11-15 03:06:35'),(3305,1,'en','plugins/translation/translation','name','Name','2023-11-15 03:06:35','2023-11-15 03:06:35'),(3306,1,'en','plugins/translation/translation','default_locale','Default locale?','2023-11-15 03:06:35','2023-11-15 03:06:35'),(3307,1,'en','plugins/translation/translation','actions','Actions','2023-11-15 03:06:35','2023-11-15 03:06:35'),(3308,1,'en','plugins/translation/translation','choose_language','Choose language','2023-11-15 03:06:35','2023-11-15 03:06:35'),(3309,1,'en','plugins/translation/translation','add_new_language','Add new language','2023-11-15 03:06:35','2023-11-15 03:06:35'),(3310,1,'en','plugins/translation/translation','select_language','Select language','2023-11-15 03:06:35','2023-11-15 03:06:35'),(3311,1,'en','plugins/translation/translation','flag','Flag','2023-11-15 03:06:35','2023-11-15 03:06:35'),(3312,1,'en','plugins/translation/translation','folder_is_not_writeable','Cannot write files! Folder :lang_path is not writable. Please chmod to make it writable!','2023-11-15 03:06:35','2023-11-15 03:06:35'),(3313,1,'en','plugins/translation/translation','delete','Delete','2023-11-15 03:06:35','2023-11-15 03:06:35'),(3314,1,'en','plugins/translation/translation','confirm_delete_message','Do you really want to delete this locale? It will delete all files/folders for this local in :lang_path!','2023-11-15 03:06:36','2023-11-15 03:06:36'),(3315,1,'en','plugins/translation/translation','download','Download','2023-11-15 03:06:36','2023-11-15 03:06:36'),(3316,1,'en','plugins/translation/translation','select_locale','Select locale','2023-11-15 03:06:36','2023-11-15 03:06:36'),(3317,1,'en','plugins/translation/translation','theme_translations_instruction','Click on text to translate. Do NOT translate variables, Eg. :username, :query, :link...','2023-11-15 03:06:36','2023-11-15 03:06:36'),(3318,1,'en','plugins/translation/translation','import_available_locale','Or import available locale from our GitHub repository','2023-11-15 03:06:36','2023-11-15 03:06:36'),(3319,1,'en','plugins/translation/translation','add_new_locale','Add new locale','2023-11-15 03:06:36','2023-11-15 03:06:36'),(3320,1,'en','plugins/translation/translation','download_locale','Download locale','2023-11-15 03:06:36','2023-11-15 03:06:36'),(3321,1,'en','plugins/translation/translation','import_available_locale_confirmation','Download locale from GitHub','2023-11-15 03:06:36','2023-11-15 03:06:36'),(3322,1,'en','plugins/translation/translation','import_available_locale_confirmation_content','Are you sure you want to download this locale? It will be downloaded into :lang_path, you can delete it later if you want.','2023-11-15 03:06:36','2023-11-15 03:06:36'),(3323,1,'en','plugins/translation/translation','is_default','Is default?','2023-11-15 03:06:36','2023-11-15 03:06:36');
/*!40000 ALTER TABLE `translations` ENABLE KEYS */;
UNLOCK TABLES;

--
-- Table structure for table `user_meta`
--

DROP TABLE IF EXISTS `user_meta`;
/*!40101 SET @saved_cs_client     = @@character_set_client */;
/*!50503 SET character_set_client = utf8mb4 */;
CREATE TABLE `user_meta` (
  `id` bigint unsigned NOT NULL AUTO_INCREMENT,
  `key` varchar(191) COLLATE utf8mb4_unicode_ci DEFAULT NULL,
  `value` varchar(191) COLLATE utf8mb4_unicode_ci DEFAULT NULL,
  `user_id` bigint unsigned NOT NULL,
  `created_at` timestamp NULL DEFAULT NULL,
  `updated_at` timestamp NULL DEFAULT NULL,
  PRIMARY KEY (`id`),
  KEY `user_meta_user_id_index` (`user_id`)
) ENGINE=InnoDB DEFAULT CHARSET=utf8mb4 COLLATE=utf8mb4_unicode_ci;
/*!40101 SET character_set_client = @saved_cs_client */;

--
-- Dumping data for table `user_meta`
--

LOCK TABLES `user_meta` WRITE;
/*!40000 ALTER TABLE `user_meta` DISABLE KEYS */;
/*!40000 ALTER TABLE `user_meta` ENABLE KEYS */;
UNLOCK TABLES;

--
-- Table structure for table `users`
--

DROP TABLE IF EXISTS `users`;
/*!40101 SET @saved_cs_client     = @@character_set_client */;
/*!50503 SET character_set_client = utf8mb4 */;
CREATE TABLE `users` (
  `id` bigint unsigned NOT NULL AUTO_INCREMENT,
  `email` varchar(191) COLLATE utf8mb4_unicode_ci NOT NULL,
  `email_verified_at` timestamp NULL DEFAULT NULL,
  `password` varchar(191) COLLATE utf8mb4_unicode_ci DEFAULT NULL,
  `remember_token` varchar(100) COLLATE utf8mb4_unicode_ci DEFAULT NULL,
  `created_at` timestamp NULL DEFAULT NULL,
  `updated_at` timestamp NULL DEFAULT NULL,
  `first_name` varchar(191) COLLATE utf8mb4_unicode_ci DEFAULT NULL,
  `last_name` varchar(191) COLLATE utf8mb4_unicode_ci DEFAULT NULL,
  `username` varchar(60) COLLATE utf8mb4_unicode_ci DEFAULT NULL,
  `avatar_id` bigint unsigned DEFAULT NULL,
  `super_user` tinyint(1) NOT NULL DEFAULT '0',
  `manage_supers` tinyint(1) NOT NULL DEFAULT '0',
  `permissions` text COLLATE utf8mb4_unicode_ci,
  `last_login` timestamp NULL DEFAULT NULL,
  PRIMARY KEY (`id`),
  UNIQUE KEY `users_email_unique` (`email`),
  UNIQUE KEY `users_username_unique` (`username`)
) ENGINE=InnoDB AUTO_INCREMENT=3 DEFAULT CHARSET=utf8mb4 COLLATE=utf8mb4_unicode_ci;
/*!40101 SET character_set_client = @saved_cs_client */;

--
-- Dumping data for table `users`
--

LOCK TABLES `users` WRITE;
/*!40000 ALTER TABLE `users` DISABLE KEYS */;
INSERT INTO `users` VALUES (1,'ian.jones@satterfield.com',NULL,'$2y$12$3m2YnjQ3ifOL8V498DxJfOMpiBGvwbzW04G.74EZ.Ra0OlhUNc/NW',NULL,'2023-11-15 03:06:00','2023-11-15 03:06:00','Josie','Smith','botble',NULL,1,1,NULL,NULL),(2,'greenfelder.idell@jenkins.com',NULL,'$2y$12$rex06ICx9a2lPAsZ2qP1MeH1XaUxQLkD.qwOYw0k2njm2laT.ztda',NULL,'2023-11-15 03:06:00','2023-11-15 03:06:00','Salma','Hudson','admin',NULL,1,1,NULL,NULL);
/*!40000 ALTER TABLE `users` ENABLE KEYS */;
UNLOCK TABLES;

--
-- Table structure for table `widgets`
--

DROP TABLE IF EXISTS `widgets`;
/*!40101 SET @saved_cs_client     = @@character_set_client */;
/*!50503 SET character_set_client = utf8mb4 */;
CREATE TABLE `widgets` (
  `id` bigint unsigned NOT NULL AUTO_INCREMENT,
  `widget_id` varchar(120) COLLATE utf8mb4_unicode_ci NOT NULL,
  `sidebar_id` varchar(120) COLLATE utf8mb4_unicode_ci NOT NULL,
  `theme` varchar(120) COLLATE utf8mb4_unicode_ci NOT NULL,
  `position` tinyint unsigned NOT NULL DEFAULT '0',
  `data` text COLLATE utf8mb4_unicode_ci,
  `created_at` timestamp NULL DEFAULT NULL,
  `updated_at` timestamp NULL DEFAULT NULL,
  PRIMARY KEY (`id`)
) ENGINE=InnoDB AUTO_INCREMENT=2 DEFAULT CHARSET=utf8mb4 COLLATE=utf8mb4_unicode_ci;
/*!40101 SET character_set_client = @saved_cs_client */;

--
-- Dumping data for table `widgets`
--

LOCK TABLES `widgets` WRITE;
/*!40000 ALTER TABLE `widgets` DISABLE KEYS */;
INSERT INTO `widgets` VALUES (1,'CustomMenuWidget','footer_sidebar','september',1,'{\"id\":\"CustomMenuWidget\",\"name\":\"Customer services\",\"menu_id\":\"customer-services\"}','2023-11-15 03:06:01','2023-11-15 03:06:01');
/*!40000 ALTER TABLE `widgets` ENABLE KEYS */;
UNLOCK TABLES;
/*!40103 SET TIME_ZONE=@OLD_TIME_ZONE */;

/*!40101 SET SQL_MODE=@OLD_SQL_MODE */;
/*!40014 SET FOREIGN_KEY_CHECKS=@OLD_FOREIGN_KEY_CHECKS */;
/*!40014 SET UNIQUE_CHECKS=@OLD_UNIQUE_CHECKS */;
/*!40101 SET CHARACTER_SET_CLIENT=@OLD_CHARACTER_SET_CLIENT */;
/*!40101 SET CHARACTER_SET_RESULTS=@OLD_CHARACTER_SET_RESULTS */;
/*!40101 SET COLLATION_CONNECTION=@OLD_COLLATION_CONNECTION */;
/*!40111 SET SQL_NOTES=@OLD_SQL_NOTES */;

-- Dump completed on 2023-11-15 17:06:37
